subject_id,accel_mean,accel_std,gyro_mean,gyro_std,cadence_hz,signal_energy,orientation_change,spectral_entropy,activity
23,1.2523898256594517,0.953674492621187,0.9729624467149783,0.6520446144650729,2.2504026469415006,1.3570083444454915,0.80560373228096,0.619923928521299,stairs
21,1.71483431979324,0.9915957323514707,1.0293716284765106,0.6491794335759035,2.331143829378225,1.5658714313666902,0.7383843316336751,0.7471918577360994,stairs
26,1.4795840428854312,0.7458578950496197,0.7961003149363324,0.42629837999817166,1.2967653850879748,1.2110817312321385,0.6192851074699292,0.4710621706403193,walking
40,0.12602919633122545,0.013325306184270622,0.00839500651404762,0.0,0.06242503798421788,0.3569658937767203,0.10466526079127317,0.3298719033419356,sitting
22,0.12793281809880205,0.0,0.04619650284055062,0.1297452979349754,0.0,0.24160015314297645,0.09524005899206142,0.22635728804673852,sitting
37,0.20100869939576957,0.030405123871223773,0.0,0.0,0.645159122759695,0.10061029260760226,0.12190569893103775,0.20476218292734247,lying
35,1.914000013541234,0.9907093368044557,0.9513108932348309,0.6462019127627728,2.259012201368256,1.3774312519981018,0.6521975352432117,0.7481657198035069,stairs
8,1.1851767699248623,0.6814309975023088,0.9451265296803854,0.4093185235817408,1.754045359967579,1.0789440314353371,0.6246133213901497,0.6475667774366333,walking
19,0.13412528544173732,0.32100574216475797,0.15051817152740235,0.0030826438697258013,0.0,0.3531965949545907,0.11613869825430982,0.4245934194714833,standing
12,1.3960985436531248,0.7172174411836143,0.7632861612530699,0.49206226819699656,1.723310006643411,1.2152619757870329,0.6327786769407843,0.5272467094398622,walking
17,0.36570206597752475,0.11937435401699145,0.022727448219806032,0.0,0.0,0.27237506991933613,0.0,0.22483028530499957,sitting
14,0.17656359873387367,0.10521698475854808,0.08256451986505643,0.0,0.0,0.2555881175086393,0.09362014018240888,0.30112842824751634,sitting
13,0.20351130822109229,0.10459403654060143,0.08863707136896447,0.12314618356820263,0.21184219895180587,0.4625722891363341,0.04764590820239095,0.23544423535069706,sitting
25,0.18071721235310334,0.09877416018463661,0.0152827813670437,0.0,0.0,0.03571387307205236,0.04212566279701882,0.230292489732697,lying
14,1.294153607671638,0.7072635917226161,0.8767119565824553,0.4779809187336199,1.4457576059393484,1.123678012245203,0.48674501379521984,0.5104699744323699,walking
17,0.0,0.0,0.1195109485282447,0.028202752101523988,0.07843727478723797,0.0021839987658363175,0.0,0.3010693034852026,lying
11,1.0465142858080803,0.639698204527474,0.585046430235634,0.5464151144199058,1.6172834581659794,1.1411684568320628,0.6443790131513454,0.415781313303474,walking
3,0.2772709248276955,0.17947820458628416,0.1813164907457654,0.14213274103720824,0.044967057634203535,0.4599417608999431,0.2072535586473202,0.3639524226631195,standing
4,0.24681545614082798,0.19638987440045,0.19826144971031148,0.10465770601866128,0.2903398089257033,0.20358535349781173,0.10662693809327342,0.292820705425975,standing
27,1.8405200102518933,0.9267993964106112,0.9740474244886996,0.5405907584559722,2.6082361729794554,1.583614451791082,0.9049141331666473,0.6342288289706557,stairs
28,1.6900503657514037,0.7866407872782558,0.9212338424391092,0.6122752930748327,2.323516174189131,1.5491539887543755,0.928501901560257,0.551564906387997,stairs
18,1.7171461301267985,0.7772143316683101,1.241488007464539,0.42519272001139063,2.204328648012119,1.4617436644314001,0.7884758171460035,0.565848071513296,stairs
18,0.23077888309689662,0.11948019529284437,0.13451466893536207,0.0,0.0,0.14955215060570565,0.08580461970111258,0.3018182105797966,sitting
26,0.28872963816259756,0.2008013603643213,0.21559112282845744,0.05755802400849752,0.09781296010093372,0.38879370646308453,0.17884828306504424,0.4030604453158382,standing
8,1.6702611074588887,0.882714510521913,1.0392012878396837,0.6566911136661516,2.369534740100358,1.5539802666502347,0.751883429895693,0.6845185807803491,stairs
13,1.3989121664663815,0.7434661494809475,0.7379272971437626,0.49872726814387874,1.6207113200255774,1.225765854663967,0.5636089284623251,0.5989707988316262,walking
4,0.9877787851417539,0.7245390762028373,0.5877406496560549,0.4956866789725164,1.5189609956129417,0.9820804942055728,0.6260369780275808,0.6704706412219613,walking
13,1.2932171473011476,0.847692955925734,1.0000591305906632,0.8654526225488324,2.0903504945714393,1.5141906848077649,0.7297475001132943,0.49245033732897603,stairs
16,0.13659845128787948,0.002126233903182527,0.0,0.0,0.0,0.043328788090403116,0.009752577784108696,0.3897698911005387,lying
6,1.4608754219023514,0.9132241048473893,0.9389653031753398,0.530800954606841,2.1058331738928544,1.5948410540774054,0.6467217136837521,0.6245112485766934,stairs
37,0.9656289984134778,0.6933033303182546,0.8064987932723849,0.43138651321893867,1.7643621571279489,1.1655468003553802,0.7055310924164064,0.5878822725534839,walking
8,1.1856921999395642,0.8111324172370058,0.3960195882141749,0.5496098503520462,1.741303853295364,1.3602281656232562,0.6785101405596918,0.49558301514459824,walking
25,0.1819377619782358,0.1049748864957804,0.0852007224075524,0.0,0.1038457091591328,0.1587892449517562,0.0,0.24251350603017718,lying
31,0.21482340983041764,0.08979445479660322,0.19401660673751225,0.0,0.26376890822970833,0.36870140711924326,0.026255946141061165,0.3570064134684013,standing
27,0.24526866163494843,0.23987748541611345,0.1158099647476219,0.07587727711629275,0.057551599258093764,0.15855139287637382,0.21536139351148662,0.2786421621301417,standing
5,1.4828159593248527,0.6053415806241055,0.9431828390332347,0.3681144535540421,1.11920213087304,1.0333596419418707,0.63244561317599,0.5039264223766122,walking
31,0.05183401581967917,0.25233873002800855,0.13794609624872253,0.0,0.0,0.11051890160521999,0.073335064944437,0.22063152342931786,sitting
25,0.15587542385816205,0.24894988953149522,0.1987160548585204,0.18429373208679464,0.07329118367960821,0.1710276921187679,0.12651010339842067,0.24176705702485152,standing
25,1.4301330798005472,0.8378680066736811,0.9941223460948193,0.6646871513597566,2.1679527249851263,1.6925334854739156,0.7937752299484219,0.6639021134592115,stairs
13,1.1398785305265013,0.8640611154084059,0.7496217977023096,0.4019979862552059,1.420117537417218,1.1346497829559707,0.5460917590638431,0.5331465012530607,walking
39,1.732838002310215,1.035553178109469,1.0543868927667943,0.49656974200896276,2.306260035643898,1.2529581804118624,0.8054669317182565,0.6247934665463183,stairs
4,0.172971624711786,0.02090788614866218,0.08015062595901606,0.251598822431487,0.27885867633428185,0.36829984716769665,0.05996307392279858,0.3282896208319141,standing
13,0.33771261336488884,0.015239185920982362,0.11542172184562946,0.22384148820948363,0.29784827659106805,0.12381914455620302,0.09949704080053098,0.3644126317031548,standing
31,1.6930559026449277,0.9485579254169272,0.9550947202741104,0.5133715849224096,2.3089823537901473,1.374501349659173,0.7314100438932838,0.7399181465191725,stairs
11,0.25894712075496057,0.16570362962905588,0.0455716810364091,0.029465343161232678,0.3443241768964851,0.33186173775172945,0.12648547842586808,0.3759029020206779,standing
18,0.06127348916395255,0.09959370001232679,0.0,0.0,0.03304018568301691,0.0,0.11438418193063268,0.41512664624581586,lying
5,1.8223156452828737,1.022517911240293,1.1460280951710715,0.5346788743347357,2.534944288925036,1.4936916703098664,0.9253259781916714,0.534458657672061,stairs
35,0.191837416506865,0.21753590475111087,0.1678877997200181,0.03225403729946069,0.07583067310387506,0.37285221622885134,0.16742235544219786,0.3267228314925684,sitting
3,0.13343963095876377,0.18168969429944,0.025731135599487504,0.07862068845937314,0.0,0.2869223293992873,0.12245784671771942,0.28815738089450926,sitting
22,0.12003009564279432,0.0,0.17214147979235278,0.0,0.13766306178415255,0.10529295860098055,0.13975747464618682,0.34497675730375255,sitting
39,0.16142960464441541,0.3281834410839236,0.0,0.048214214030781646,0.0,0.3654070052299616,0.18935568176953016,0.359687518128455,standing
22,1.1748224595227579,0.6619880550438205,0.7030508245724576,0.4888932225802325,1.525773738017796,1.2139894952884505,0.7458913135308055,0.611833980928715,walking
25,1.810555018758259,1.036504234712778,1.0361891451237308,0.7054663782095513,1.9275627029945042,1.4215712539758618,0.8313556732219961,0.5039583552540082,stairs
10,0.34661196215409174,0.0,0.025365367761646232,0.10370870296553757,0.0,0.36518925762815607,0.06175218983897507,0.1758205593304636,standing
8,1.6839632035985561,1.0660765741415261,1.1658524895295896,0.49113050135909486,2.2880047175667206,1.5498897799276432,0.6593211871583078,0.6031452204632743,stairs
24,0.21183291617568611,0.1665264590901914,0.0,0.0,0.3914630609001699,0.27865894312007344,0.15904721501247704,0.2960744749714092,lying
2,0.11477352466420583,0.0,0.0,0.17691236744944291,0.1949903445484751,0.0,0.0019087941666960581,0.31698028831478275,lying
13,0.04022359820504809,0.008690481073853756,0.0,0.024991967725868168,0.2442802351170334,0.20298587048692712,0.09335293975151639,0.29307303354152825,lying
8,0.2627742240696296,0.13159443100107376,0.04764445127499283,0.20079522889987766,0.11186488802030384,0.36883811635673047,0.05854232467533598,0.36909174108842735,sitting
35,0.18351399264550558,0.20118726374336382,0.1222906638465936,0.0,0.0,0.0,0.22078056183958686,0.26679345436671725,lying
29,1.475193587710549,0.825757792853398,1.1571238524077747,0.5749476357105346,2.4102496289771116,1.3548808245550683,0.7519473510404666,0.7559167427082597,stairs
27,0.07848778799587214,0.10563092055475781,0.0,0.0,0.0,0.20812605022711922,0.11920401980619139,0.24326135799451398,lying
21,0.21830922108039125,0.2488287589552228,0.14444626625337742,0.11208093728553217,0.12589111694806643,0.10692829606592945,0.0,0.24649239099540704,sitting
7,0.15345574288928776,0.10529384768536673,0.0,0.09554464680718913,0.23644217443272234,0.0,0.05406055721948881,0.2935614934230427,lying
26,0.14681361358210962,0.0,0.0,0.04280702624897291,0.18349436164325542,0.4133214089921777,0.006899186305419663,0.221707908282538,sitting
30,1.229486239269731,0.7561636981657054,0.4866136622220891,0.6385742277539677,1.5637970537398411,1.0683304521342822,0.6229129717858577,0.41183193574619886,walking
30,0.22121690302464853,0.3407413857383505,0.26986085089021195,0.010295867474007007,0.13432927490917057,0.28234923045579907,0.09313869070529035,0.2290378510367982,standing
19,1.1809461041771816,0.6823065231478426,0.7651479937305565,0.3224649865057695,1.6789130618879702,0.9806876039035364,0.6392915408178989,0.5039884905800248,walking
35,1.3919462726483207,0.9515542071477724,1.0138127136627555,0.6054027811621499,2.1138417472832653,1.4598981140825433,0.7553084247670337,0.6795960277868646,stairs
33,1.4063253805095721,0.6277059360945754,0.7885846980950338,0.4265951838878134,1.759811403767237,1.1947052526349153,0.5914891319124972,0.6397794176491932,walking
35,1.402909566928882,0.7593537667941839,0.9066426254432289,0.35737134053358766,1.4926711288003334,0.9547027439338923,0.6730164947494539,0.5254512460283487,walking
34,1.2245192513857184,0.7432616233030982,0.7675097230338069,0.4457499864101586,1.613557337040004,1.3072484014725405,0.684206230290349,0.466859037981693,walking
23,0.0017653553720934495,0.06581961970514233,0.0,0.0,0.0,0.0,0.1148446993802929,0.4134633780031022,lying
8,0.2363558224802355,0.1915827342597455,0.0573560172207029,0.0,0.0,0.2943562641934498,0.1275417389050687,0.38619752249911105,sitting
31,1.2503124435357071,0.8139860879625759,0.8940497307007643,0.49141741206921563,1.724907492144759,1.57130920721173,0.762157139447988,0.5749563280592124,walking
3,1.3026404293062146,0.5987751500714739,0.70891470931008,0.40421576209896914,1.4334039483690404,0.7845735835433938,0.8026485116639148,0.5515299237581178,walking
3,1.5698668845564967,0.9884875821981792,1.0979276799940783,0.5550176410518051,2.1967011147445854,1.394521077441505,0.8534624850868991,0.5186948843128139,stairs
3,2.0491005502067807,1.0140307358257612,0.9938713663618332,0.6828329172426519,2.3854575103220896,1.5576927244586714,0.6884897212256132,0.6883930452094231,stairs
40,0.28597477899535073,0.19504864438580968,0.15405956014302993,0.073159585541181,0.0,0.26490944633657426,0.24473613364789387,0.4502921083842316,standing
20,0.3050134944247186,0.29771294100936985,0.12730639485730322,0.011517000173091367,0.052849825786055085,0.699712179822453,0.14471196571145242,0.3133720545238881,standing
20,0.0067905000739923865,0.026216029488000347,0.022298163671084795,0.08294608216199675,0.2473121512961261,0.20569645775510736,0.08966020684020436,0.3395850878479344,lying
11,0.07441233270868351,0.06561469226425617,0.14365095598098604,0.1629008832714252,0.3904389303447164,0.2699909606746971,0.1023202074313689,0.3391068452347638,sitting
7,0.284326458348291,0.0,0.1231179563523032,0.11883950603619084,0.0,0.38292384861845435,0.09052072896032537,0.25266393017267175,standing
13,0.11711769727127756,0.07559710202212455,0.0,0.08997908709446523,0.09693917998616453,0.016906072691382473,0.08574006514700952,0.2313066546740743,lying
21,1.5239836473683674,0.8717594323201947,1.2069868934143484,0.5285216947755399,2.447984104890052,1.356393119401213,0.7587349705220009,0.6241173374252256,stairs
23,0.4271706833708465,0.04425765360529124,0.17601888113237754,0.1131992675056702,0.0,0.2290420299301102,0.11845728196015863,0.34640943345413816,standing
18,1.3471695850472263,0.5690373308193135,0.5809478243333587,0.6499289812677329,1.4698283867516548,1.1844709184962798,0.5801530103786934,0.5227923938975275,walking
17,0.03322401156845384,0.33552998599448197,0.0024646503224170294,0.0,0.0,0.0999848930737506,0.11276140397881493,0.2952756297259012,lying
10,1.4074044391473617,0.7785114393014395,1.0336155572455419,0.4219040658462076,1.6441221456317068,1.0027015842855018,0.5329419994479707,0.46820095283629104,walking
4,1.3063913747707936,0.7754909493465029,1.1961803752279456,0.5443246517809037,2.439187499221736,1.457648906726962,0.8487118114983907,0.6674448222513206,stairs
14,0.12954789789304572,0.09167527023154824,0.06516470480335573,0.17555339246506707,0.08221662858570408,0.35259663903725325,0.0,0.24903295726150626,sitting
37,0.13401298541409593,0.21361107253840245,0.1063815498715537,0.0,0.008515309042191221,0.12096492067486958,0.14799956056783353,0.3601075403895277,standing
7,1.6329497332183676,0.5856280429941184,0.8303581644650918,0.44327458233052064,1.9615982911377405,1.4311413392851402,0.5755449428450928,0.4782458983135658,walking
14,0.1447836445018817,0.21031434481050898,0.10165282381236472,0.05130207533943722,0.17171572899674992,0.4475506253924248,0.15149253895525464,0.2892714489028751,standing
23,0.17008110015942168,0.2943840998269515,0.12348906014555311,0.0,0.0,0.10869210999614674,0.0661885656130241,0.2803835599392173,lying
38,1.1847706373891629,0.6110491902282057,0.7559708631521345,0.43315550112771667,1.7240676118929465,1.240236424392898,0.5912101290390497,0.48861649510044786,walking
28,0.2477909495616767,0.3141539049950346,0.0,0.0,0.011759899574094602,0.09118830066501232,0.1258328762326741,0.2479651452410463,sitting
13,1.4226397908043373,0.6213414825763712,0.8072374873128343,0.4520944480800808,1.6148667403032322,1.1325329338499577,0.7636057533327117,0.5848859044739386,walking
30,1.0729773243013687,0.708090678083841,0.7404520629334245,0.48043049596160664,1.3475354808985043,0.8464629162131649,0.6214167039580127,0.4647181550234496,walking
1,0.546616341259542,0.24853559198815844,0.1505648617868069,0.0,0.3623254980923116,0.5358905899744657,0.17513820117314632,0.3610407477518722,standing
37,1.3133215177943995,0.874976767192726,0.8261313689025771,0.3645161177196772,1.8448026344530604,1.0002505381495705,0.5386705787993952,0.5321033967159859,walking
5,0.20985176158010949,0.10846955168563711,0.04214987316223233,0.0,0.16467621964961154,0.5575745362775757,0.07835565883591172,0.28739443200228576,standing
27,1.2107810096062457,0.6249797736552838,0.771020757450183,0.41516549503868405,1.2767741631650091,1.3598063084091634,0.608794118777279,0.5426289635575297,walking
4,0.13529197896368308,0.09772670170609594,0.1003745941495035,0.12705745677982835,0.07049246832813373,0.01040797868031762,0.07754477775050622,0.2469140782692673,sitting
26,0.043421799299664034,0.1200600499018058,0.0,0.03056765665493155,0.0,0.340328611796219,0.11820684549861876,0.1917988748887693,lying
30,0.3724949320928572,0.10549311206045935,0.0,0.10140304308151649,0.08626110141487228,0.28170400754718233,0.2762307822104968,0.29205978489296125,sitting
16,0.1034717710803633,0.018379261204058146,0.0,0.0,0.0,0.16099094338875924,0.1160993855410325,0.2316040487781736,lying
27,0.0,0.22323497780830814,0.0937618651301632,0.0,0.0,0.20769496133988388,0.0,0.19642692667424766,lying
15,0.13304597979574587,0.13358043022006785,0.09621433565079779,0.17020602851944688,0.348468357041295,0.32363701046172255,0.026759619208350155,0.2079701747444301,sitting
25,1.6580166050429355,1.0061166036160456,0.8570749721223505,0.7675942197721619,2.0770532315708587,1.4397594776357119,0.6751197186842431,0.6491305109520366,stairs
25,1.2225149685298111,0.8537068296512335,0.8402603127350745,0.5912664410206181,1.570470203397698,1.1112242062440827,0.5525793297954031,0.4588503425910596,walking
27,2.0314778736945995,1.0059304295891747,1.2511436945544716,0.6858603626338421,2.2001600283812888,1.447950122504916,0.831632632947504,0.6793617052429635,stairs
18,1.758706718707213,0.8577000511101773,1.0551920561111676,0.7054565360054177,2.074190006198056,1.475601443141531,1.0412166006976864,0.7371782103727982,stairs
40,0.1651202232360821,0.20161411533819154,0.09231452196301249,0.0,0.016553191430973446,0.07954464919842835,0.1417175174439773,0.27573068718049276,sitting
19,1.457140000430408,0.9462046058256912,1.291632082102581,0.7386395251891403,2.1074276561311684,1.371723802064656,0.8636472667190171,0.7313743755526488,stairs
22,1.1947665535539045,0.7283985700027606,0.577351002052289,0.5995164513177013,1.7708101044564715,0.9360894987227091,0.5898794042805314,0.6348988181739221,walking
31,0.3511207995123434,0.2792944617517199,0.1853615324259807,0.10108971438366143,0.28642690812779725,0.48004438179592673,0.16807363141682283,0.3692039831668067,standing
4,1.322384984113432,0.6859786824342112,0.9003080631168378,0.5946413361544333,1.408047756352749,1.3787738098228466,0.5132653870655457,0.5739037985341294,walking
5,0.8775475975411469,0.5129648703173015,0.9754063741836252,0.6014052993365869,1.6300713855023037,1.0888439179999523,0.7601726433330056,0.42501997170077127,walking
38,0.1854721350358543,0.1980790422444385,0.0865072913357264,0.0,0.3667045390667679,0.17942151987144656,0.15560007715495647,0.2797994498759319,standing
30,0.1523611115675393,0.0,0.0,0.0,0.0,0.023136924368434633,0.07300678389724595,0.26992417832372867,lying
16,0.22029074200754944,0.1095303836985746,0.11711583548585637,0.0022295457978018587,0.0,0.4042869370293086,0.19051696842595434,0.3786301219296856,sitting
10,1.4847501653691977,0.8995999624867125,1.1467076212021046,0.6179561505453782,2.4044442128302843,1.5128721192690249,0.9591800631466885,0.6287053267558865,stairs
14,0.3085583489912782,0.4264870852377942,0.2313309999793659,0.0,0.0,0.2902103350307297,0.06749427944860376,0.28049299058738086,standing
18,0.16607297027931325,0.0416245397731837,0.025643647639522073,0.0,0.0,0.36542953111052523,0.02744211927049868,0.41099967512251023,sitting
32,1.7966267470743933,0.7412501138266371,1.014316442058316,0.5635039957640615,2.3185346286807222,1.3539966680515234,0.7886735670735578,0.6992549149577848,stairs
23,1.2348658201052816,1.0023165088981267,0.6739179847929384,0.6226556173857476,2.1513369422410524,1.3288024790915096,1.0340868282335351,0.5498896091805313,stairs
1,0.04784974619158118,0.10650914202677625,0.07449043463503421,0.14295795797590316,0.0,0.0,0.0474612662179823,0.1515796173163485,lying
11,0.28024539125678516,0.0,0.12635258684358974,0.021213746759597092,0.042080542755836225,0.14730297341327836,0.0,0.27834795222663067,sitting
14,0.08666628286665097,0.06609812326087594,0.0,0.014800246548039358,0.0,0.4812005236995144,0.09917794181774367,0.332390225919893,lying
21,0.0,0.22601748275229194,0.00869875220864616,0.0,0.14866487234683903,0.014869378183539367,0.22854888291512934,0.22987065404663304,lying
39,2.050631972483393,0.9110998733347025,1.1993357768166344,0.6434572173232013,2.267327401097725,1.5371917867955807,0.8938827155100586,0.6261487379656099,stairs
22,0.32998367856552024,0.176264094264199,0.0,0.09956090972317377,0.0,0.12139514102134209,0.11101880398765519,0.43840181570456194,sitting
12,0.21472876716133804,0.21767842151528125,0.11920746723397464,0.049421893405619394,0.2528657708798023,0.22795579170164412,0.03400739171597725,0.3318340731746138,standing
30,1.4107894562391299,0.6518467230680828,0.8076777896706592,0.46727603645219273,1.3284137564982819,1.2501397356698656,0.5034305710052157,0.5169544467761175,walking
36,0.022493973967592888,0.0,0.02737400158824653,0.0,0.0006933725121961339,0.0,0.07031410773118961,0.17756677868331694,lying
8,1.375509880239116,0.7918772314682295,0.789276546869789,0.5981917950410871,1.5100050116845012,0.8233013780768892,0.644169120351744,0.45084506363766125,walking
27,0.0,0.12214224208926436,0.11318541818277972,0.055839075650620656,0.06052498025058936,0.0,0.12474633655915413,0.4460447768644002,lying
14,0.2566554708707419,0.1567088618660126,0.08415814624631343,0.014521935816639187,0.046133414345446634,0.3856881088726721,0.14835181824029042,0.380868031543729,standing
16,1.6545176925967193,0.8128715435580801,1.0529283401664535,0.6036649783956423,1.5691734741850738,1.2291128694899203,0.7568448973017526,0.5230859370302912,walking
10,0.15998047143490168,0.0891333066464393,0.053291754899820735,0.04332018492715583,0.0,0.0,0.0,0.062178072696541936,lying
9,0.06680501314938148,0.024011214999110395,0.04590762403724022,0.0,0.1197387058958618,0.27195935192724985,0.04274979907188356,0.3397700870453808,sitting
29,1.8335440636736298,0.7798106421058256,0.9915033971266562,0.5576686246661553,2.582640415517321,1.4181072055199846,0.7778101865620636,0.6661135015221827,stairs
39,1.6620483953054281,0.6832108449802186,1.0459168036996846,0.6120651890896572,2.2200690314620974,1.1871971603510212,0.8598871424101026,0.689499855114584,stairs
20,1.4085191843650597,0.5492345167760371,0.8210282420811099,0.5156200454559672,1.6123098073909305,1.1545231114636827,0.7512218241456283,0.5871038864789997,walking
6,0.10453610903604632,0.0,0.10361770818260743,0.18218107819486942,0.0,0.0,0.17896068800938292,0.2231767869786608,lying
39,0.9466159429429323,0.7358606797154363,0.7847888079577778,0.34220243339996104,1.598222296529716,1.390127120957744,0.5096945868153339,0.5455747251573533,walking
11,1.8205176291399021,0.9472585364530064,1.4016123340411333,0.6326265622958939,2.1091834032129917,1.4420057968172515,0.848898054881885,0.650346503397812,stairs
17,0.0,0.21557960856384364,0.06628639023574098,0.06414503168645315,0.02637727478403918,0.2624269100268789,0.06874206377295712,0.39293842309693255,sitting
35,1.7031397404985638,0.76060774147365,1.1527111973933004,0.6469609633040461,2.387378890223464,1.298609208639987,0.7554218316111038,0.6860956848025066,stairs
35,1.4358626259586473,0.8939712857477844,0.939707139773491,0.6924387868802448,1.93598218338945,1.5022092490019123,0.7374032475778888,0.6000213717480983,stairs
15,0.28493891909743774,0.1827186327730904,0.13264503041098372,0.015958883160712103,0.0,0.38448208122609584,0.0822285389476754,0.37413945501069,standing
28,0.14339304945906883,0.0,0.05743999652070048,0.10514446616061085,0.0,0.06734333812658183,0.02191682367711046,0.2808772140674248,sitting
2,0.049902627751985784,0.048500172176450106,0.13383186413915402,0.0,0.0,0.0,0.026717611055642763,0.3328184101416296,lying
27,0.3009180123468344,0.19337791887024908,0.10150697908766584,0.06529483803690707,0.0242119583640293,0.2629657819526447,0.15556169252675825,0.2964066206078726,standing
16,0.3502908036376366,0.17766044112296522,0.15991040695553993,0.07956864305221814,0.14095961451776362,0.5053932518806603,0.22138100333225186,0.2199476302633115,standing
32,1.2868722281509568,0.9670156081714698,0.853363619868417,0.7399209965458458,2.43274261158411,1.3989583153853753,0.7885814848323546,0.6535852079892243,stairs
16,0.43887708630224465,0.1689521742058957,0.11762158609153714,0.0702322798048828,0.13416783319409223,0.26075907979605406,0.2458610841274561,0.3416859340875189,standing
32,0.0,0.14556933027179386,0.04642982426232835,0.11318237253117569,0.0,0.0779144117105077,0.0,0.217896081286439,lying
5,1.6040691347342384,0.8709878312743847,0.7123083419336904,0.6179204388700411,2.445541165957379,1.1695602027580816,0.7738581072929495,0.7098103212167904,stairs
32,0.23708312705492302,0.04400893924397685,0.006840382619687613,0.1931841418383539,0.09745544071143225,0.2485186523103775,0.008561477617518937,0.1919775262467428,standing
14,1.3018513883566853,0.7764457853792615,0.8937035748488781,0.5383792006733829,1.6195485289558038,1.203299373670982,0.5985284819922335,0.5353499436724661,walking
17,0.33985849295374004,0.18638150843800758,0.1440980039917169,0.06481911353251493,0.2266980578725146,0.3419818230665456,0.02233221533744502,0.2900338260001897,standing
34,1.163621276105367,0.7247326748249191,1.0954328908424777,0.4169152953623444,1.581935868228041,1.2690941069232624,0.6560949853335507,0.5622457962849885,walking
34,1.155622194984251,0.8722305809625361,0.6469987287296541,0.4681387669951787,1.1791036749572799,1.1364190442171445,0.5362579089267931,0.4973205337348869,walking
15,0.0,0.10080172462325,0.0790046823905276,0.055990347939936284,0.5891148811538122,0.024042812304204547,0.0,0.31603127189733476,lying
25,0.4374324429308085,0.35537924888042033,0.18925125940965315,0.0,0.3321225789542299,0.4662740765369624,0.05586624431979535,0.21935332768890864,standing
18,0.42124432717390875,0.3312843354439884,0.09890028243840748,0.0,0.009200764938534958,0.4273987977803886,0.19319796828454788,0.4213427173417701,standing
28,0.14975106736915464,0.08367719272795456,0.1331824106829056,0.03029681527054921,0.20586398407865183,0.2705790228539593,0.13092553324372858,0.15850421157876335,sitting
9,0.18570588096804608,0.21462918755509205,0.04866898613560977,0.06752346039019388,0.4542822502120595,0.02694289657891051,0.0,0.4362779268923843,lying
2,0.056411443595553945,0.13310397257322334,0.0862261563592708,0.0,0.31954328681092015,0.48185269699592403,0.12322522110691955,0.17530600144695407,lying
38,1.7133316943444408,0.8859837387227623,1.2141391165950683,0.6992364120274215,2.0920221218048516,1.3762762780870987,0.7640431245472246,0.7127308560712596,stairs
20,0.06836602755977429,0.04712419815722083,0.08350591645043454,0.0,0.17320175663321813,0.27924279241282685,0.04833199110016046,0.30488083790124065,sitting
3,0.2563233199019373,0.19555860961107982,0.03811257530008072,0.09053998337280236,0.0,0.14775395249525547,0.11165539830450634,0.3723359366724591,standing
31,1.5336694880995487,0.8659514928849675,0.9349725690252004,0.4829996145210604,2.325421338322907,1.1603736964533953,0.8100819731809615,0.7342962152691939,stairs
27,0.9281462198741834,0.5547037861479615,0.760356787550748,0.567626823343258,1.6451982380682042,1.1046706280527212,0.5624503460903549,0.5789999518908894,walking
7,0.24379703658154467,0.0,0.1755249697999134,0.0,0.41912924753709246,0.13080891540502987,0.024870945211202193,0.20467983372503445,lying
19,1.6497800828811098,1.1476010725365455,1.1111769128224536,0.649222408048012,2.1500224106127366,1.4282341199445003,0.8138221756690338,0.5529849204939019,stairs
40,0.261570701395954,0.07679253947261332,0.2092289422116282,0.12565370849597038,0.1631318909760806,0.19138957458436517,0.15684499348461925,0.32334130048162896,standing
15,0.07475002801924532,0.11496383069640992,0.0,0.0,0.1061259419833372,0.17285605894014777,0.0,0.25662500430028984,lying
21,1.4290787707118355,0.7831831015773576,1.2877051197992047,0.5225340867009569,2.319394880545988,1.535406546039831,0.8478202919676197,0.40180638813259234,stairs
30,1.7609634634779585,1.0312610466571375,1.1126559446971984,0.7841043629732151,2.2322957067202043,1.3720834919704117,0.897924254746908,0.5387402729396631,stairs
12,0.34541873974490783,0.05317256368935265,0.052465202838713976,0.06716088951345163,0.2752968626017599,0.07743505755386837,0.18123377689559222,0.22045366955493126,standing
23,0.29920878617888164,0.05664231273165092,0.023714288403442065,0.08477160766606781,0.0,0.40450265582031597,0.23945972604810284,0.3561846555831736,sitting
13,1.324404914750608,0.8041426943738652,0.8354104689799169,0.7211143105928745,2.261109833823952,1.534843032542392,0.8497633067832394,0.5846297143287764,stairs
7,0.3166650390944326,0.21871656141962917,0.0441635239490617,0.0,0.03474887331372972,0.16885181652078152,0.1914086403808709,0.34678177808589833,standing
22,1.2737617421551093,0.5013057200009949,0.69206262191018,0.40965576872227893,1.3422261032127112,1.451071430523533,0.46147634963372913,0.536540071425005,walking
6,0.15227535490951127,0.1845039250605242,0.10519035160093791,0.023735553621324332,0.062487379555177254,0.1991507253504637,0.08053264951422309,0.39219135902296887,standing
15,2.0388663550980906,1.0210946120424134,1.111936093213781,0.7981532505295479,2.7327546304925874,1.4932098906106432,0.8831326675312251,0.5992091318552835,stairs
2,0.052719447248771645,0.24278994958323957,0.030290785173169257,0.01694552046401612,0.08771721757785608,0.28363838096132976,0.07695584466279606,0.34337592575949405,lying
19,0.8606957371422566,0.6503654508482977,0.8321924870351803,0.5320397503410494,1.6806676144399437,1.1076876445635648,0.6603411771539863,0.6156959306509994,walking
12,0.17067154574787638,0.18472329057396217,0.029753711567824616,0.0,0.0,0.4304415809560297,0.0,0.1442333577098463,sitting
13,0.27265296287048824,0.04819226699792192,0.03035089881268279,0.005100646390220176,0.2197945653205463,0.23258120285698067,0.0,0.34528712858682464,sitting
5,0.04554763352039859,0.1287231051649202,0.027529940209189356,0.14954249987430454,0.27028489402294464,0.3195292054135993,0.07663875249595359,0.3169830264114436,lying
36,1.5314122631578349,0.6808564182297888,0.6971379810369306,0.4562099781362582,1.7391820328820122,1.2347183003742908,0.5219879514506262,0.5506105963092475,walking
34,0.19107684951808543,0.009012670065061498,0.022460247933478658,0.06369489183622531,0.0,0.33815519878632516,0.0267068843081879,0.2624433415467762,sitting
2,1.886040833313872,0.9142202126442581,1.5145026817358362,0.6891380905025881,2.5052049710046425,1.4496063841401696,0.8705768883821124,0.5601038613805629,stairs
2,1.4325457316623191,0.7010469440432323,0.8485320186045419,0.3966489687208136,1.7145948177222785,1.1676530404368632,0.5619101366440205,0.5652224061065179,walking
27,0.04331901103288456,0.08483426668043567,0.12569645485733402,0.0,0.09939823280149881,0.13156363724984457,0.056459902527651415,0.3123311956560994,lying
18,1.10363323949152,1.0757599667493158,1.3667808635184742,0.6221387978883989,2.3739095337277663,1.47854177725523,0.7944038400611828,0.6121074463848298,stairs
39,1.6397051922035057,0.8816124293030522,1.1136814037863838,0.7033042231059597,2.4641781516197647,1.1429551040076498,0.8004238080259303,0.5634962161816549,stairs
40,0.09962465415541225,0.2339867261016863,0.07120304611144374,0.08128726417286355,0.19968144864022916,0.09614504787584056,0.09460799623483489,0.41660818236899555,sitting
25,1.542217879968377,0.769725292564031,1.1875722932429986,0.7447243894515456,2.386721104070639,1.6659616724116322,0.9520195189233479,0.5219569805477954,stairs
8,0.3700648441738343,0.15389799749538188,0.056546480750395325,0.0,0.1692251892671569,0.34417169402696673,0.19542370224474037,0.3371326992309313,standing
6,0.10968960310168549,0.0,0.02943464958034258,0.0,0.17501568455234182,0.10794848808027349,0.060453944010769416,0.16330527565252184,lying
40,1.6016550839445087,1.0026663116814212,1.3271611794979217,0.49585470822198624,2.156409953738882,1.0869089011410096,0.8451868855662904,0.5794476245924267,stairs
22,0.4001840658289891,0.16889731806269487,0.21786606373022185,0.13401087958947144,0.3599184120093569,0.4758923723592676,0.30642012778562877,0.33360335844979305,standing
14,1.4446020696573532,0.98579165494294,1.3828340180752547,0.5834859215607245,2.3454624067907948,1.5630974093104208,0.7706761388472744,0.5318208041258544,stairs
35,0.20348629012600233,0.09433009014632884,0.10673915998328767,0.0,0.0,0.5465730922868229,0.19858957056219467,0.3793852523415603,standing
24,0.3327877918536906,0.19561823214195168,0.02271970809832785,0.1880439045135321,0.09455295217659933,0.5501617698099268,0.051339878680629225,0.21223384742755103,standing
21,0.0,0.07180192743271128,0.12989738153518215,0.037754525806456274,0.0,0.0028544802128638302,0.11639570736509947,0.44206488683944517,lying
27,0.07982884602163005,0.15702973130994322,0.0558308421690411,0.018633265161069307,0.4563161145054658,0.5193918551480207,0.08207577218350388,0.2699708386105188,sitting
16,1.7143112946918506,0.901126136785046,1.3631453027821578,0.6570396567669076,2.1938836498563288,1.5003919869365134,0.9754801252222385,0.6732963909675092,stairs
32,0.2553489790851424,0.17618288948315933,0.037946917150650496,0.14099479988673166,0.0,0.23007778431328202,0.0,0.2517492245023503,sitting
11,1.164946075049122,1.02038639288658,1.2332805153215478,0.7406894884483309,2.2648916022614545,1.5600546466277583,0.7535523056009453,0.576896746762642,stairs
10,1.282184891148848,0.9026052431901727,1.1739667638266882,0.7365942058384911,1.990894081766577,1.7871893580172684,0.7497818539247683,0.5686868054343087,stairs
1,0.1252045064834014,0.0,0.025815123908040003,0.16967321466591267,0.0,0.11989296438394709,0.036763755060195615,0.3326148350744107,lying
20,0.08720473447141329,0.013917051213486256,0.11702757281873427,0.0,0.11309139271836513,0.43265351775614225,0.0,0.34229712689065767,lying
27,1.7223331879241026,0.8820553232086831,1.3136354665958303,0.6236161224501012,2.5297881302477965,1.5171805093975408,0.7554146824052032,0.6913180206311793,stairs
36,0.28824167194532996,0.043936806702103856,0.1542083532779711,0.0,0.0,0.5052163286025668,0.2482116656343587,0.3815327533042795,standing
8,0.4685766948227763,0.2539064796478355,0.09780616510713784,0.0,0.4830243444355793,0.17131138417406666,0.26617506030298543,0.31978327245078436,standing
37,1.6647915475743025,0.7823252603248758,0.9865651643027992,0.5792399759131661,2.2242533941268983,1.5749653020425665,0.948295089808141,0.514629310554483,stairs
40,0.24625385898413682,0.08059305431810983,0.0710699985289267,0.0,0.03878624397131729,0.1466632944225107,0.11879862403026484,0.27053976396388524,sitting
15,0.2039184377003125,0.10988474479733151,0.0,0.009556193846448263,0.07831028607742582,0.44341788292693196,0.0,0.2952692902537737,sitting
7,0.26812666474510444,0.05325018782026708,0.07622485417256505,0.0014837841910269045,0.23225453807422788,0.1775285596034669,0.1849734709643397,0.2703533043060276,standing
16,0.09803938607852608,0.0,0.1403210198475547,0.0,0.02923848909231913,0.06184095579123449,0.07580778832157867,0.30850860531356245,lying
14,0.08064211304495805,0.0,0.0,0.16741803382347537,0.0,0.0,0.1023418211550641,0.23624145861517126,lying
24,1.0029752069258002,0.692634722678214,1.007556993098425,0.5402875237127206,1.6799087143196079,1.014308468353252,0.664390627841738,0.6948852393390115,walking
29,0.09677867577494555,0.0,0.0,0.0,0.0,0.11257662487750876,0.14967583098976683,0.30719072895147065,lying
12,1.7278539607698764,0.8155118416996243,0.9403798376017349,0.7178536224099877,2.43426113970384,1.5097366808294412,0.7759377861060117,0.6107114562457571,stairs
35,1.2078744809381314,0.8899570979482231,1.082375527324136,0.6883016235843578,2.328653566084501,1.3931097964126544,0.8107139980259239,0.5899718630097183,stairs
34,0.37455820725492794,0.106722334122717,0.14374697711213147,0.05051515703741727,0.07914186790012587,0.35222497279394227,0.1369651566556452,0.31864851106040815,standing
32,0.16436772885577983,0.08263127667640137,0.1476978393906774,0.04454697724801789,0.15232002495977237,0.2586830608078917,0.08316021380676566,0.28851808140991936,sitting
37,0.0,0.05898339900659264,0.10763503651454874,0.15332372302784744,0.10847046147908672,0.2105524037673482,0.10680313226794427,0.3856145670782132,sitting
23,1.5044637214017311,0.803782040927465,1.3128784146577006,0.6614318574339223,2.13538610806929,1.5143638298851276,0.8224946703688709,0.6821750281101061,stairs
5,1.746620500855928,0.7852572708587128,0.9288874817620587,0.7764496343962254,2.2508075228760553,1.2830129569341406,0.7115280485342999,0.5723954620105901,stairs
24,1.726201774156837,0.8931862861520063,1.2648573267223826,0.7530350701659685,2.163562702067562,1.392951098222784,0.855162425862051,0.6627476405698621,stairs
38,0.14947068095268318,0.007046877259954981,0.20850856815170432,0.131791031590545,0.23202166709543842,0.0,0.02829608218414818,0.254957119749215,lying
2,0.26495894034148304,0.07720699797892074,0.10905599168241048,0.11172242318437527,0.0,0.4954100458899446,0.0,0.3073036249259755,standing
24,0.1267127993468407,0.0076394795147966404,0.0689546775965878,0.17562646550713507,0.0,0.12387306332545454,0.16501764134392952,0.26936817326021273,lying
23,1.1909903737338787,0.8409682254498825,1.418339905666196,0.8264624738406625,2.386369406334801,1.6376041819484966,0.9041372178270524,0.6491724798545739,stairs
12,0.13901298796681832,0.0,0.007872054583906864,0.06102015444877938,0.13105654957145232,0.10634498580905959,0.009356830297848853,0.2967109576502385,lying
25,1.276780798260183,0.9074244067225994,0.9921656153706634,0.688594045687159,2.252019494816455,1.2587181658308486,0.7789937065523439,0.6507377683277888,stairs
3,1.7163076592492668,0.9642825406565425,0.7965390684340271,0.5505163750345651,2.647894790632297,1.2541462335851892,0.8657266399790787,0.6190029058218404,stairs
25,0.2750371198964087,0.0,0.0,0.17260200139106846,0.06830854492258742,0.20837074690971094,0.09781182263761415,0.3446855972599483,sitting
2,0.1085910051330758,0.16390875593374893,0.0038495432006721703,0.0,0.0,0.14671749495323289,0.09732346866989561,0.3470436565923618,sitting
5,0.17806172940455287,0.0966394887829144,0.06467823912121164,0.03442236688351731,0.01907636089652017,0.42675700984346465,0.00686454562958877,0.2719724013254253,sitting
26,1.8979535323550518,1.07064967355124,1.1056046745349255,0.8155259697442672,2.486804732874393,1.4195386360333762,0.8596308597950811,0.595821599785005,stairs
30,0.06254575119291085,0.06303054712463554,0.0,0.0,0.025422617617036142,0.0941074896687949,0.036131467812141035,0.3091622259724352,lying
35,0.04597261660730631,0.030588221900135812,0.05564314057392822,0.21660631551432535,0.3327287943561125,0.2594951562796583,0.10729755105967385,0.25933497987303217,sitting
29,0.29887910066940293,0.13426767814573207,0.1271297314527225,0.005873267457169706,0.1754798215101671,0.10060149979903416,0.07314573050209904,0.2774093706527775,standing
35,0.26814301504716836,0.39713118037478096,0.15032455393646774,0.09931690252154608,0.21970111278084592,0.5024991480625537,0.06748898913334558,0.3534072650079027,standing
32,1.268067502849762,0.6315182585481881,0.4883375692404585,0.5397452422747114,1.8144567590506875,1.3957962065174185,0.5641312952962202,0.4858423891881455,walking
33,0.18065494700188867,0.21810565609884253,0.27547243493656925,0.0,0.005107091552166501,0.3429928941982338,0.12086070376884994,0.31823730232994235,standing
5,1.4511921649591761,0.8866293624559692,1.002390944924854,0.7894938648404761,2.0488662029098483,1.4120308420274363,0.7249629417936055,0.5673893541997606,stairs
38,0.339473027343118,0.1128895266690958,0.0,0.04933037949111233,0.12595619428980814,0.26183562763012064,0.1558112826586256,0.29967364631089455,sitting
3,1.4660110806639035,0.765352254253538,0.7495653782290433,0.6704325202023018,1.5760280639958468,1.373447919425421,0.6110695349727102,0.40675147833486414,walking
32,0.19260051290122104,0.014687331351892874,0.08053378724939368,0.043361174189364506,0.29186195015479355,0.34558262755450697,0.07616547325563792,0.255506457780948,sitting
37,0.237229028660982,0.07288605369759846,0.07621775879139084,0.06527374008139059,0.19275831859766548,0.10997515899567074,0.0,0.3096662815218453,sitting
22,0.29448987236855195,0.07822019528214633,0.09413845288484873,0.22340810729640032,0.0,0.3970953914552965,0.08579485998035602,0.3124907766489203,standing
34,1.2639834225735016,0.8116903755516517,0.7120926568923384,0.45538315560543635,1.5065112924774446,1.1746937738113412,0.7793343998811234,0.49548388838096247,walking
13,1.0253960224991774,0.4054353525846152,0.7899509616875647,0.3150670859108046,1.4933948040662963,1.1028450105865941,0.6034495665326057,0.47383972257599466,walking
21,0.12021131185232509,0.07039981941381729,0.07955226955991236,0.0,0.24830615823472582,0.17397606076734526,0.1710958490736802,0.2738180338543686,sitting
8,1.0390061917777427,0.6696228183034034,0.5082329788374973,0.2948925670263141,1.7478611416035994,1.1262733582712219,0.6801389487406367,0.43650442505241643,walking
17,2.1131456300192535,0.910451471394983,0.9122096316960431,0.5260443319791694,1.8137931355213868,1.7829457521126493,0.6913504772780025,0.6666371016804554,stairs
2,0.1268407571457081,0.0005589380793494525,0.0,0.07561838661158511,0.16399567664276765,0.046614262619359,0.15537449566301859,0.36981678802670376,sitting
15,0.24708160805722015,0.0,0.030185494214166803,0.18193610692050732,0.3120617945498576,0.27945236524424644,0.08961406354226059,0.27733579577482237,sitting
32,0.299171614614126,0.18133306036023897,0.04761654227420767,0.0,0.12241690497374243,0.26273803375492355,0.08030820608282763,0.2645351393414518,standing
26,0.0,0.0,0.012545619537221737,0.09503218072965136,0.0,0.013508358319986896,0.048437835251988894,0.3398147979481624,lying
12,1.3778878262140872,0.5533173917952621,0.8973179337314274,0.46498317112192067,1.4467772742022622,1.1331978767122406,0.4375932360896776,0.5154729347936379,walking
9,0.027472344610976182,0.009802556413956484,0.09723962789352135,0.08322238678330171,0.14232822819095925,0.05734449729253876,0.01808308935817385,0.32302240775882857,lying
18,0.9520879595477679,0.5831910281656147,0.9172152784039289,0.5762003045567434,1.8285636710836108,0.752558730394663,0.6890013083161104,0.4969860440016282,walking
34,0.0,0.0,0.07475104957397362,0.12108804395535022,0.08651448720951646,0.0,0.09412633028675835,0.11810071118963142,lying
21,0.0,0.23017365600376513,0.07384303825938703,0.007763685462060205,0.0,0.0,0.09742617426596817,0.23749853487261602,lying
7,0.2884461017734491,0.04714463584202894,0.1493063946617416,0.23039197766538067,0.1036847958768096,0.4304695601033397,0.09588238289918877,0.2003668428849678,sitting
25,0.197296760806872,0.0,0.02496816732724398,0.012589155420129904,0.0,0.2313188295065576,0.08117629811286767,0.3040970808668056,lying
11,0.08719215305658969,0.0,0.11414620108541584,0.0,0.0,0.08915868540861946,0.0,0.28553676873686673,lying
18,1.7551778932838582,1.0169206255395893,0.9942181956340309,0.7181224238026598,2.3676345309959888,1.757430727066085,0.8522934315721518,0.6772871150718888,stairs
14,0.3111646704644361,0.28894064735282066,0.261787058989168,0.03222778265058878,0.0,0.26906549813821246,0.18649942594171426,0.16708243573613965,standing
10,0.9911508817027507,0.6264806113969952,0.8560000177064057,0.46863312825193076,1.6809923341346993,1.0680901865424588,0.7704400602731104,0.40432357274235226,walking
16,0.25616126414578255,0.18614472159777457,0.25849327118986554,0.0,0.0,0.2536685783346376,0.11709541894505839,0.3602343956180209,standing
24,0.22930966461385438,0.15271770955377312,0.1046323627237695,0.0,0.09355943912155296,0.19836700576910216,0.0,0.3286839406027688,sitting
23,0.2550282560521619,0.04657957834067861,0.14513686696629832,0.20030555185571525,0.2907533126451548,0.3978763821874446,0.04708960090320981,0.2996833253297715,sitting
1,1.8552839779717154,0.8984345851318861,1.4579678576681863,0.8178248859859273,2.238949548488581,1.2635177295807773,0.8446321369035188,0.6756075592989014,stairs
26,1.4406111190220268,0.876443673881251,0.9333641416131722,0.6164842066157183,2.19687375977302,1.5273770946589666,0.6689163695948236,0.553556240714961,stairs
21,1.52194207365597,0.6681127137410828,0.860840742336894,0.5962663032610882,1.5976682173988546,1.2442886185865498,0.6446207751236819,0.4385246749244639,walking
12,1.6025228784227574,0.7230484789812593,0.6747136291748845,0.5520449361526474,1.7018677120150865,1.1859244431243314,0.5389323050423966,0.38229777920983815,walking
26,1.2671474964223157,0.7409335049825663,0.9760137233861477,0.8069774030831487,2.0554554138278487,1.3851986844743132,0.850287035294559,0.6865094709188326,stairs
28,1.090821607867853,0.43684428850180623,0.9511490460162315,0.48358143314446006,2.0230377907221375,1.289002605332523,0.6175808756243644,0.5532109794846103,walking
25,1.1452794651498799,0.6880054924592762,1.053289265545506,0.4032882055971463,1.690397825075436,1.0458747288254429,0.7057863743436853,0.5240166158622382,walking
7,1.5048100884967248,0.9954389367027054,1.1959668416877762,0.5596868500373726,2.267256965153564,1.4570111076471683,0.7772924525909364,0.7035796202208352,stairs
6,0.08285273043226112,0.2184622279138468,0.0,0.04955500609525391,0.34231591010282114,0.0,0.0,0.24155452501334923,lying
7,0.10583030221776774,0.00048077763129900086,0.10300981794981223,0.060915164357812385,0.0,0.14887882499449012,0.15307216956912634,0.36689980270291933,sitting
27,0.9465818629211904,0.7932578612509551,0.9060906813826727,0.6039524738695629,1.6536939725957267,1.2564734698607753,0.662638716095478,0.5829101767357835,walking
20,0.36916272148645896,0.08434103526623668,0.12207477910353273,0.07306022704807334,0.10625235157281636,0.40871704834684564,0.2355966959698326,0.4058436081833681,standing
9,1.3779956978928731,0.6737713318036789,0.6532458679846583,0.37065053582783336,1.8128647448616195,1.1095742305334726,0.6784101796368543,0.37930639203796535,walking
11,0.23155966790711197,0.08534300342125326,0.10443873658966989,0.1217698182317638,0.6432363509691268,0.4329481797152917,0.14673502718346632,0.29197517356699326,standing
2,1.45189864430219,1.0770080472158257,1.093789468179755,0.7296181601729624,1.886101134748658,1.4837314296594029,0.9886724367785908,0.6112973001609083,stairs
17,0.5051366689976471,0.13479791979802813,0.08853976011711631,0.0,0.04985802743211218,0.25169804305575094,0.06097212759637026,0.41060516675796993,standing
27,0.041818243199790744,0.08775591578622888,0.0755703638219195,0.0,0.24717600080580757,0.06266759679834882,0.06741910741089593,0.3145770626270748,lying
40,2.0665753680277663,0.8215320230214606,1.0627010951844615,0.8666752743299497,2.1558247519779217,1.5212960233284156,0.8997761977740618,0.5490267751548779,stairs
25,0.1249284996912485,0.025789899029328503,0.25971834173919145,0.08250729282064115,0.08279718892057039,0.141680830472167,0.2853374988213049,0.3115381679320152,sitting
23,1.649910083652744,1.1670522059777024,1.1919604039692309,0.7781022548207296,2.1084800324431954,1.4251033330187302,0.8493401830171713,0.5948646060777744,stairs
26,1.2373200952306354,0.7286330758623707,0.4772115335496177,0.37040352646612773,1.731751620388478,1.3234983325912129,0.6236440794547574,0.48537610470546794,walking
29,0.09389120035884671,0.0,0.06328346068425195,0.06218446849663149,0.0,0.19134636017625462,0.0036025474513285277,0.27204765162644595,sitting
6,1.7889350991778032,1.0303717687612721,1.0246243152078516,0.6084985211472981,2.260736818591186,1.2030596446490893,0.770341380707045,0.7218207498790722,stairs
6,0.20642439262264095,0.15560062187705082,0.10454429298886267,0.0,0.0,0.0,0.008508926445606534,0.309927565139645,lying
3,2.0651562721000736,0.8910354022746316,1.1278517202275204,0.6830390018570324,2.2576085283210623,1.7181388186489508,0.8124760112855415,0.6143137552445322,stairs
30,1.685058610457578,0.7503929451038788,1.2184331551264347,0.615694928749383,2.399612800253674,1.3309932232112476,0.8905612896269751,0.4657499393485254,stairs
28,1.6723848984969347,0.9632685015346291,1.1427162586955038,0.6473008436102232,2.7089275700707978,1.3817176869433097,0.7610253188248237,0.6348560642197728,stairs
4,1.3133066646601237,0.8708209932643407,0.7966179402209584,0.346394586478262,1.4873938863169327,0.980730509314841,0.6184207085940131,0.4468242552925195,walking
33,1.6089530104480974,0.6650562585174575,0.47705806179434845,0.5849981616536863,1.2115014320967157,0.9936256518108808,0.7525181219143141,0.3624251505796574,walking
15,1.4271171081809646,1.168299347961119,1.189268683339477,0.6545188430398361,2.1933968473100705,1.5274385868945584,0.828808873398896,0.6036169773350558,stairs
38,1.2727401022155247,0.8692397284582126,1.1902055244668392,0.5717837510036853,2.020639622467373,1.5356618086000606,0.8509123372565687,0.6055508723638143,stairs
19,0.03216726622355062,0.0,0.06504185256083113,0.0,0.0,0.22768277450401667,0.0434029901303416,0.36143386601939254,sitting
39,0.19953499456141388,0.06936084126732035,0.2103215077541286,0.09676290983053906,0.1015902041517622,0.18201048163084935,0.14153317317284644,0.2440914563995706,standing
23,0.008228101126306536,0.0,0.0,0.1858466859262444,0.22089249682694778,0.0,0.0,0.22394559315453932,lying
31,1.4898807002632162,0.6726738296015936,0.9561591565637495,0.7171549125065632,1.5376136541953143,1.3607426327587715,0.6439123575022214,0.55110039693434,walking
21,1.2833729667743765,0.7587162023915087,0.777888924342966,0.501764269494803,1.5715002295735994,1.2420140857131452,0.3670584938218543,0.5345448661700158,walking
21,1.1040339481749533,0.7346097033103979,0.8686938383844631,0.6690091305708821,1.6307577899574695,1.1326103212249046,0.6508904179504318,0.41536256694724166,walking
14,0.25651254111147426,0.013297019980810842,0.24628757615181865,0.014436793098008369,0.0,0.23157302820293785,0.12329839644919291,0.2275233136354498,standing
29,0.26797713174620513,0.14538499673378533,0.16755297822968682,0.08289600827873633,0.0,0.33592787108531746,0.12534601067845508,0.27385997425919634,sitting
16,1.6556680346049781,1.0596976047159772,1.2703661402649642,0.5244319515650555,2.3131763662587983,1.2924620303722238,0.8750131392033673,0.7335204168691282,stairs
6,1.3732117415463159,0.8743638966322491,1.5948079607092358,0.7116551811159246,2.224426352128414,1.4831090579572268,0.8479355949011913,0.5204515478278553,stairs
38,0.06704752237098349,0.0,0.11134627882015,0.0,0.12226497282472568,0.0,0.0988011262194187,0.3031382657042984,lying
15,1.1120175886592099,0.7404133446399903,0.8449943850261868,0.401708886837097,1.3904431081546285,1.1406903908109969,0.5754732918527531,0.5074053427972762,walking
22,0.3043654467313248,0.16594466507332944,0.21417489926148042,0.029297208932126992,0.16037513911358614,0.3004730025702374,0.08809043327877474,0.2708924082625771,standing
17,1.622660370711701,0.8559096409362965,1.325709404796876,0.6361073921656921,2.0950106518570193,1.682691104721356,0.8495622330647871,0.5400018005542931,stairs
34,1.1908209952480602,0.49490096767679403,0.7480439025998671,0.3697014244776295,1.3856310972326837,0.9139158956743219,0.5881297149368006,0.5051942853419956,walking
4,1.3955127225375024,0.9552301282536764,0.9393731439857593,0.5929819433257716,2.2065862264599847,1.5945478811857152,0.9129059523038644,0.7090278120235506,stairs
32,0.09664883822539325,0.0,0.07203022321168343,0.1080068753762709,0.0,0.29522217045625665,2.3927266652040702e-05,0.250234424596242,lying
5,0.09253437033077327,0.07862804434630478,0.05933647076741234,0.08629414702861862,0.0,0.12009130986240377,0.016656955782095372,0.29754599225272504,lying
19,1.5747506697471545,0.9896063770681794,1.4987956048291422,0.5256242284433371,2.532164386882919,1.4187582380751762,0.6102250180316897,0.5195098954955518,stairs
28,0.38073493079426285,0.22006922682197505,0.09785273709499294,0.0,0.23889905072192932,0.39895973389739503,0.09628105120948494,0.38575312687503494,standing
14,1.9275493494262415,0.8386736891659778,1.0184156954630739,0.6015197763216719,1.9051897082462572,1.5381767031481113,0.9576930102000458,0.7458650765100641,stairs
17,0.1652523415873541,0.0817783394854403,0.10046574461257997,0.13800980350678954,0.02682678117421588,0.308225606910255,0.045254808338505655,0.16707860883270523,sitting
27,1.7110503703693427,0.9686211584833773,1.372161984141827,0.7336788240329029,2.311040834300988,1.4913007602876713,0.6795586421083797,0.5512272617226387,stairs
14,0.10526765895099086,0.11756688965699594,0.15962158947822844,0.1648092853932535,0.0,0.3631476647761742,0.12223115756171717,0.30589012748622635,standing
36,1.4847423749836692,0.7454457629837115,0.7154123776539832,0.40076795088882605,1.5045224420309289,1.3113792158064164,0.7441923720131052,0.5067789117280065,walking
2,0.022595802466336114,0.23637931734672551,0.0,0.0,0.04085847158971556,0.0,0.0,0.23575937853668846,lying
34,1.7445109519192314,0.9392584488326374,1.1416267432350968,0.6167439922737445,2.3634278151504624,1.3902899625396368,0.768532644973187,0.6708983866149026,stairs
32,1.7514175939799594,0.8544347900446292,0.9163156273455603,0.3630357661682705,1.3576265878247689,1.143054728948666,0.5655404542646041,0.49933539916153113,walking
30,2.0783484425881795,0.9176042035777064,1.18999245432772,0.8718490983174865,2.280884132607554,1.507600920265531,0.9203783675251667,0.648098342612156,stairs
3,0.16657937210011553,0.0037532243719422126,0.0,0.012056002750384874,0.20144614076639586,0.10514184978373158,0.025839634822565932,0.2629029147396137,lying
6,0.9555278443394266,0.7823862506752172,0.818413339712958,0.6439832977785545,1.9259448108577286,1.0923408682842337,0.5335493750370502,0.49497711591401417,walking
2,0.3158130667983079,0.0,0.053115092646185275,0.0,0.0,0.09496675516941183,0.0,0.3512376312048777,sitting
28,0.2110944288816245,0.1812419351254205,0.0,0.1417141822033144,0.0,0.25586117118901136,0.09517597500001357,0.23520686728406423,sitting
11,1.2954115073230505,0.6952195437205942,0.7739196806008954,0.5896711064543776,1.4744159081525912,1.0375923076410398,0.7176597193283867,0.5596949391107743,walking
40,0.5015499526865524,0.23854541224067102,0.19064495376708956,0.06856786266036159,0.1759901116124789,0.5514443895133734,0.10691823732195598,0.27406250912048885,standing
30,1.3988958726815217,0.6828634459376051,0.7190347531137851,0.4002686784243555,1.5388967443511359,1.4827273587898717,0.594561041506007,0.5107445928079558,walking
39,1.4461921728979392,0.7338883779707036,0.8985978614012939,0.5616513843896408,1.7400290139901582,1.1955118556755135,0.572238652100168,0.48540828491459215,walking
24,0.026296369782107233,0.004146347779498745,0.0,0.0,0.0,0.0,0.11392446038179396,0.18255750420269407,lying
2,0.29248009183063595,0.215711825267806,0.046094829632075326,0.021836546399246225,0.0,0.14819970303237992,0.09318624966696662,0.1753950334288689,standing
2,0.1891352236523996,0.021136528010932777,0.02285746780078281,0.0,0.09799251173408995,0.10692022331859198,0.0,0.20439319119978563,lying
18,1.3274029813569677,0.7089137164184415,0.6190260190645578,0.4810872644118759,1.2426941460170333,1.206046731500991,0.74742574729081,0.5572190877595631,walking
10,0.032388876202676185,0.0,0.0,0.0,0.25687408738633766,0.2814203854330514,0.0869464268540299,0.21905165217551778,lying
8,0.1915384368616588,0.06363142215898626,0.0,0.12138668711723627,0.10012079499390603,0.40496910250117835,0.0514807709111449,0.2597320197943795,sitting
2,0.11351194606798828,0.0,0.0,0.12092541988226058,0.33925096104060337,0.22177626709588077,0.018129218598954312,0.21759077687974776,lying
4,0.2095932562514688,0.1676267724669123,0.037432258861699985,0.07156670460968338,0.0,0.5142752079572048,0.061531118998554166,0.352724988697333,standing
28,1.0117624120998139,0.782181481393507,0.8045644319806684,0.4747693863990764,1.442212757341802,1.385861900355266,0.6881735517492642,0.587581775096732,walking
6,0.3370537331653437,0.15363642436389202,0.12250709293771031,0.0,0.0,0.07338859766190237,0.19491068830340108,0.2567630735812512,sitting
17,0.22722639692882324,0.04890940252822093,0.02150136253479195,0.048640082048503876,0.0,0.3029655218576088,0.10192256657151824,0.306500904490109,sitting
36,1.6109946663848413,0.8979849192134818,1.172329641011456,0.5496229814402642,2.2865642461000966,1.3966390039803087,0.7994752628282188,0.7248687000824536,stairs
36,0.0,0.0,0.0776417966832,0.0958936171725257,0.18501015614496716,0.1203942710981056,0.08750258318710011,0.23826023177739616,lying
28,0.33336420914838044,0.11106154621433005,0.13909782435976542,0.06049732891346303,0.0,0.13411858776715854,0.08071875929040088,0.2531826775342451,sitting
29,0.2929853050292439,0.22444010254859198,0.0,0.009550066945368654,0.066316860707134,0.25198725551932555,0.07265840700790491,0.3166172847748503,sitting
4,1.1718388081652247,0.7525835481754934,0.4996133653187108,0.41131292118427915,1.682730960033229,1.3640837921438986,0.592924255522154,0.4792805639947026,walking
4,0.943302807632248,0.6745733927080554,0.7523902298565734,0.5128523816923372,1.7038148300336753,0.9266408424446314,0.7564121367941052,0.5360231580904504,walking
7,0.08382113553659705,0.24770689428447548,0.05330388283925498,0.0,0.11282284101740064,0.40120764150540866,0.0631248559119029,0.3000967531213869,sitting
10,0.4208776024340227,0.0,0.17897510501094735,0.004102401436785738,0.0,0.49717398862848583,0.12298894572815607,0.35264356588611945,standing
15,1.64194748844454,0.8128712825836881,1.236439314510918,0.5214254694728816,2.2867862048944576,1.5238725319330249,0.7416759830906033,0.6287729545236531,stairs
7,1.4182253518901988,0.5898257201320525,0.6202595950390106,0.3898369172168,1.8266573346372923,1.2264660174847135,0.5843264790226763,0.43048849294517205,walking
17,0.06948447240478985,0.08844312503124653,0.04953992825065693,0.0,0.0,0.0,0.04117463456210953,0.47966978468451554,lying
24,0.056573425367192814,0.029351266156820655,0.0,0.0,0.0,0.05500690146653183,0.06618768758840995,0.1265545953662671,lying
31,1.7738614127289203,0.7390776866561205,1.2262940578724462,0.6291588909436703,1.9808259719075583,1.6199493390004083,0.7912199105575373,0.7198004905550152,stairs
39,1.9249805831055482,0.9386042613816812,1.0132188210615038,0.7330963710803461,2.4442827845629247,1.2732766327879341,0.7950174695359448,0.6281058498507553,stairs
33,0.0,0.0,0.0,0.0266103365911302,0.04734615981885647,0.07154084953784823,0.02000851508306704,0.26562516602290154,lying
8,0.3226217245602027,0.07558338878154239,0.15463502243422106,0.14218585118503996,0.0,0.4077767506217193,0.07136559033332487,0.28764695614565916,standing
10,0.027655580207335877,0.1307229247214662,0.12732679787649379,0.0,0.140147034585627,0.1760780386512456,0.13540917493505258,0.3943851338583859,lying
13,0.34971639798072146,0.0,0.0,0.07380807397319103,0.0,0.15759508750610424,0.0,0.1488201542573653,lying
16,1.0851282533633884,0.590056423536153,0.7592812841240631,0.6496272285838552,1.5180148372788849,1.0581415093100353,0.5826233302185841,0.4059249791788996,walking
40,1.3131985224996683,0.7081350881439894,0.9427413130316957,0.44830078390327105,1.5597036879935682,1.228420008148943,0.619585092267529,0.5847708867602676,walking
4,1.2649031638386117,0.9065689076673323,1.0873557265032183,0.5134656867151497,2.1617719180488413,1.5484167719254593,0.765673766209674,0.5672516332795322,stairs
6,1.1558996651027893,0.7752991266188156,0.6853303931688255,0.5560494938768538,1.7083661732790743,1.0934800658932637,0.5857837346520972,0.45693848846278384,walking
39,0.30185606488156685,0.05686874016243068,0.08186035424646768,0.10822032507877125,0.0,0.1800607487358769,0.20556937129646208,0.24857692697486786,standing
19,0.15105449233043217,0.13568104819012508,0.012735933643824304,0.07482655547706135,0.054192924056850056,0.0,0.0,0.2170346179774447,lying
23,1.5507904011174316,0.8606913068074435,1.2273944974497188,0.7115728748337282,2.354120981259089,1.7707292834352948,0.9553380755235963,0.629783544187365,stairs
40,1.2528819309136674,0.9248384616472973,0.9778715770296456,0.7939684570646233,2.285079394376544,1.4355719858749076,0.9145747458200523,0.5365531239171539,stairs
35,1.1435650389563172,0.691707634898932,0.6451312114719946,0.5487215964914948,1.9017805153514766,1.0564740740060083,0.5880115960911528,0.5109028486680325,walking
13,0.05779138663353309,0.10464724730209675,0.14152194407232177,0.1489287784583941,0.0,0.23439974061450342,0.03318387283213269,0.18887583980594563,lying
32,1.084666615405492,0.73275784872446,0.7935989749860309,0.5362645192696575,1.5911539377409276,1.2260285277761507,0.4746167544071908,0.5558451165538971,walking
13,0.2499791050193239,0.21530557684101773,0.14691756112624502,0.11853694804184947,0.0,0.22492941676065914,0.0,0.22006481630572677,standing
12,1.5652269958807592,0.6194096446412437,0.9707182040985056,0.35243491051522585,1.4790525601067328,1.063126339183956,0.7187614102168722,0.5856191490136196,walking
25,0.4037409609298164,0.048993920188492385,0.2318126885038582,0.005548970289166177,0.0867437135231393,0.25116724357243414,0.08292685184664511,0.2620064401127581,standing
16,1.259518604192341,0.5497810041439283,1.1250589084764877,0.2611375343748026,1.859445755785597,1.046590581643206,0.5806569760384628,0.37585438037339786,walking
29,0.25471736655820953,0.08376755519998245,0.049080999644964034,0.1234799229180984,0.0,0.0,0.1377534697955755,0.30213900689269735,sitting
34,0.04233480540926048,0.0,0.0,0.13961588008882653,0.0,0.28450334097433616,0.025688566472284277,0.2789317064514815,lying
17,1.7484785243161192,1.1432839088012716,1.3317544491415436,0.5132180996148449,2.119788760136416,1.3719301092364127,0.7314956593585619,0.46812517202080917,stairs
11,0.18093579893813325,0.0,0.0,0.09349848691286937,0.16620106211745256,0.048805661598811056,0.0,0.3101794125642336,sitting
32,0.006025997818841208,0.0,0.17141810177313319,0.07946457910697084,0.0,0.04681095558918374,0.027311912332611772,0.29804362833888687,lying
18,0.12693587164862535,0.10773968386410493,0.19712770650502737,0.0,0.0,0.1366890049256238,0.08096673281608982,0.315481870567633,lying
40,0.04958981331011608,0.14104577969110588,0.16563154719890127,0.14720697224131596,0.0,0.3495155282409073,0.08823513919071761,0.331712417445376,sitting
9,0.23745669611421696,0.06003075034970163,0.06798151688016633,0.03280750929766987,0.0012110209463188498,0.031065157078521255,0.23002368864082845,0.20155553710137739,sitting
23,2.143483149151598,0.8165335835620354,1.1259356516776455,0.6688914321165557,2.307413523580302,1.3232335029397488,0.8522994652618021,0.613367696844572,stairs
39,0.0655412045875624,0.0,0.10605468515851257,0.09810343697399562,0.0,0.1675780459070737,0.0993911431645187,0.3518046543936823,sitting
18,0.36549014197015345,0.08821316597740043,0.21134198676318494,0.03529064265958814,0.13078470166085424,0.2653170177932649,0.05548601240688189,0.40457676806351595,standing
17,1.30584108454731,0.41910941361816595,0.9944144773217731,0.43772487948750455,1.5573420464230276,1.1695827079327803,0.7372320427211443,0.604382633769767,walking
17,0.10612989454234384,0.19086964704095188,0.044286689481184284,0.10498329779647764,0.09506574664613009,0.15404124607513453,0.1401988333328417,0.2983695853310741,sitting
21,0.18315939598305403,0.04954217604402936,0.05660882357510236,0.034824257415097884,0.14857685692013273,0.11904150997162319,0.0,0.28129750289229927,sitting
35,0.3190097073727847,0.14561046710608827,0.1109885805779193,0.0,0.0,0.4913962755706389,0.025536743278511964,0.3782858351611289,standing
13,0.19353833039534865,0.09852457202366253,0.0014564375198594104,0.0,0.0,0.22355834574054795,0.07268199262110353,0.2926392180509271,sitting
2,1.6920950176060776,0.9014694433592826,0.7872168513496244,0.6821651468803702,2.238735671020685,1.2289032390314008,0.8944416150636083,0.6565462786503146,stairs
3,1.6971266171054733,0.8775110221024994,1.4282593103285475,0.7128423095667029,2.1708401407023326,1.4970466321242328,0.7946533813078565,0.5394765851247212,stairs
20,1.4293164847236715,0.6432473447504019,0.8243687761497437,0.43628500771496526,1.6510246462288733,1.2322818554898454,0.5002838253546225,0.6029807698413843,walking
40,0.4629026616510029,0.1208954648128607,0.12056744734371792,0.014114471644052475,0.297757878221108,0.3088709873209581,0.20003391350425392,0.31018657329996935,standing
1,0.10754808759562304,0.025782782332220575,0.06244377202462799,0.10319527983055177,0.16077907069507452,0.10398061245880931,0.053474657582895026,0.2914139735250984,sitting
22,1.4297019722776922,0.6320293865477387,0.34099449736850207,0.3868551594595162,2.144863006623197,1.1162533272176947,0.6578015424806901,0.6189233855204269,walking
35,0.08633660223608153,0.1188480828054744,0.059014450525709014,0.010919727759563194,0.13971882691152027,0.3813918400785541,0.07029411171644148,0.204609901705798,sitting
33,1.6559474669202963,1.0835936454560278,1.7891764317028618,0.6308092558579922,1.9168217380772012,1.6472831766500002,0.9188565117404167,0.5687218589941706,stairs
34,0.17711707652024325,0.2629952316428177,0.06441849874050118,0.04387371606222051,0.0649585775076621,0.4936477545943849,0.2519577134204625,0.34226982614570095,standing
19,0.0,0.1362888509139385,0.04446381308908067,0.013865669933013018,0.23579990385221783,0.217714253489832,0.027900421342450424,0.3061413337933362,sitting
12,1.1409779809450213,0.5495823912218034,0.8382269667003599,0.7371642700557302,1.5083373396012518,0.8644823398809276,0.5936078833677012,0.539756837270606,walking
26,0.10518495697638731,0.049319858167027,0.0429856722703591,0.05473781551362569,0.0,0.24066596763443535,0.13853403342315004,0.25288044719076336,lying
26,1.3421806641668184,0.574469119612718,0.8500081810045275,0.5857804268574,1.5860695930809152,1.2567673744996541,0.6556592955443378,0.5554211549426257,walking
13,0.24760398949573828,0.13238410565272019,0.19689643469464063,0.21345688682728592,0.11487744221833057,0.4292756967192325,0.08806557270204848,0.2897713261197164,standing
18,0.0,0.09546902077840502,0.02824675457023549,0.0,0.3916080388538239,0.14196821154652564,0.13679341188732333,0.3068598591428697,sitting
4,0.05188434494246995,0.0,0.0,0.04174509672687014,0.10659652859995496,0.08892031838748489,0.07327436657679105,0.3542995632320064,lying
14,0.07453008504405592,0.03828514249680897,0.021216258187050703,0.0,0.19293864856759452,0.16859420908296693,0.0,0.26153312074446794,lying
13,0.0,0.07800385668178418,0.09098059793636462,0.1255475094302012,0.0,0.1055591026420803,0.2837678969837654,0.42828404252038244,sitting
14,1.3053717839269876,0.5466649532679667,0.5579904282040183,0.2840985414694399,1.7736068126445486,1.1631185301098377,0.6191083165971427,0.3110010440558886,walking
6,0.023938971357473,0.0,0.09298325783296563,0.019089072941324458,0.27270650075580044,0.3751498195626004,0.10168225729507266,0.1894357224529697,sitting
1,1.6596986127040452,0.9908916625189008,1.017584312057994,0.6138738320670698,2.088867937660337,1.4165990931236565,0.8119195651999365,0.613770240666008,stairs
5,0.9102340804481596,0.9133287784557307,0.7027263962238971,0.42552253216049035,1.8565165219201178,1.2456799310724258,0.6150372275459752,0.4973871534701992,walking
26,0.0,0.08249866623000732,0.07378283709478689,0.017559803275056095,0.026960213468694382,0.0,0.0,0.18518821398474553,lying
28,0.19766443694539557,0.03675041149288021,0.1468623459375955,0.0882023764566025,0.24390573923578895,0.17878412881362613,0.0017905403205146012,0.2515760437448001,lying
21,1.39737772355682,0.6338541192142045,0.8697564833148781,0.5577995695464315,1.4782176787441375,1.2035618420605296,0.6868432036654007,0.45980233472490767,walking
9,1.2462787718621293,0.5046060129878591,1.0865594410243222,0.5980570114231825,1.7256686780772343,1.0373417809138297,0.7656845116657662,0.518874255523149,walking
9,0.10372028190133686,0.0,0.0,0.07588129380674957,0.023557766188394138,0.03566131177790516,0.0,0.2871254508037112,lying
20,0.155772128045801,0.2594452947116189,0.11796630333839153,0.05718796396807853,0.02851813956067939,0.4816263045111415,0.09785631226563592,0.39070061269107864,standing
34,1.2375682797710335,0.7179689070765793,0.903896867845576,0.35474481664654894,1.434041978198483,1.0270100734507086,0.6014520997201874,0.5740136102058232,walking
16,1.2026287055675755,0.7264704395394533,1.3399823860324005,0.7242273495366227,2.1454676685330596,1.3963616875554277,0.8271851047165144,0.5766648850845941,stairs
26,0.9840808790120572,0.7100220973435014,0.6308010365211506,0.4068889376370368,1.4910123357817056,1.0545807902111446,0.6915031707916872,0.5028255719964831,walking
12,0.3634225197587275,0.12265903375989978,0.12743071914938597,0.06902099242117862,0.0435102908469082,0.5491740776939467,0.2665847508284339,0.4361665591618322,standing
40,1.3070666167197882,0.7999534351852202,0.9983680799451164,0.5839155372322533,2.0715731978411376,1.5599516636827555,0.8452235701657635,0.5513105120294937,stairs
35,0.18627172147112658,0.1291462941689664,0.019219557072175583,0.1267689515133134,0.0,0.24120543639002584,0.14543086325492566,0.41010318018170644,standing
37,0.06380316069179809,0.08712878520824346,0.07689280677724254,0.246245286964969,0.038067039252844576,0.26547564746316876,0.043089960948941235,0.3937765749510509,lying
19,1.7581417854801251,1.037168724054602,0.9324625965065216,0.781814213675873,2.335684985353241,1.4949399276995108,0.6889799095337115,0.6730476468850219,stairs
23,0.3737285772192576,0.11191158912700336,0.08453544736459141,0.0,0.0,0.24294865876195598,0.11341798138223982,0.2836918667758869,sitting
24,0.11995317604299158,0.10703833361245371,0.06728960160557165,0.170607355684979,0.20413555573005718,0.2595674413026921,0.027061353794689158,0.45325875470228094,sitting
37,0.4669520622422987,0.1405841149975147,0.08995510956321964,0.19872780034102022,0.06945215981826242,0.19369972386982284,0.15835526240331174,0.33872919429307385,standing
15,1.0269985611561974,1.0566461084532734,0.911047131190751,0.587180691728258,2.204906594463911,1.2992558766409594,0.7146345555019837,0.7168838387008253,stairs
39,0.17458604775911382,0.11342404132934063,0.04479508943544018,0.18990186343118343,0.12490295103157284,0.5002628909797338,0.1920636634867376,0.3347099224297603,sitting
39,0.2480347748400339,0.04096625515665843,0.0,0.22430334048068784,0.09066966768202933,0.28088998653449954,0.028346551260691827,0.3805203024038582,sitting
36,1.4973669159352117,0.8126784476733508,1.3549305177686888,0.6009006445382614,1.9001884035361822,1.4357188536641432,0.8023364472624587,0.5738003835774425,stairs
26,1.1750355254631233,0.8405193596205234,1.431330222182864,0.6027678775697194,2.3785747948265525,1.1635154290884615,0.8375924093412902,0.6325980836287827,stairs
36,1.6609474320979298,0.9087232910364396,1.3132612468274112,0.6245011041357051,2.4245890984528726,1.3447311199923866,0.8954041449864877,0.6306968140412825,stairs
9,1.1498120967858376,0.9866449268532915,1.3890404124953848,0.72242990444468,2.1704866052104537,1.4319883947473515,0.9025612580630027,0.6220545700762309,stairs
37,1.9517095928180004,1.0111840152204254,1.1628870468101908,0.7226377439531257,2.359112240762466,1.3858139634034503,0.7443466023659866,0.5987963952093193,stairs
8,0.08250774405106756,0.0,0.11333333041910892,0.14997003354622238,0.3274689168034006,0.2219452549876467,0.0,0.25713139984388544,lying
31,0.2913379274191747,0.048339238091202386,0.08754447027813458,0.0815815165665038,0.0,0.5659357302397021,0.03684957134725467,0.4391165168238782,standing
18,1.44433373198259,0.624656422840056,0.985797811148923,0.5965599584721513,1.6601453508735462,1.0905173121073874,0.6394699038661235,0.4471978814568931,walking
25,1.2218896951761036,0.7217221601681136,1.2267580312025277,0.5874601797523156,1.355046822055603,1.1167274519277328,0.7052642108176456,0.6245493931757513,walking
7,0.1589766574572761,0.2579612757657761,0.05101327779122174,0.08077498829352255,0.0,0.568860333557901,0.058444509138120174,0.4516464602879045,standing
36,0.31973899097182473,0.35720547190182983,0.11699686214159134,0.04277717940662818,0.0,0.2818368331719654,0.14804686203572429,0.2960630607562018,standing
4,1.8799895455404132,0.7405568924036678,0.8015770030158953,0.7207604165205099,2.318688116420666,1.4065537205958962,0.9279608469571278,0.6737321171389425,stairs
30,1.8352253165255603,0.8120812902337109,0.8750941306515813,0.5598360756271318,2.0930125574966247,1.3237445630427365,0.9052935136316979,0.5249829579359477,stairs
25,0.33101801256945096,0.1452558107633647,0.04565671885149685,0.0,0.1586197735847023,0.06463933591736121,0.09185674024056059,0.2890916419068178,sitting
2,0.21128589628242944,0.10451671247377556,0.15374565156344377,0.07632172083554785,0.0,0.47269171823891676,0.02514902279032119,0.517091661616218,standing
11,0.2897352593680048,0.14101849946609069,0.012707736002624467,0.07994129703847302,0.07957969562445437,0.407847843261576,0.10357661030861717,0.2761891969123984,standing
10,0.12347214832819617,0.0,0.0,0.03308748527297851,0.0,0.24957658226831625,0.20179292321036607,0.23113274967031108,lying
17,1.4833741313961157,0.9237667204187444,0.5640334497143573,0.7130531773404317,2.2749914213289286,1.2733870979289381,0.8647320866142361,0.708915395669161,stairs
22,1.87199539415207,0.8907716322999409,0.7958861994675481,0.558320858064179,2.6243146993132695,1.2913479422199414,0.933569375013737,0.672071032477275,stairs
35,1.1945599070121085,1.0063885647524624,0.7940086198319316,0.564685739166356,1.7074443477112156,1.1776276222978153,0.5412775257882528,0.5049215360715195,walking
32,1.0577740860453653,0.8330653638622102,0.7923649498273638,0.3932493720370834,1.3521169113325013,1.157057891761804,0.6409839851227142,0.5411610061554986,walking
13,1.6413918067112183,0.9172559666707025,0.7330350017086602,0.6852838288297474,2.1368493032857465,1.36513234231963,0.6548872910946741,0.6587141133114279,stairs
3,0.027386851335001024,0.01145134618775031,0.0,0.07132239863885059,0.0,0.21802505376347114,0.0,0.19940919597952877,lying
11,1.0034753652115467,0.6428858968541793,0.8066411272869288,0.5384546817327716,1.3267286616135727,1.3705052399051274,0.5501884556753636,0.44960552437777646,walking
33,0.09056547719983432,0.06241654724828474,0.09355643891026655,0.18914405960945052,0.16319150288876694,0.46120524705713284,0.018331723327962207,0.3569636491680882,standing
33,1.2354812184032085,0.7239485845176893,1.0305972306489815,0.4680012509899991,1.3403382086255125,1.4038570138875246,0.6974995365707622,0.4976204921473297,walking
30,0.43603201240434386,0.09537398047966231,0.30934759538822315,0.03834659831193536,0.0822361749506932,0.5517856574229529,0.2875107496718079,0.34914913199826025,standing
18,0.23375054658473807,0.0,0.07955151316839575,0.08056401058923944,0.10858805248408863,0.1629432117607589,0.16786297167000075,0.23427790664831888,sitting
23,1.2871303761637336,0.8150630666314194,0.9031099536418676,0.5356460033326446,1.397505431863304,1.3569471068024597,0.6221662691357588,0.5016611903420022,walking
30,0.48586414307321146,0.13836719926669494,0.19944515977454008,0.15815374837430954,0.3729202712756854,0.24687279186832892,0.22221646724967292,0.18564693187349945,standing
39,2.202683257981548,0.7684128649625328,1.5593668675068773,0.6082638387634317,1.944669388199027,1.4794756158025961,0.8289564809292101,0.6526961399714232,stairs
36,0.0,0.0,0.0,0.0,0.21314176090525486,0.0929497917207244,0.1313024206811991,0.23059236824040427,lying
22,0.3379864588244242,0.031021739540998128,0.2296631405898596,0.06524634775152444,0.039187521348667105,0.6822617050853879,0.09822004516037701,0.2702820339371913,standing
19,0.0929337016409395,0.1255507175159934,0.17971372942597572,0.3063970207429867,0.014794876985129948,0.25500508238956926,0.14744066717618218,0.3327823901688962,standing
19,0.23254427817264112,0.28944070975052794,0.08901702568285326,0.17139739844466118,0.20791441282898798,0.0,0.05361715568828758,0.34104421225692894,standing
16,0.2704532029407869,0.1262922920612042,0.08745649189502647,0.07697557055269429,0.3862143012501049,0.02700778810883331,0.17812455734365107,0.3535461927123108,sitting
5,1.293976310353915,0.7206878213871366,0.8264392898057337,0.31707875215872855,1.7065470646927559,1.207944141102758,0.6233478967077476,0.5365113129144076,walking
39,0.3586610577279807,0.07477668635850661,0.33189104400864805,0.11309130439130138,0.130455687704748,0.23419579056430354,0.267729347539769,0.28419848837142897,standing
19,0.21975630908273935,0.20954196686367546,0.22655775467529526,0.17111987871485596,0.004966764290584666,0.5224277884754001,0.08830914496572426,0.37150536635109493,standing
36,0.20700420615828002,0.14857939644525806,0.10606561801858899,0.1752825050483125,0.056625635979467605,0.1777960998044677,0.114853759633602,0.42931034536321233,sitting
33,0.10070285186951239,0.0,0.052657659920854055,0.03717610695092197,0.017277461290415408,0.12655387876852459,0.08485015258423317,0.14192133468311682,lying
7,1.71125381498917,0.7570165314781797,0.8687601876779878,0.6708855849241379,2.3320250259077957,1.3323290770146596,0.9006049419208638,0.5205902815666648,stairs
12,0.9625330125606284,0.7716375774440065,0.6896307621562782,0.46525663042796267,1.4903764493463147,1.1104332156868095,0.6704481205823581,0.46127994803807637,walking
31,0.2809874269627936,0.1861206364656471,0.09115365506092812,0.0883966837562244,0.0,0.4065726511379432,0.007020320301062213,0.31458974486161784,sitting
24,0.13754188997543604,0.0,0.0,0.0,0.0,0.0810429687817661,0.17653438664682475,0.3809628272095085,lying
34,0.1294436807249288,0.18105129283500893,0.013578595406768652,0.0,0.0,0.1281236752966481,0.06220356284044186,0.2875416144021131,lying
35,0.0,0.017584531096592085,0.1120707019824839,0.0,0.0,0.062256843764466906,0.04929016914142972,0.20348059802153112,lying
31,0.07029533714737524,0.13103330993429882,0.10242927046658545,0.12840254917075591,0.0,0.14891243905445045,0.004897165345927001,0.24499438486896916,lying
6,1.6256830067398644,0.9403607794926353,1.2896126948343265,0.6972558950424365,2.0988775947096676,1.6386027163637265,0.8247302315814649,0.6033536199177942,stairs
12,0.0,0.12850333831673774,0.0,0.0,0.0,0.14246264724030483,0.0,0.16325836628918372,lying
36,0.41270040019034526,0.08977409263147249,0.06107121637743617,0.0,0.38382543673759795,0.40111498128226014,0.050528174528773395,0.44304741453543406,standing
2,0.037452476336968604,0.009438899191070313,0.0,0.0,0.0,0.40579742479668557,0.11116155123490709,0.4124131169739441,sitting
17,0.15609419100922595,0.03876113567824238,0.11466040871582245,0.0,0.0,0.0,0.10136701297052453,0.1378620563774297,lying
22,1.5399597229231707,1.0096835738682306,0.904795338180596,0.6719138087875182,2.2064499309867047,1.2461632859391916,0.7417226698794964,0.569729235409676,stairs
12,1.3429638835530775,0.8156523992406995,1.1688095761084685,0.6741866907979658,2.0993598237930255,1.4163839349905651,0.8365423918313475,0.5473922686723356,stairs
39,0.2322603183347645,0.04030012806101429,0.07960012012825055,0.05476236655949197,0.1442534794649392,0.3386680474171508,0.1572178481934192,0.3496006709352264,sitting
13,0.4948198478192224,0.052376582822884654,0.08878380732352686,0.09446929561996867,0.0,0.3932034194905556,0.1614606479393182,0.20124769720459962,standing
17,0.0,0.028014941708623852,0.0022496603545967137,0.09192119774238164,0.0,0.056482190281170366,0.08211132159867637,0.29667964252726925,lying
5,0.1260286596431433,0.12924589342939516,0.18181586108131578,0.013621018771492396,0.1727148976750621,0.2673776201476631,0.17181174940799165,0.40205399342730935,standing
39,1.5955329778491567,0.6265859148354357,0.5977119294921536,0.3504077647060614,2.0386119863450745,1.2037398240955304,0.5655871016142633,0.6075475343644483,walking
9,1.7115554412451774,1.0205458874596427,1.4447721641971494,0.7894088399800248,2.194904150497236,1.4193216329945932,0.9827466364969385,0.5621186705317831,stairs
6,0.9659542821904807,0.6163916296851554,0.912168883112958,0.5709075337647993,1.5707865513019896,1.0383393967128132,0.7139981977124772,0.41552504768505455,walking
29,1.0269945597989092,0.5805260721726615,0.8590300941291125,0.3289015833863892,1.679590434787508,0.9382631136720503,0.8042595157891808,0.5454574327301095,walking
17,1.1704932879424723,0.5423307448464685,0.8384795857058678,0.4020074497129429,1.6079568935403876,1.3676510384600071,0.5986391418851011,0.6045395804518247,walking
9,0.11030594271734552,0.02191145439787566,0.14841269334304646,0.09370000510982315,0.04386527469323605,0.0,0.0,0.29288213280416336,lying
6,0.3463813249469749,0.16333972742943845,0.17593125644427368,0.028062314381923185,0.14103123016291555,0.6143175206147837,0.09464674375281065,0.39235143878591233,standing
40,0.3287504098308175,0.24903105067405917,0.0,0.0,0.0,0.11052631397733693,0.046191938422998055,0.39013324491585377,sitting
19,1.5033172080113566,0.7351334164740968,0.8143673679802977,0.39594472332875785,1.5794556799101496,1.1204365606997595,0.6227497595138214,0.45302817039682913,walking
34,1.117510794253128,0.6101546614407335,0.567822781164989,0.5368617083964301,1.4501598283572026,1.249407564450356,0.7392363270811529,0.41305526470418374,walking
3,1.8412172273282756,0.8376528029653951,1.2733071692115159,0.6270544481640971,2.1344098092087753,1.5060663157060188,0.8423673761603713,0.5878198078155792,stairs
22,0.19994107337581746,0.3008652213988833,0.10675506986874952,0.0658511074250284,0.13632842632530856,0.6822945033884431,0.015412093199576746,0.18839090178141385,standing
13,0.26106133456712305,0.15018398709944003,0.05783564084245574,0.10069834429479727,0.23712723762616106,0.15335483462675895,0.13226123179631427,0.12328095912164772,sitting
34,0.0,0.0,0.060548612518476985,0.0496283999415643,0.0,0.004811446126589791,0.048477791748844604,0.25677780774410564,lying
1,1.3675907388243436,0.895656894554853,1.070108911291049,0.6261878881286592,2.05839101509941,1.358616189117631,0.8311838233501311,0.5234684047813026,stairs
31,1.393116423724194,0.6460745611923502,0.6425555787458284,0.46885918349716077,1.5421900642874322,1.0318599457096442,0.5630649629408786,0.5264245809662292,walking
21,1.3714526555801063,0.7987940600360974,0.8068953450156001,0.4772343221878664,1.7302025342075282,1.2206440230660391,0.47670088972124114,0.3964910262822181,walking
26,0.09444488639850993,0.09996419551244774,0.05727732884712855,0.0,0.004448968072667932,0.33546479287300646,0.0,0.17394594089902238,sitting
17,0.0800595619267724,0.043189760582689425,0.08803577723685858,0.0,0.11000101542632507,0.0,0.0,0.1589620290115535,lying
18,0.2830623013775363,0.20364612063344123,0.1414135420860872,0.021013432064200786,0.07694302548328194,0.20818824619365905,0.093934343629451,0.2607818113471879,sitting
25,0.28208797503709965,0.08789461269858244,0.020839504604214354,0.0528361902902722,0.17656047378248868,0.20177043807399603,0.0,0.29557657970894896,sitting
7,0.1167039790175362,0.0,0.016376163919317566,0.04895657183838804,0.0,0.0,0.30808839425853823,0.26035831950575583,sitting
28,0.24120765365713834,0.0008000366884931415,0.13195783869682887,0.03286993322277802,0.0,0.15072428570296414,0.0657683097129347,0.23223562461048353,sitting
19,0.06913551124703149,0.012368497790837027,0.0,0.025814314166933312,0.12030468514106007,0.3499671780814843,0.02980525698218048,0.25107541501172087,lying
24,0.25321363199976155,0.24383414993846353,0.16790755194491114,0.1944636732075662,0.1280548957740977,0.35043148602783614,0.1077294872111027,0.22943190787645507,standing
29,0.21694002759945907,0.11590047811969839,0.1123008080619316,0.06396471611861833,0.33691608635779857,0.45262329025071546,0.08238608387649883,0.29011809769566066,standing
13,1.2259721618413575,0.9001116220512025,0.9381535198154562,0.5004839503288311,1.4967023164592577,1.0812146827775488,0.7509954448636329,0.6308116684603713,walking
36,0.01923778606849122,0.08594985065641231,0.0,0.0,0.0,0.07486456112208532,0.11338387862883623,0.31971999493602543,lying
9,0.00955361337438046,0.06541866069693969,0.008695534988811066,0.044320425756103767,0.0,0.0854811174944808,0.0,0.2799864461964788,lying
1,0.1632271718701871,0.17458970382286987,0.12647487259040377,0.10748992330353321,0.0,0.7193176928078002,0.0,0.3807934648380398,standing
31,0.151368129519466,0.0,0.04853712970264524,0.06741361948823771,0.2795619187366888,0.09244565860455245,0.0,0.22100181228802565,lying
28,0.24322400036163566,0.15707862022440672,0.1024321645761329,0.0,0.0,0.37325294264657694,0.09820915228903303,0.2889003714245598,standing
10,0.09779879930645342,0.017868775435762034,0.057394658461234,0.06229381057277379,0.0,0.011825886075050196,0.07875783726830686,0.2290526650637163,lying
12,1.6622254064462931,0.7095731806416559,1.0250031243139006,0.6668803399741076,2.2162110645033652,1.3746765359649025,0.888900120923184,0.5883614854830048,stairs
12,0.2053264727455762,0.12591899347851612,0.0,0.0,0.0,0.13810571630343915,0.0,0.23839196650048847,lying
15,1.553580361675507,0.9341808448938893,0.6863557510091813,0.608859907566918,2.299620207718367,1.4162746110907285,0.7406054991812351,0.6283556459125128,stairs
30,1.3087324910746962,0.6072146981467388,0.46561662527876463,0.5004855927265529,1.6098747024839777,1.2560307286895984,0.728946148612545,0.4464744222656242,walking
24,0.0,0.0137238903002494,0.0,0.08480497676378126,0.38506298834634933,0.0,0.057893257573509424,0.20745016002196767,lying
23,0.20091905366421936,0.07540423238763734,0.09083287209592728,0.0,0.0,0.1434274282801955,0.049548039612614066,0.3573291203062481,lying
33,0.3269796612915943,0.0,0.0,0.01755556940872647,0.0,0.06961508948896111,0.11707057450912958,0.2245849068079962,standing
2,0.2917048392032393,0.0,0.1339254708590808,0.04493449872107039,0.2576661266159197,0.31428121637340123,0.0771933671830506,0.22169753763021602,sitting
12,0.19177706841806552,0.029331989952924548,0.054974026607727704,0.0,0.0,0.2357772001229575,0.015750367167331504,0.22147252598432976,sitting
2,1.730107177488283,1.0069979247325613,1.1482727344096344,0.624145434959234,2.4013593619358224,1.5302325954926796,0.7467895615994466,0.7589584296914389,stairs
33,0.8893370838604,0.8017234964218386,0.7021484195499414,0.4613329304907718,1.7086227158273453,1.0449455076936305,0.5120759817497642,0.47408753795864694,walking
23,1.22867226528948,0.7949822579116675,0.8122074668406488,0.47137694953440634,1.790141223249464,1.0264183623034897,0.5607802522364549,0.4618832208826684,walking
33,1.3696354731662883,1.1205395583887783,1.1741941250962193,0.7153611826975824,2.113464591676714,1.424616935389001,0.875924139849854,0.6596204235409026,stairs
22,0.2950391197607885,0.0,0.025119082143609445,0.17775944160731275,0.23254380591176615,0.2117573487628067,0.04902366510974977,0.36597437527771143,standing
32,0.09216837845410494,0.18942427683379048,0.15206026826890204,0.14643532957377187,0.1035802398736865,0.4716608733115748,0.05383330316750061,0.38966362386708375,sitting
1,0.8280501004490746,0.5352218293964173,0.5617918368245334,0.2917612441968581,1.7250346447350047,1.2650176588468325,0.5927565724415701,0.7073883598740998,walking
37,1.7707327869595477,0.9627618720296125,0.9581899744033877,0.6819957075125974,2.0468957761197615,1.3750651479640377,0.8144450380814272,0.48378049184213656,stairs
19,0.9851573444967744,0.6761723804198227,0.7032939214664315,0.38352037626790975,1.9211849398234957,1.0597441495994493,0.6957058324499926,0.588305315252818,walking
6,1.041632755858408,0.4763421977597772,0.6269255879700569,0.6000140773017735,1.699204401185473,1.0875648315553723,0.662614121407327,0.5680924452834601,walking
1,0.12766201739202412,0.11765723501748447,0.026100136353698337,0.09830818034236163,0.0,0.13658992918411883,0.07347494035037944,0.281724891460287,sitting
22,1.6794769107498333,1.0389709386028843,1.2938770461074445,0.7627997259517951,2.375050300764075,1.3772957798614098,0.7871526508437986,0.6560688566091768,stairs
28,0.5900308830757564,0.181543269327659,0.11350056198162177,0.0,0.0,0.3817006495529061,0.14767480369887404,0.34566619415431554,standing
39,1.03946471253039,0.715985267646847,0.5328845888574437,0.4251685961248909,1.6666534116206098,1.016772622085922,0.7267720111271192,0.4339104952646729,walking
23,0.3324927827288012,0.19749302168051583,0.03375506456585597,0.0,0.0,0.20862821493580708,0.0,0.15786261846490005,lying
11,1.0819014557656117,0.5244830349127154,0.9896838504455326,0.40667366200152205,1.6835441458003209,1.1255326293662498,0.7446852985948182,0.5791971924918681,walking
20,1.5936895584943134,0.6823283039850463,0.6554836795049779,0.4322060370328398,1.7759702611999957,1.2378425703608467,0.46445706011199217,0.5846791021403094,walking
5,0.06975248974284061,0.1373256938918072,0.08340131750076256,0.01729142535987537,0.2815824554893984,0.0,0.07230761900010217,0.38653405740601304,lying
39,1.5488488880198008,0.8605210951984698,0.8907986166698727,0.5653262368910459,2.3551011082213176,1.5160339370231208,0.7376064833492153,0.6114454579575382,stairs
7,1.0364601259828279,0.6995994442295749,0.8302659293089408,0.5535960329243412,1.5137995431696347,1.1176145763711114,0.6731468064919864,0.5805125646171257,walking
2,0.20186218490246544,0.08978562683938643,0.010374791934038785,0.10302341755470196,0.12575812535610748,0.279550076156638,0.03767463103384868,0.287952375680759,sitting
9,0.0,0.09176161674098092,0.0,0.0,0.10214971737756454,0.4515601686870789,0.21659685549279895,0.22160205890884987,sitting
32,1.293306414361054,0.6393486550322013,0.7464496334520443,0.21434111528289218,1.5125154774897904,1.0847558111286428,0.5119783162651965,0.48143610880323295,walking
18,1.9650816678544678,0.949524737176894,1.044655502522693,0.7068316640861737,1.8206603972490907,1.5890897456000221,0.9052933112356314,0.6943127304056423,stairs
40,0.0825259636717962,0.08319364519623769,0.003468513874316799,0.045092170363622494,0.0,0.0,0.0,0.2373830348488449,lying
22,0.21944282306573792,0.10949509109762104,0.0,0.0,0.05426644953391349,0.1025653438117054,0.09199208289541508,0.30891566018709404,standing
36,0.22342414763426288,0.14781243927183188,0.1588509762173545,0.11126750405428841,0.0,0.5995203397048762,0.1927911727869302,0.29487121511153924,standing
23,0.0944028622959708,0.15730265511288768,0.08890479164641739,0.11650532440688148,0.32700734841796447,0.0,0.033444556332669226,0.277917537054937,sitting
11,1.8148996633850547,0.8914067901373837,1.2540119037234674,0.5768518243018391,2.287872641054314,1.7779689457621952,0.757909457331764,0.5900203363923265,stairs
25,0.43913152403165023,0.37045402824279516,0.21299088024992027,0.19952539702421035,0.40839595013594265,0.39519838422673603,0.19572057855165348,0.2281793709936646,standing
30,0.09966118304410496,0.07407311368325968,0.0,0.0,0.0,0.13943653179628718,0.050058344081887494,0.2293170313231982,lying
31,0.02772122389454952,0.0,0.03462627474818735,0.07929330991043951,0.143409721357806,0.3172089241003559,0.0605094240357677,0.3789345334004249,lying
18,1.2768272700881622,0.6168336043718333,0.9848264562726528,0.4228709745430216,1.978168486060349,1.2444845241512927,0.5696300159348877,0.5143306112259857,walking
14,0.15883779635298134,0.1480923217884562,0.22053924417128581,0.0,0.0,0.27150625135013656,0.16988373971996368,0.10057563306656717,standing
23,0.3524743719943776,0.19169621083991065,0.1695530859003216,0.012663409525086662,0.0,0.3213737980315824,0.15512818691463684,0.25120891744907403,standing
31,0.3634273399665862,0.13354940303833382,0.07587417624489534,0.0,0.17416670426305983,0.5056281595488508,0.09482238378787075,0.25143161320586116,standing
6,0.43406187486973136,0.15594004323659755,0.09101277539074384,0.09026312996756124,0.20924136626542708,0.45247961288866767,0.04484450686910614,0.19544785573018658,standing
38,1.2916139022875697,0.7698357021569344,0.7601299135176676,0.3689839229125712,1.3472071606224125,1.2537070745214192,0.6585249531754874,0.6330295367766908,walking
13,0.04269473328132429,0.09062772427659728,0.01821165528075019,0.0057349330798382794,0.0,0.0881974473286313,0.07887845160107052,0.14027990027674964,lying
28,0.2446860178377577,0.46211451757063826,0.09772670643813172,0.0,0.07395941240720241,0.5167323227330314,0.14935038546303364,0.20437566712435126,standing
8,1.396772868501491,0.9490645527720473,1.2511586946473754,0.7336405728356796,2.0165640004932395,1.5147960281210715,0.8291830037884991,0.4801477999178987,stairs
27,1.1516502901931072,0.7123599395954427,0.6252193220303661,0.33631253306809217,1.7275449335228437,1.2315898881080891,0.5424147086561993,0.4909671179101721,walking
2,1.3456118296758601,0.7674887666857898,1.1789354153958551,0.5738948359443997,2.413970686729947,1.6337619809969717,0.8942358020101348,0.5112881689442833,stairs
21,1.5817168163712945,0.8555133213523766,0.8696341408199489,0.6991517361173291,2.496464860125247,1.6027224149648482,0.881342953741216,0.609746049433287,stairs
18,0.0630682830474563,0.05954681268894002,0.12072611011873308,0.14748922418069335,0.14656941793848038,0.2748042244456689,0.17437134272437183,0.2935294244313854,lying
33,0.15391717615322714,0.023558993645346832,0.1737304137781101,0.13221183324798913,0.0,0.0,0.06099359148462476,0.18136411181659198,sitting
34,1.8515294779154696,0.8404555351079785,1.092820448024317,0.6109348085267724,2.35374157486457,1.3186948529102371,0.7968072532592669,0.6739680880481516,stairs
29,0.20197112566735778,0.06074188601483535,0.1229903355680227,0.014266848037431445,0.38714939920895963,0.3580392940865946,0.12707384057270726,0.3344435365265903,standing
18,0.11865078323462869,0.23251302854473171,0.19678801565200016,0.05658651668752383,0.08589968066491802,0.3247483999235259,0.12687602225650746,0.4115454705353492,standing
17,1.634312664595676,0.9595319856216078,1.1437183215800057,0.5514714269035272,2.3101703366493016,1.4560093487075654,0.7401655101486246,0.6491793202782581,stairs
37,0.2210150634738085,0.029765951513702676,0.12393545519654853,0.00933242839027134,0.4874686185216966,0.30343252363691486,0.12032760502775985,0.2608979926123692,sitting
19,0.4187464514691326,0.3393560324437902,0.1461104347566114,0.0,0.07923927117968847,0.23369649621916236,0.1036188330365409,0.2754431881169092,standing
16,0.1649382688170553,0.057760771653966564,0.21445306450224838,0.08407064023692526,0.13473720115268872,0.16705319381118372,0.18743762716282225,0.32286840555758545,sitting
10,0.0,0.0,0.03157027647501803,0.08703558935962916,0.24796750436255227,0.2593322943168024,0.0,0.2530187811092999,lying
20,1.5549402813279494,0.9630300293183619,0.978232980274907,0.7875478159521728,2.0715903566894425,1.64847234541291,0.7825692365496093,0.59538975058719,stairs
36,1.8882880461688887,1.005327071908341,0.9487464236992696,0.7060534201484986,2.4504734553349063,1.4916226895427844,0.8376724519385267,0.5124858807712134,stairs
10,0.09986690687569666,0.21288846950138618,0.10861540576891372,0.05606854522864167,0.10788397401952651,0.7304201727532937,0.2005865781519081,0.3268519988324632,standing
1,1.0986405797809078,0.6699781429092706,0.8195643156737416,0.5235149358869351,1.5071355620384996,1.3453470343656122,0.5008368300023439,0.569833451020913,walking
33,1.6086146968757968,0.6766942644051634,1.1697028015572828,0.6415171580099567,2.1979799583547432,1.4599301436403407,0.8208755360705451,0.7120453877559721,stairs
1,0.34635794108834084,0.013535524969264717,0.09065327836753273,0.1533012163770356,0.0,0.2648241103726031,0.04975168043092709,0.22264994111387193,standing
17,0.0550529788907482,0.06291958256017971,0.09221008039249476,0.176976854112576,0.24995783193748677,0.29535361038809416,0.10436017636257627,0.27827315071045455,lying
26,0.9251717678427511,0.618277409918932,1.2103790874360827,0.40304890167177004,1.8513630350251473,1.2352921544595006,0.6684744781053857,0.6176367683616443,walking
25,0.46125137477036166,0.22560197996564083,0.0,0.0,0.16243914002786808,0.26589393116581056,0.12448742288078704,0.29775870311849795,sitting
28,0.5338506145985104,0.16812507161772444,0.06050789128876323,0.11609822429244113,0.1265008172740717,0.19573322773629356,0.21401370943541442,0.35911547934455035,standing
9,0.11536396987199612,0.12665608102931444,0.0,0.0,0.35864248947536875,0.2043883412424815,0.08384108441874302,0.25834122184537633,sitting
27,0.10975278957511947,0.08623000759738728,0.10724947677135233,0.0,0.28475380522472316,0.08762687536927745,0.05951883288928253,0.21227353228515353,lying
36,1.4431436018330253,0.8840639984214568,1.3275479175955447,0.7227849929064228,2.092186524032482,1.7377114805319396,0.8296422364885169,0.7080847536479135,stairs
4,0.3429423007121939,0.0,0.046696093549843026,0.06951125222706123,0.13659770017563733,0.45651607304253927,0.0,0.35787514691934386,standing
11,0.011518537388468475,0.0,0.05536028559020133,0.015288011286136069,0.255477476920947,0.0,0.06355910834964343,0.17913626794355308,lying
2,0.3397886764179027,0.020652327848833973,0.06699179879072006,0.02040746195073779,0.1929329264085939,0.3260904563553743,0.0505520418103423,0.20457863792781109,standing
36,1.4610472582206508,0.5004502463412486,0.7375666356604601,0.4445942013291187,1.4153482070336083,1.422312296986116,0.5365122969324517,0.6702996612337335,walking
31,2.098559235259529,0.8751753996899745,1.0422319343120516,0.4961169769969538,1.9514809081294802,1.543566040140316,0.8425475577515229,0.4871016843463868,stairs
34,0.16269591269895906,0.3541262598850633,0.13837984133127101,0.07808035500116989,0.0,0.2775863554080418,0.18201852487970926,0.2942922293186285,standing
9,0.36076126027706784,0.0,0.1755740574375107,0.07649374523413668,0.0,0.25092938776095697,0.12877975527414154,0.35414086054304905,standing
17,0.9919055375728714,0.692851305434183,0.8950659228870431,0.6095349392093332,1.5022634175275875,1.1793187514461512,0.6624375047516946,0.5088152246449984,walking
16,0.22556816482681152,0.0,0.07186792101336052,0.0,0.22351782418182126,0.11840764072219223,0.0,0.3837444610239061,lying
9,1.3787860053609773,0.7984760103640485,1.0124822117650174,0.9974298473501153,2.2468274039204634,1.678452430752654,0.8655533711095422,0.6305767990227323,stairs
40,1.183786841051969,0.8535849460428642,1.4283383080276422,0.7037842616081409,2.248010184111969,1.6065023976516688,1.02974377146172,0.6167784924398172,stairs
25,0.19040887416863736,0.22673847220782625,0.027193310304749287,0.0,0.09833454470683496,0.4900365394303896,0.06784180521253239,0.2869296434437784,sitting
7,0.09634298005540033,0.279386663110338,0.13675486972054995,0.0,0.031629979901927306,0.17583786312380495,0.0,0.3803433931302934,lying
23,1.9566700160978039,0.7502911976891332,1.1526399747013603,0.728735475962803,2.1871727305282045,1.4288798281702808,0.8633168470027517,0.5392300265015246,stairs
19,1.481180604903389,0.6567519686961507,0.5441837947585071,0.6713288880102215,1.4325892517784409,1.0419068291252855,0.6249243108295979,0.5867203224057858,walking
4,1.240946522182283,0.8374614586448818,1.0985572640467536,0.5004315916644492,1.7182077699061205,1.1717783878749035,0.5134028207525756,0.3369922893760392,walking
21,0.30427748390474463,0.06099505971726203,0.17096439401237076,0.0,0.25894542468940906,0.2607443052870152,0.10632141384953055,0.20101320394782904,standing
27,0.33467907533678043,0.09038374300944797,0.1491605829569771,0.0,0.05280305877370673,0.6619973715717358,0.0022852452501673087,0.3687801739537921,standing
12,0.0,0.14303691462176554,0.0,0.08359028705174013,0.0,0.19116166480664767,0.07298101860644221,0.36230959755748154,lying
14,1.7751927399646057,0.8191472883116351,1.3573519471268156,0.5707858796710993,2.096761835558259,1.4504262147885771,0.9064650290218434,0.6163393941711733,stairs
10,0.2887609373580117,0.0,0.07981218703352456,0.19625711790894917,0.0,0.1629410976687217,0.06328379091635203,0.3232736929640345,sitting
19,0.19554721376562506,0.42481312397712734,0.017687904485059594,0.06714050403613528,0.0,0.16455193448277183,0.17256267754950033,0.382694444193927,standing
37,1.6182460485378674,0.6806007716787389,0.8618423666222206,0.2902674731456703,1.3826773334975853,1.3710754911381664,0.5067532151300909,0.49575845775490984,walking
2,0.31177731801506603,0.1831306678691341,0.04894929377260937,0.0,0.05159644777760742,0.3852015110966599,0.12524556112989052,0.2761289490536628,standing
4,1.0360079469441095,0.9011928545382434,0.9176164062677666,0.5620718027937059,2.2055876881154273,1.1771161164024926,0.8990980359247182,0.6583670364784028,stairs
21,0.028608675299102583,0.18231838828570224,0.0,0.0,0.0,0.3595099539676667,0.035236605296413155,0.1854614540950179,lying
6,0.200227528676804,0.1144511578187345,0.027248756761695345,0.07506149198823148,0.09332731401224986,0.0,0.0,0.30034803080008426,lying
28,1.3186650580351102,0.438972731416965,0.8864306452650029,0.3859619765522685,1.7155209637075106,1.2164758724024705,0.5752241957695676,0.48502124108200806,walking
37,0.15943453139387098,0.0,0.0,0.0,0.027037000746513294,0.013559193163659139,0.0,0.1555658106573788,lying
7,0.29215545865343373,0.11692925756976535,0.042145831045321894,0.10390518430174288,0.1108637642886957,0.5115921784047912,0.09329042041483142,0.24223921459382863,standing
31,0.13670765471374885,0.11100737773016617,0.0695549267938587,0.0,0.26005404308494173,0.0,0.0476813634899015,0.30715233855284707,sitting
14,0.30074480445677015,0.18671913014243496,0.23090689927423502,0.04358572123696196,0.0,0.18925948240963786,0.1348299734795355,0.3149001609028384,sitting
20,0.0,0.14417308588104738,0.06672465197985536,0.09839590104192028,0.010056276737655676,0.16675283739138125,0.0,0.2318908191004505,lying
40,0.06176859560822347,0.0,0.08906401860345022,0.15605972769398727,0.16386487340773845,0.24781877119978182,0.039058726604135924,0.24124741599574134,lying
25,0.1283624597006637,0.0,0.0,0.0,0.09470179670874333,0.0,0.036637704783466125,0.36532198313000974,sitting
18,0.1331134747700982,0.0,0.0927147007196706,0.0,0.0,0.27804020144903513,0.15412102157744534,0.18225384873462075,sitting
8,0.06748091431293844,0.13376975722676576,0.08270059621356939,0.0743308630243871,0.21464499521627559,0.3729850592059539,0.07326768542904691,0.3451363464093045,sitting
24,1.3058838363859864,0.6686053559696288,0.5943286286782594,0.4299128727638817,1.3784434827513872,1.234491875431141,0.7138363243978904,0.5011376692216016,walking
14,0.0,0.09359000917384401,0.0,0.0,0.024808866635249713,0.20317213289251496,0.1517690392776703,0.3411365382189686,lying
18,1.746751791527083,0.4877703167897243,0.9051075336809564,0.5157213036093178,1.3726354973891883,1.3542250954493034,0.5864335028129465,0.5701727332082144,walking
23,0.3244694795422031,0.0444840542187153,0.03253167191558402,0.0,0.1554047997404723,0.0725375746344383,0.0,0.19041191028000098,sitting
17,0.4958337296439808,0.18732494597165242,0.22119421869303976,0.0,0.0,0.15071389446920383,0.18214249483497713,0.45491436986418077,standing
6,0.45743135726284845,0.38931193277789017,0.04841610323186234,0.0544994685713653,0.4927254219599171,0.4332762244611285,0.2280105109692573,0.31950743340436105,standing
7,0.12592564767446593,0.13929136085319163,0.0,0.0,0.0,0.2729539040393273,0.0,0.27143987711397,lying
32,1.815157437667934,0.7186348052355079,0.8529316744392152,0.7235158882316153,2.2698461484393726,1.4895990107667034,0.8683520186130922,0.6228826682332318,stairs
38,0.22238894291576206,0.17591808418184127,0.08525135246866314,0.0,0.3441728346405888,0.4497093100703771,0.01707907815735596,0.4189604117995375,standing
18,0.0,0.049353202308946964,0.0022164371776414796,0.025886021993726152,0.0,0.0,0.0,0.31734552984807546,lying
24,0.38226236697834565,0.08089670923148459,0.11394942130600119,0.17331477802958395,0.0,0.39432882361761284,0.29691639357278593,0.38700499328111887,standing
22,0.019675816621022878,0.0,0.16417074988613817,0.14700059203695764,0.1833335838228846,0.08502580480507949,0.0,0.4363638358789159,lying
32,1.9724711305541631,0.9509266639155227,1.2609511544692624,0.6512032665020068,2.252644643729783,1.515447633559992,0.7116647587974559,0.6505455622945177,stairs
4,0.12934890092836085,0.1253319528649364,0.0,0.0,0.0,0.322644515477382,0.10855892315924803,0.3474028763218322,lying
14,0.203204367511632,0.21881133508946654,0.09759780954862202,0.0,0.0,0.19857500105976206,0.15400841418380395,0.21189193790378666,sitting
17,0.8431006290938723,0.6380572414649753,0.6958950751941073,0.6963886631100661,1.4504631713939433,0.9228139209221808,0.7721954390018213,0.5902379968050161,walking
33,0.2692857606593943,0.0,0.20526624429834267,0.0,0.12902944173836314,0.4233921932784948,0.0420820932553243,0.3040670688984284,sitting
22,1.6108039904161782,1.1118772862333373,1.2807447430694487,0.6602645244739446,2.1784966302438,1.6439043922240764,0.7224640866095395,0.5995379199753653,stairs
3,0.17121156830046474,0.0,0.09549299921544858,0.16832265358015028,0.0,0.0,0.18049700503814212,0.2045045280387733,lying
2,1.3893394644494217,0.8132104572894496,0.4479003452915562,0.44162372593604093,1.7754606002991982,1.306909358343346,0.7040552977956368,0.40517083501343554,walking
2,0.2587622392296649,0.2091492393744086,0.000283611263951572,0.16650269852102217,0.20833769432218596,0.28856928273746735,0.16953796379448388,0.3901183854083859,standing
31,1.2989640329917032,0.674635851316329,0.7245178831379476,0.5953414514998211,1.7632732512816776,1.206188711346763,0.7153856686853257,0.47996998023482745,walking
23,1.4433338976160326,0.6357548129755696,0.9723731515585687,0.5788040995081226,1.9167823319708346,1.0601599117162905,0.8816082495072142,0.4784927813108264,walking
10,0.36263322773199264,0.22111188362985415,0.17842268532362915,0.2730368574263013,0.08361436573154934,0.3557684028887834,0.31578346506105026,0.36224891307213414,standing
21,1.5280472671461238,0.9960787220872777,0.978647826863248,0.531062549754528,2.376477782867586,1.2658193613926838,0.941264792532501,0.6544000566833283,stairs
24,1.3481211718806967,0.776823623672511,0.988087151336227,0.6841613511696044,1.4362917451551416,1.1837628483291158,0.6277956267924423,0.5537179228694196,walking
6,0.1549106186588167,0.20639116913073768,0.048977680467463695,0.040020616680561207,0.0,0.0,0.12465763776143507,0.23305552736431526,lying
10,1.2544657346324761,0.7151852151465408,0.7404332811498998,0.4007875874071545,1.5072053259146982,1.0506515813279353,0.5999937250933202,0.4318675110084764,walking
28,1.1535504284671763,0.6729733287318576,0.7413917032054119,0.5098444946056516,1.5057852189469814,1.0285870383176283,0.6369924630253854,0.5397166355738471,walking
7,0.22113120512943568,0.2943572380102072,0.29917236308389744,0.12813869145691764,0.12781406405054868,0.1740042379661373,0.1070742476865555,0.2740380258160984,standing
25,1.3086725371935952,0.688444926339244,0.7537896772926498,0.6299353465400661,1.2127669808045038,1.0081379526181047,0.5738826109976021,0.5802112224482437,walking
1,0.12717009340719806,0.0,0.0,0.08267957885333546,0.06443472109258333,0.11616248723758418,0.0,0.1233272188501296,lying
22,0.38880176597413885,0.09736692375464448,0.15314210290930833,0.12613261229277756,0.012172949784105255,0.35128504186618376,0.29211626915211747,0.35470684569430344,standing
13,0.1398127039471769,0.12656097903305744,0.0,0.02103742465294185,0.0,0.0942504633326041,0.057778550704203555,0.21068505898058085,lying
15,1.1836365263953401,0.6345122958855233,0.8980197419735563,0.4853889068059989,1.7140453474508253,1.0095434421794351,0.6359702250880359,0.4503002662103696,walking
8,1.8420026487951366,0.9521337478703129,1.2210717837148986,0.734301309422385,2.2709787772480525,1.65602895600554,0.7243215063201535,0.5451403009763707,stairs
30,0.06697297536344538,0.17519234849359291,0.06895120831463117,0.1612969245481058,0.24575447805868894,0.2665895303351072,0.08998126811077117,0.21853658059971787,sitting
2,0.14835698349737245,0.0,0.2240456669610149,0.05658603910520865,0.02581586749016175,0.016860910149819913,0.0,0.24218459730475292,sitting
5,0.2456030250714888,0.08336092152356109,0.13006474361725592,0.0,0.19376905478991557,0.3252965739770947,0.06541099963857674,0.18474217198355214,sitting
37,0.0238848147896469,0.1909512742570992,0.042377295719105805,0.18601475646201981,0.0,0.2140452577361449,0.09108878165709766,0.15064222734014127,lying
1,0.232737297087934,0.22180818611126088,0.12741374643324935,0.07581792222065845,0.0,0.4539088387582721,0.24363476004367984,0.3019827008532519,standing
33,0.07002027672067139,0.0,0.12908799360586792,0.022499300887753204,0.0,0.09605962871387412,0.10223155781629693,0.21158219114123294,sitting
16,0.13251425823917437,0.3908134763141482,0.08618254442579998,0.08643210864908807,0.0,0.2452110709124252,0.13340441819570173,0.21516667601897635,sitting
34,2.0063291196072432,1.0298025743839474,0.9258649111453807,0.7305112990932441,2.318982583858698,1.277251122627169,0.8505402438000531,0.5972497372412754,stairs
4,0.1696183129107727,0.16712113424234243,0.06332980444409757,0.041152396822024304,0.1323248620219384,0.10718815925267372,0.19684236903846145,0.24461481769352314,lying
24,0.07476249862500056,0.0,0.11008890658338216,0.0,0.12013939903279904,0.22290367189864058,0.09266672598661102,0.28176608069689973,lying
40,0.07706436716876251,0.062123852035006075,0.06882917359779149,0.0,0.003914971352387442,0.0,0.008389341997661295,0.25224162644134973,lying
29,0.25351723592898145,0.17235935336362893,0.057168861279057626,0.13295571712572998,0.18065509375285282,0.08349051813771749,0.16323607226454595,0.21299809746488246,sitting
14,0.01086734224574451,0.043928939189458026,0.11339316827337306,0.16206374457416534,0.0,0.014672490629633037,0.04952887771655186,0.29753932028132213,lying
37,0.17946500466602427,0.0,0.1451250500144348,0.0,0.0,0.07361438118509353,0.0,0.40691194548647525,lying
22,1.0129911683518948,0.8083952196420083,0.6596320074676273,0.4659856239827273,1.544082822321473,0.9042571823637179,0.7553101639660276,0.49407908348531776,walking
8,1.1996322343380519,0.8465148260622245,1.1340090073664324,0.7571313486390001,2.1969483639187164,1.428728224321633,0.7251170230317231,0.5877581884217962,stairs
5,0.31570991954787486,0.26623522901945174,0.10519521461868453,0.0,0.1930455118780853,0.5582956953678384,0.004281026428030937,0.26245061102331924,standing
24,0.36058656046096327,0.11225973493439237,0.029931669249884302,0.11365926132037904,0.08094892774786608,0.21903615976726334,0.05559759525531793,0.38402319542455976,sitting
35,0.23397936315594187,0.34705565242579556,0.12039435052720618,0.0,0.0,0.128283952377235,0.12137912101235263,0.2704511736276444,standing
5,0.13399938501489955,0.10847416474365917,0.0473853760247213,0.03183868380692251,0.0,0.1609257860469396,0.17938514869474892,0.18825090879827172,lying
5,1.3419459931199746,0.5553717473253036,0.9440869898224589,0.6250894961205006,1.661604148877669,0.8915658480354864,0.551376192231056,0.6410883176500043,walking
18,1.6328140379869833,0.7919891127090745,0.9054683826048449,0.5783143451156697,2.146124348239372,1.4634735962927934,0.730844279562871,0.623163599020506,stairs
18,1.2917792562880854,0.670636041724894,0.9020490300675237,0.5139730054361806,1.6775065750529825,1.355126430864677,0.7228737065742028,0.4821115342323349,walking
31,0.15383090874235808,0.28331484960741404,0.0,0.0,0.018601549790108307,0.3677132619020303,0.01992909826024003,0.31374820603201337,standing
35,1.3440110525983144,0.7096330263069228,0.666426591404931,0.6262033964590519,1.6453995227645042,1.1362681114650472,0.7509660339245245,0.37991640420311734,walking
4,0.08323786490741618,0.0,0.12923075790651248,0.0,0.050257023813528826,0.035241668321571176,0.0,0.3132376359775059,lying
7,0.3404733462605388,0.1925646269435196,0.18615798302576558,0.1811684616811015,0.0,0.6040952351769717,0.1143117582670564,0.22764355734818004,standing
23,1.9784504367339124,0.8078074506566171,1.2035926235809713,0.6095405397738413,2.1972161885530883,1.3362932718355198,0.9289937030241168,0.7512036662286888,stairs
31,0.09352962918448741,0.116159012262643,0.05701941017973414,0.07101291049346828,0.1761127730120673,0.2095523359679471,0.09604979493572652,0.26106505023879184,lying
13,0.28493875717107486,0.182891494076222,0.1572368065481156,0.15865677475714174,0.0,0.35602834410484613,0.23892144935647502,0.33045090972020946,standing
37,0.189569138334217,0.2052377930557932,0.08341684144043467,0.20934873412317256,0.33873089608398854,0.3703771858118677,0.17953429153644196,0.24576224301898872,standing
23,0.18526866225864308,0.03760719150163031,0.06167295582673879,0.2689077842140127,0.17277200187764424,0.15087822098557852,0.023471906060787945,0.3274038342458283,sitting
36,0.1680605053733818,0.14938787661679265,0.18334117822621943,0.08219200132961589,0.0,0.0,0.06262847243765321,0.3178123487840317,sitting
17,0.4655243668775677,0.34056218576037334,0.012404305765573678,0.22553075237842635,0.0,0.3103357667336735,0.014036578450102838,0.3663945548156,standing
17,0.25734703538749654,0.1230702964504006,0.1262993859410615,0.06616982740100988,0.0,0.48707251381715183,0.0,0.41879723112913825,standing
2,0.24298780452036234,0.20680147961245307,0.22591376653093498,0.19704490681860776,0.0008602442909377839,0.26959344178006267,0.0630668012070279,0.3027301182285708,standing
16,0.1426581566806196,0.21852855360354667,0.036040582925190974,0.0,0.1795343477115154,0.06610003672185147,0.07737802405262467,0.24494935120658845,lying
11,0.10083075230564015,0.0,0.10502570494514438,0.02034874454057176,0.3675449175697978,0.0,0.0,0.2348112165019558,lying
11,0.24999089532753493,0.33741734094475884,0.10132636782861448,0.25558255663614504,0.20364754286041245,0.4315972372664732,0.08640954356378056,0.14242153099092045,standing
3,0.13254029256396913,0.07079260252053626,0.13633241739104146,0.15676013478515932,0.15989044521246204,0.4482239494293838,0.10431293248656892,0.2834851931471933,standing
21,1.2435118626806343,0.593236567761985,0.8925766679111126,0.43260252214667283,1.6308595416097307,1.0647331446938846,0.7459991231660421,0.38191050224525486,walking
8,0.42545160584603553,0.23586206839210472,0.10595584843601093,0.11773562390149606,0.0,0.4548619319319645,0.22696255545266703,0.3611256199746077,standing
7,1.168965412172331,0.6857540309906032,0.716427975367732,0.3038316462517099,1.6107939396077782,1.0528431658305548,0.7115290195873127,0.6293236450373868,walking
5,0.1060023467303182,0.17685347321047135,0.1798554931382677,0.0,0.18475902813016237,0.36532377198740207,0.002583524794987968,0.19802096859352297,sitting
23,0.07716883042358723,0.0,0.054281186577215576,0.17898505131420545,0.04860563029497883,0.10335462112592136,0.17800159850245764,0.26787190485241463,lying
9,0.01367488422942928,0.13125586236403675,0.07869741662903401,0.0,0.17736022814872626,0.1741837222562031,0.14156353845256112,0.2644621870001143,sitting
27,0.19055996655425755,0.16426468484270032,0.053415796902336006,0.0,0.0,0.059384527746860385,0.09062013162472779,0.19344182548830524,lying
12,0.3407419416840063,0.100171222545912,0.12818165681134816,0.0,0.3068036980123967,0.5104750745606541,0.07344506310475864,0.284716448547389,standing
8,0.3969636946494865,0.16902354077135642,0.2005814233003305,0.030893949157454026,0.40132386479779525,0.4217559264181101,0.07505743533409558,0.3683970379372787,standing
16,0.08544440516786955,0.0,0.017798631155772408,0.039829073666606915,0.0,0.06649519935435452,0.19046964543161354,0.2575957832061795,lying
22,0.06592621116943888,0.05503979376163084,0.13511536583608175,0.10509183229895629,0.03508264222380833,0.21625266506206808,0.1406671580442386,0.23372928254456785,sitting
27,1.1123982946370587,0.6982234983648498,0.8393128772423284,0.5077400529581544,1.757967618535636,1.1207107172818256,0.6494889939308827,0.47680980097228953,walking
31,0.9344205447422205,0.6507093993361793,0.6287032906619973,0.42531293373974116,1.7274244851687528,0.9951354205382481,0.6894353988228553,0.4893104451299075,walking
20,0.3017691481771384,0.10377143028389327,0.41180792911163594,0.0802054713537623,0.0,0.6236409453657458,0.1385182771356452,0.2197109852536615,standing
24,0.035391532456933494,0.21600246748005622,0.19968046281612756,0.16740073215360524,0.17966445002318385,0.11343378047586887,0.0,0.22188603888891187,lying
17,1.4967115967202482,0.7558494095552062,0.6897521871380221,0.5305263204519748,1.6271777914858745,1.1204214254023548,0.687986389155934,0.4805465458026642,walking
26,2.0490368676745345,1.0072270916905717,1.1050520189143882,0.7295194204372513,2.0806093955608467,1.4301992508004202,0.8399403840122486,0.6667631428835008,stairs
5,1.730588050516428,0.8924128995705127,0.9479543220998787,0.600028741281915,2.3849118102483047,1.3176912162955223,0.7895991624044508,0.5338081401196337,stairs
4,1.1687232838984651,0.8908287289798532,1.2358968512786324,0.6932631352439513,2.1125202372658,1.454060032105375,0.800349382253779,0.6408631671642413,stairs
7,1.7175770611045715,0.9335524674261861,0.8242391742426456,0.7229548353670741,1.9420264348691803,1.6637571938110691,0.797887634382082,0.6617633078026038,stairs
29,1.8477252290102824,0.9442466239091853,0.8217802989156269,0.7349532324930872,2.185700996791624,1.5296612110216574,0.7490731482525076,0.6085107015811443,stairs
37,0.00941470436644229,0.036642461227647964,0.0,0.08375606562879695,0.0,0.15922464781311887,0.0,0.21313768399027908,lying
24,0.029143587801011006,0.06680394562835365,0.08585272411021838,0.12977086172607244,0.0,0.09277874325261641,0.0,0.3180236933332758,lying
24,0.11366484253607781,0.05064542402829103,0.05219637889874197,0.19117872371292075,0.0,0.3086396907161428,0.028290994944662418,0.3092130484339506,standing
5,0.24020772081926983,0.0,0.0,0.018009390690763735,0.1455148123415672,0.020229050236470564,0.017170967712713495,0.3539656875878021,lying
2,1.6383891950939875,0.9452529478289965,0.6098675913409444,0.6483327261465507,2.4063804122563712,1.277560600188647,0.7991951647078711,0.6623673330060027,stairs
23,0.2998477524819209,0.012314862982166233,0.07627989549639543,0.0,0.0,0.09424107409411897,0.0,0.2770925772712929,sitting
20,0.4388322218965231,0.013849467774838808,0.13171872428421083,0.12793507735024418,0.2222861011677055,0.35654913594309295,0.12224135984346786,0.24473144400711935,standing
16,1.2793613028493975,0.6951178149265597,0.8813327591105917,0.4760278942558218,1.6700242311233588,1.0480746683128712,0.5932861187202461,0.6658024425748568,walking
17,0.13733953540996993,0.038877691708296594,0.11811119412628698,0.049356005761709204,0.07403963984087847,0.25242914106848735,0.0,0.28997561560448776,lying
34,1.2558485051672141,0.6908105180848436,0.9071026209343038,0.44630761234810234,1.5347613036897267,1.001787404500484,0.5700024758314964,0.5076779828008623,walking
3,0.0,0.0,0.08140752035068509,0.0,0.19228761148545642,0.0,0.03785185518202036,0.23799571397251212,lying
18,0.24556848792874875,0.113939480793737,0.03966367665347917,0.0036342876982660977,0.07646784838254235,0.16367073220502518,0.1615401147857885,0.36506439051779566,standing
6,1.6731619019409558,0.9101072514438504,0.7961510701251093,0.6293739715600927,2.0507261332170406,1.312648899711015,0.8005361114300023,0.5796920013459618,stairs
40,1.0346844351627906,0.5974580001318229,0.6810832697962302,0.48801553463514397,2.069745002729669,1.0991839449877856,0.6492762276651911,0.434587409301886,walking
13,1.3114987969858165,0.7244123569221455,0.43872437024781774,0.5170120933169606,1.691065211982624,1.02655531423854,0.6082380929856492,0.6164767316372947,walking
10,0.315517456198345,0.062059196084329984,0.0,0.01848149553200871,0.3684904913267757,0.24929766438668355,0.07946313238490216,0.3078989007880132,standing
24,0.1703983806168377,0.0,0.016024286865456372,0.11236613729020913,0.0,0.22203058634560977,0.15872384352358349,0.21438688217916785,sitting
17,0.0,0.1666725588818872,0.13204056206827564,0.0,0.0,0.09703832456636582,0.0,0.2870702132396599,lying
22,1.0460445230034705,0.8406846363554423,0.8737410595535666,0.651240580630837,2.230450758164831,1.5557952380862767,0.8473633121694849,0.6133679997355926,stairs
2,1.0373773900199745,0.549877279894077,0.7457365057295057,0.6023678166505705,1.5291778402511018,1.146682673571872,0.6118216075963472,0.6067420209404901,walking
26,0.07351321899145527,0.17585800285599812,0.013955373788807693,0.02521134861128721,0.29138802166241995,0.3137860056944495,0.04639971638268737,0.38775546731213484,sitting
38,0.21350800330229525,0.0,0.0997366854846696,0.0362812933729779,0.3082002719840933,0.02533555949000578,0.03289960767612378,0.24599051952170653,lying
8,0.07439089116897663,0.0,0.0915214204876677,0.03561569231761295,0.0,0.20009578172407316,0.030484103188426787,0.21914396065898328,lying
39,0.2810939564014939,0.0,0.01740629158618577,0.0598446803181466,0.3114273078029865,0.3631010627454221,0.10981816300055548,0.377935328201911,sitting
37,0.057428788267981035,0.21413473335132296,0.08518802403305131,0.15017292370176813,0.10034999365477212,0.21752879448600115,0.013797601687473064,0.31478865516742965,lying
32,0.0614166263545578,0.04650366470160329,0.010223619183286216,0.09590407038351942,0.0,0.0,0.11001891245294496,0.2049784063566521,lying
23,0.014612881340126088,0.05145681271479344,0.0,0.1644454477220218,0.11344029756905216,0.32773901793466254,0.13547985297292825,0.3499687130973372,sitting
32,0.22906263413880112,0.05188051740262224,0.05919972050474326,0.14554932188800995,0.09249948179231593,0.2695652368760826,0.28960507007144265,0.2697870878277333,standing
36,1.6466377661311182,0.876210374891119,1.0742947876757696,0.507396019759019,2.1153846772598746,1.5278148307282253,0.6930749930592432,0.6517251171046179,stairs
20,1.278160631951324,0.7348465013309057,0.9501459872062994,0.5885781881823825,1.5691696228071268,1.242510858513488,0.6624303399142923,0.5963772857036094,walking
13,0.052738452220724236,0.06840402194212893,0.09287882841163832,0.03686122564896069,0.0,0.47632905046112584,0.08865836712160603,0.32136526390098774,sitting
20,0.043706891879070425,0.2469944240380284,0.015612151583990222,0.03220228568704693,0.25401372066913463,0.40481462513448474,0.18530245184729183,0.27133706622164977,sitting
10,0.005584867982531577,0.015892457090585867,0.012065828932065873,0.0,0.08521378225123931,0.1336832393635293,0.0,0.3381214404674125,lying
38,0.017599490018001422,0.0,0.05326732783582325,0.0,0.03847465800318016,0.07605217300169831,0.07155817754028418,0.3159221906965433,lying
4,0.10837249242512008,0.0,0.04192903371702689,0.0,0.33601460231858904,0.0637333029940802,0.035623262428560606,0.334601959407132,lying
2,0.024460193145789136,0.1316550026589089,0.136934959536378,0.20177867163843208,0.0,0.0,0.0,0.26746186756625007,lying
34,0.0,0.10682876139517186,0.0,0.07268522033011596,0.0,0.0,0.05954697062101168,0.34615711358076573,lying
16,0.1772026423976081,0.0203358668157069,0.1681182846715394,0.06692201688646904,0.4986732536971338,0.7310761497813529,0.10109910685993681,0.3244229999407183,standing
21,0.1632094255025628,0.17888182216688256,0.13249562047661775,0.1744011201272511,0.0,0.0,0.1374642515308683,0.23736409637021766,lying
16,1.5421568202497498,0.8325042905103167,1.0515188499471722,0.5885376384172514,2.325328228021381,1.3024700231119655,0.8599705615115207,0.6870595689007988,stairs
13,0.3525410936204681,0.225486355729127,0.1277113801564381,0.07142776006388023,0.11060930914394579,0.4898712257880042,0.0004032702340217853,0.3261980908447104,standing
27,0.11621685221875645,0.2060526616168414,0.0,0.0,0.19307426905612124,0.12622894240454371,0.04588120845434401,0.1567018039579533,sitting
29,0.23425791217143188,0.15171107106233372,0.023837363273867224,0.0,0.01620610725215519,0.3221766779496319,0.023656106392910894,0.391235121203886,lying
36,1.8313270044939158,0.6593221611106924,0.7567899804227446,0.3935133434145421,1.5934923029149988,1.0201467329095533,0.6731859862318263,0.4596044062453549,walking
35,0.019344822496259385,0.14267600198397007,0.01085304042316173,0.031824839159202103,0.0,0.1308504448421607,0.1741658961498819,0.24072301355527204,lying
24,0.23127789546594563,0.27712232958167926,0.08334360810950514,0.059502666857085634,0.23009568578461093,0.351452108566956,0.15159251228746676,0.22246320822557614,standing
34,0.06740613124562551,0.03765898635155764,0.0,0.0,0.0,0.10328653511251444,0.06850068972740482,0.25096783234311015,lying
25,0.1256979118622335,0.06099318876722233,0.0,0.0,0.1669621783748104,0.0,0.039240931423970296,0.2360864428815523,lying
27,0.13391812903940553,0.09967491517814876,0.04495553941145227,0.043517578112619526,0.005230030735553649,0.1136135049471793,0.0,0.33806819412373346,lying
21,1.3050022244463282,0.6891512810761216,0.8057502998656675,0.43165102978741554,1.657578735304012,1.4671105183061797,0.6949832289444569,0.679107079255403,walking
31,1.4490150183062238,0.7917928005914092,0.789298003386874,0.6577236027064609,2.0486920756049107,1.4350811865359665,0.692045023656154,0.5715678660896811,stairs
15,0.0,0.07563474485991867,0.0988919632167908,0.07100254146567998,0.0,0.15359940410348522,0.11370322003911283,0.22565667336170506,sitting
20,1.1029114252032992,0.7454174697994449,0.9444694915550423,0.5998047008907502,1.4947701806072682,1.2676043213478043,0.651356541372237,0.39332718817973433,walking
10,1.2058629499819773,0.613777000338267,0.9261097311923552,0.34521384317578774,1.7419558524093146,1.047046538810486,0.5534006860121902,0.4481183202002283,walking
20,0.07241091380272359,0.17240777080946074,0.0,0.04609747683636383,0.1550767117534856,0.1770443004904223,0.02426201184556746,0.1344714196827979,lying
20,1.4416064793777013,0.7373033630662207,0.700133771738849,0.5336436834607101,1.8887984330901177,1.026034106390834,0.6719178747814467,0.5108310348247531,walking
36,0.014328290989254963,0.07741318523601905,0.14813112224927522,0.0,0.0,0.26107582864005535,0.0318824368634912,0.3342133251834765,lying
29,0.24728171674534782,0.0946297381762789,0.05963300840666029,0.0,0.028087265194043642,0.0,0.08195022234683697,0.3344898876923095,lying
6,0.17286641077906648,0.030129153884301416,0.0,0.07979611251746377,0.0,0.18413811294482985,0.0802004656979651,0.29234993206281185,sitting
32,1.4844799249957852,0.7790743815302833,0.6420418365933711,0.4483857171751942,1.6718026542707471,1.11708624932506,0.7340575996312625,0.5134021452188171,walking
11,1.1622834015909718,0.7979315540787002,0.5699312120544152,0.4733220117120936,1.5758394635861614,1.0555799616504222,0.5791462413234911,0.658978379733902,walking
14,0.04402923644304565,0.0,0.09196323951089272,0.0690647333638644,0.10162559020048707,0.0,0.0,0.192000881913103,lying
7,0.9845251569050821,0.6888303190230654,0.8110448223791821,0.49524231186593126,1.9561029056723662,1.251225439397041,0.7131578896353897,0.4096234633748951,walking
4,1.3757505664310743,0.7195201403605161,0.9231333518026505,0.45510278097334067,2.0361803870372075,1.3349194662163473,0.5421725147902737,0.49653499497476256,walking
29,1.068630666197777,0.7391739686871746,0.7525146058408921,0.4102228316544175,1.4786516491734176,1.2102737333750728,0.656493547216306,0.4312781819515583,walking
8,1.4368465075286982,0.9456117546336643,1.2596277929666297,0.7411565546702632,2.479603660544267,1.1536140230912475,0.7532844095178547,0.5743516293527443,stairs
5,0.0,0.0,0.0,0.0,0.0,0.2088443062597403,0.04436639462726551,0.27901980982830965,lying
23,0.04162992543225877,0.06327581793953554,0.09571660086674734,0.04611340770062617,0.0,0.003860716834435396,0.12147472423982628,0.30590070311496015,sitting
3,0.3303164935930212,0.12221156476040382,0.18347538226580828,0.039884547884739774,0.027280586433702174,0.49001249084857945,0.19198876951291546,0.2181171597812627,sitting
38,0.15048434591425902,0.061670368261240505,0.1879467118670896,0.05505091540047495,0.0,0.3455957814034053,0.004074288347271381,0.24092849730546478,lying
26,0.28727659354419366,0.10929015336751803,0.0,0.15398604976445168,0.0,0.17347984686243162,0.13305236616015215,0.22769408775542968,sitting
18,1.6064398438375664,0.8179675679404524,0.9202686981650352,0.6966106570605495,2.254410209783806,1.687252826014674,0.7582542485685188,0.5800784541890106,stairs
5,1.826435978437179,0.9447411026223361,0.9038859889929755,0.6806515502274048,2.2625654959634174,1.4196134123026158,0.9046678649410652,0.5475729876398872,stairs
11,1.0651496304004129,0.36731049751315464,0.7481224693329669,0.44542109105909544,1.7016213941161595,1.0978802640885736,0.7320956978512841,0.5911135168069535,walking
21,1.3029634529510545,0.9375672654793019,0.9579137749061768,0.6614035706090545,2.055745948709762,1.3092344717310445,0.6790043370926391,0.584896343143464,stairs
14,0.16646146924610558,0.02561916221646432,0.1809628408107165,0.06000995232451101,0.2697778029342356,0.6602080649281544,0.16574358460078803,0.3101087888814998,standing
22,1.2403248342441002,1.0255914503042347,1.0348232646036728,0.6059936043954653,1.88105064379055,1.6432380391533175,0.8313520660818401,0.4783299900082921,stairs
40,0.10796294418767584,0.10013887832879953,0.08102340836450196,0.0,0.23665240428367795,0.0,0.14131417090570633,0.34789901756886393,sitting
29,1.3369470706782987,0.8258498330154559,0.892978906215564,0.5056057058367366,1.4723070910760492,0.9371106257608555,0.5489852849486947,0.4950833908109978,walking
37,1.6153613278797694,0.8881239750259639,0.9857700570978505,0.6600226359034644,2.068073910767458,1.5398435597999391,0.8254411209692983,0.6418326731141065,stairs
22,1.4773670292166434,0.77937630406694,1.115677316157873,0.6186912498122046,2.396553474112646,1.4358844905089267,0.9457283252686062,0.600489110042322,stairs
28,0.2838592302623613,0.13946326721320623,0.15605197501025805,0.0788944156722963,0.0,0.34247150404271637,0.06806035570767918,0.2882683564829889,standing
3,1.3362791333318478,0.7039049668523704,0.7167252210778869,0.35088716246272145,1.5167415087160576,1.0632443278393449,0.684759253519951,0.4663678061039258,walking
31,1.242440271784626,0.9504919515192582,1.1481039612121748,0.681504250229703,2.258943969011468,1.3496600073580407,0.6850386739076895,0.4547038205029713,stairs
23,1.369261029236537,0.6206479759436082,0.5872675043599718,0.7157620496323185,1.742422145781903,1.3197942673429197,0.6850869266139332,0.647915961826358,walking
3,1.9111192508097339,0.7503499821629122,1.0961165389924212,0.49823334888172377,2.355806303718954,1.6055703615974806,0.9033118483336562,0.5647923129794933,stairs
36,1.104130074961258,0.5867709915535748,0.796403152796726,0.3955081121908058,1.6478519020911726,1.2558659105835408,0.6272108973377707,0.4406142530976084,walking
26,0.1958230867439134,0.0,0.12578819270758,0.08726133381792622,0.06257901552417897,0.1058216333547185,0.04147710095877155,0.36176541257946787,sitting
6,0.19380617174613676,0.08752334293082645,0.2191635204619048,0.0,0.34621548261238166,0.25731701332709167,0.1301732722680485,0.3173963500750257,sitting
19,1.4193164238807703,0.8044902076964093,0.770962882313198,0.6110431340311154,1.5627545503723599,1.121434268394959,0.6781487133783375,0.5364473564334455,walking
16,0.08100681735228044,0.17546446843712926,0.18957189575483552,0.08379416738287014,0.3091801182136536,0.2482822656720095,0.023679627323258276,0.24372768228417824,sitting
24,0.1415790402990134,0.062376340345300256,0.06693200696326873,0.18705768076379087,0.0,0.2276570820812779,0.09420002188225166,0.3691993149285373,sitting
37,1.6871318952873622,0.950056151459633,1.172901494268971,0.7048338237366931,2.5841994724175716,1.3504720830015726,0.8490394479986254,0.5912110753785166,stairs
3,0.16048617901026918,0.004612508960785543,0.13544920417574222,0.076968311173017,0.0,0.13019839898260144,0.0,0.3273695225282877,lying
34,0.5223451425767719,0.07772547787960483,0.18819645790528222,0.09782742454284367,0.07024742036112212,0.35804428847828085,0.2577506569935166,0.4030511745582139,standing
36,0.2166908982053767,0.02004338877751162,0.08081421802034881,0.15707379692360982,0.13223661261687264,0.259027320505199,0.03621600489421451,0.29233143110924964,sitting
6,1.5729880123852382,1.052402930672081,0.5135614018037193,0.6873294479984416,2.414962582767517,1.4597652558330092,0.8196999142731424,0.6212921170258098,stairs
34,0.0815466701831331,0.13981067958482365,0.0,0.0,0.0,0.25272577237669414,0.0,0.45100324664388997,lying
29,1.4956865588205874,0.6313476422431866,0.8659263224273914,0.45604386893458,1.4806815339176118,1.189525981955458,0.5951584979029191,0.41349606086342916,walking
18,1.086392544502941,0.8632793823410961,0.9068444215614748,0.4298843443256622,1.5672017449116262,1.3941594104781048,0.7700426293843206,0.5432228409547133,walking
20,1.7499615193871685,0.7858634091083728,0.9706096795635977,0.6808656577903004,2.494053540376318,1.4473154776239985,0.8733333432859965,0.6399371255617083,stairs
21,1.7921986296904278,0.8836002442022886,1.2735576146892806,0.5732643934279392,2.4141013649522907,1.3613310820418163,0.793369576624734,0.5558142069370701,stairs
25,1.0462316155011273,0.8543972433735474,0.8774101801638903,0.3717764001124152,1.577231598036069,1.147993405592461,0.5525875234610962,0.4868484352043391,walking
35,1.1899082733076551,0.5075498664646395,1.1295938186491148,0.5772150362304991,1.7719612501589694,1.0486011048646913,0.5561013956997342,0.4251741288533397,walking
21,1.2166390228795325,0.7385099039244896,0.5482786216924893,0.5668369430187565,1.4915347046726573,1.0323865912396855,0.7014292926067349,0.4584585154809067,walking
23,0.9447238168764133,0.6049653771084922,0.881461438145686,0.5925251137697273,1.3471313851340383,1.228724990186469,0.5955828825459203,0.515112050217904,walking
36,1.394456126773255,0.8193136715443531,1.289308263309823,0.5290394254520444,2.384063305870311,1.396074328398165,0.7974108766449387,0.6369437611449723,stairs
18,0.3354403028366297,0.0023852694918970185,0.17040020467837658,0.0,0.0497308411876711,0.1122359102566761,0.03748530304785782,0.3070321915388142,sitting
1,0.027605883104669056,0.0,0.029347314132425223,0.15485822636857988,0.3837171659339027,0.0650513019098728,0.0858471327304739,0.23784136134255096,lying
25,0.2826631417863207,0.34094118294306064,0.08653313401166526,0.0023259048184369052,0.0,0.34537010366736964,0.12463402974602138,0.4002902349360282,standing
6,1.0824045220404868,0.6330978587439728,0.8764521101774422,0.4624420393928579,1.6477229940259024,1.246082499177594,0.7259283099353995,0.5275678738190053,walking
24,0.38707036668465866,0.19621073067487318,0.0,0.06925198528068331,0.47602937243992827,0.48981212992998957,0.13998085708207805,0.2779586548315418,standing
25,0.016490401428216533,0.13840561683119806,0.060027378089971314,0.0,0.0,0.2885667421518513,0.1298563909556168,0.19128043016738291,sitting
11,0.24694014350193141,0.058663799543980544,0.13247027202132303,0.15694364144169887,0.10975053699252522,0.41000893203427113,0.08929508570175061,0.31868789302732303,standing
26,0.19183192453515768,0.0,0.0,0.028245216687608276,0.0,0.2718773815136054,0.08457060589177753,0.22417951696920202,lying
1,1.8018264219687916,0.9239103481868975,0.9619293386288269,0.5231608143013406,2.402886142758049,1.503418894930934,0.8879170547050841,0.5831606496430649,stairs
17,2.1168738572752455,1.03307053702108,1.6424547648535408,0.7038726432594328,2.180058343550189,1.783523940406176,0.710509880371863,0.4630907464718105,stairs
23,0.06590796226431021,0.0,0.0,0.0,0.0,0.011946741557635698,0.03835641880256509,0.27150451977933604,lying
18,0.2511624204662978,0.42844949165983615,0.11874713088706458,0.0,0.24263986610462182,0.48014684341769065,0.1395372208343956,0.3154530449176289,standing
38,0.09949028759873318,0.16406230094462546,0.0,0.19512503866408268,0.06780630063386216,0.0806038452427903,0.08152513438993092,0.288738704673891,lying
2,1.1851445999382766,0.7982914129903519,0.8948874675768796,0.5258320193143584,1.5449394650794368,1.3020610267334605,0.5827068145476645,0.4994827691898555,walking
14,0.015150996209964629,0.029516589393907604,0.0829607008272538,0.0,0.0,0.0,0.24628426617209892,0.20394234453151167,lying
24,1.4317171326148925,0.7965417160152628,1.0905616082911662,0.7200067800783758,2.479014117589989,1.496481537662078,0.8030423478798079,0.49302231469524455,stairs
14,1.9546014098811437,0.9836192339250864,0.8194166864038603,0.6779822263167,2.1885002753297047,1.481715107293142,0.6921004787568286,0.757717254103291,stairs
18,0.03582974220709323,0.007285443903276227,0.06387927208039063,0.0,0.0,0.023666176851941445,0.14977541494564686,0.35971424050684103,lying
3,0.0,0.0,0.08078745622062791,0.0,0.10908485576145949,0.35374076846846203,0.09293755697647846,0.11824528017039698,lying
3,0.04489794859719032,0.12453828293149127,0.08542838911402809,0.0,0.026085000173031454,0.2975798509471195,0.06586004860853881,0.26985037307437165,sitting
27,0.35145511757246584,0.08507425547734918,0.14504612882049184,0.2651018950817774,0.4703173118176073,0.10413907589428495,0.13951583748020424,0.2694661978910328,sitting
27,0.2998282798440886,0.12628149496950514,0.15450540310859548,0.0,0.0,0.10276982938979211,0.1503177251522228,0.3175953480116335,sitting
15,0.12147265321636692,0.12298959243593874,0.12325759198570699,0.0020922807895920464,0.3590141450852594,0.014063316459645148,0.0,0.3993625743936665,sitting
36,1.0354108618531774,0.6688843134469523,0.8422887152027033,0.5492175544533545,1.5739152897784245,1.1276763227320241,0.6455524095212279,0.3559614325957289,walking
4,0.1947626420218363,0.1818607492385527,0.16754786691738077,0.04017043800379403,0.06954782301951032,0.3148460493857139,0.22595253600965903,0.4449855784214024,standing
3,1.8917033844003406,0.8016130703861087,1.3431686383743406,0.6372041512718426,2.340680595571884,1.5634961104070246,0.7446004385767767,0.6629745856843006,stairs
11,0.35303503562250305,0.06934642250605375,0.1129452960773005,0.23088564054225114,0.0,0.39399997122064767,0.07296743039596731,0.37181760320439455,sitting
16,1.5242671898554727,1.011696900359591,1.099498178921676,0.6389885738833062,1.978687301991569,1.536577253761424,0.7647587831702093,0.5834789324529451,stairs
35,0.34948068950423405,0.22038707189379297,0.11469687207791926,0.0,0.14131841336127748,0.0,0.037198822850167346,0.38083599052599143,sitting
30,1.191167713823446,0.736866352617254,0.8656696662403116,0.40901548576010366,1.2652077345058301,1.3187567988210593,0.6724376761599128,0.48719399666102525,walking
36,1.1471542948534506,0.6520199441388114,0.9973285135176481,0.4278596028318519,1.5305547192428268,1.208706312924796,0.6349162384710461,0.4378094556859371,walking
10,0.22005083251702512,0.07553581418482792,0.029861371343946598,0.0,0.0,0.2894979036365892,0.13793770694778373,0.27116803174779774,sitting
29,1.0170799713371574,0.626819058992734,0.877534075163797,0.45503456091254463,1.8344185474964585,1.5368758300601524,0.6238154871390068,0.6127337671450448,walking
27,0.13643330995832037,0.08950552854579985,0.06889708965278968,0.20272043997564607,0.15569023105863788,0.0,0.08347278322842158,0.3382836547558593,lying
7,1.4761969242530562,0.5821919452008074,0.765679635512279,0.45970411729993704,1.4644812221148469,1.1207854898545724,0.6671866337112673,0.6482749209363599,walking
31,0.048262671674041,0.0,0.07864667196586113,0.296150487365848,0.24554191774995696,0.20195200527555626,0.21636493842427273,0.34328478147124086,sitting
30,0.024195894007911882,0.0,0.13823817273745584,0.002519288608531782,0.017666994424438164,0.025331478772098848,0.14786990507265033,0.3456821493370991,lying
16,1.7087629466911454,0.9737334675226014,1.228100967190612,0.6201416774067504,2.4024846459819873,1.338066366998749,0.8421570087759559,0.49385331906702096,stairs
28,0.1721539233660983,0.1192333496115055,0.1737337544431758,0.0,0.0,0.3734177571165243,0.0,0.3723583933272821,standing
4,0.25178905837800714,0.18263212568496565,0.18927625854110447,0.052181472669086265,0.05961484531688008,0.3934199787218091,0.14671040275046837,0.3280445523992721,sitting
35,0.08375157235740929,0.14261141568533456,0.0,0.009329557913883953,0.0,0.25667636160958696,0.11560178984662467,0.2997456117332099,lying
14,1.2114080169219146,0.5630984886558256,0.8927041352669687,0.3593737493590305,1.3207598829190896,1.2520541212971972,0.6900771337424789,0.560298492012465,walking
10,1.1722843364324378,0.6945228637491361,0.503007343980005,0.5118830401526216,1.473223399042505,1.0122066742177047,0.6399556164552183,0.5002111838056892,walking
20,0.11083851760916859,0.2217321656274507,0.06589277971527642,0.0,0.2729494219574733,0.1488904407188119,0.06762737594061122,0.4079954602121262,lying
18,1.0627525057230227,0.6558035075428104,0.9431223130082842,0.38673215835989616,1.777359566495125,0.8657138916452678,0.7201634638567678,0.5017901936464365,walking
2,1.7034020220330601,0.7181845331291791,1.133356218676014,0.7630541293914651,2.299780228830404,1.3994780707056762,0.88700135077987,0.5573271910950157,stairs
25,0.27346560110575624,0.11621953954366661,0.09792173556200641,0.07720851217780891,0.27723370513810286,0.3666805204394752,0.13738253883762255,0.41660485324552105,sitting
9,0.10287455703494003,0.2605963244874534,0.1555620847865282,0.04054894993618954,0.0,0.06282387306037573,0.12421962549393219,0.1638303686649801,sitting
14,0.060416217566297045,0.07077699696265646,0.0583812350428527,0.12418506480647112,0.2679070784891474,0.16589124904150382,0.05514261912500644,0.22031384097265042,sitting
7,0.28724426305333534,0.1476378352952947,0.14401896291454833,0.06917099389668152,0.010667486840939183,0.3548707737262336,0.20205671984547724,0.2825725093826592,standing
8,0.0,0.14117074608598576,0.1463953640310896,0.0,0.0,0.2510276355404923,0.07938500199445839,0.29808736689435666,lying
25,1.2207353062996016,0.7739747645898333,1.0823951004608166,0.6114979224317927,1.5385559404365483,0.9659351787933006,0.6713590792520234,0.515409609337654,walking
14,1.3617808394046274,0.6091161783942929,0.6852401824421565,0.39298584383395274,1.3373065180861556,1.3447302258476004,0.5077958176920863,0.5202803155678131,walking
4,0.2522301484517406,0.30252447783350356,0.18185895652598275,0.0,0.0,0.5940373686669107,0.04475289508499872,0.3106005345875027,standing
22,1.007248440002596,0.6942223104879324,0.7082182465733841,0.5642243069022652,1.6136201706780855,1.1944560088235885,0.533519646606299,0.38870493842245113,walking
10,0.1814099501988956,0.11079989716471789,0.03641587467146113,0.12196246109595121,0.1562560168154938,0.12815093023934254,0.16972142014967467,0.22372378816618854,sitting
22,0.12549577314184357,0.06512693006302023,0.0,0.08321180285790011,0.1921608303342644,0.37756318239695286,0.03367887468326161,0.3784513282845833,lying
6,0.0,0.0,0.13649389716511762,0.013025297616818497,0.09553780074691885,0.0,0.0,0.3263195238116571,lying
18,0.268786888448521,0.14561941752152402,0.14619324952887433,0.07714810723796117,0.016792608359017247,0.3870098670119036,0.2877490004582427,0.24279968366602853,standing
13,1.2067781490081289,0.9417840885635953,0.7118187972925587,0.44015105933292537,1.7395000220459735,1.1624962499490923,0.6214418882659816,0.5274361805308861,walking
13,0.4197890609480587,0.23037331402185307,0.17992852159329567,0.1523734647667444,0.0,0.39747810996770755,0.08260717532652731,0.29509968637094597,standing
24,0.14358013623747534,0.0,0.11578367551176905,0.0,0.0,0.002030549251039737,0.0,0.40075735963755243,lying
36,0.12886429842508845,0.15741242418099458,0.18199756950340504,0.1628157144168188,0.24679140810640493,0.0,0.19751471204536436,0.3244871089604719,lying
3,0.3130666073382253,0.23338871011104872,0.0783540506438232,0.03013019542451561,0.0,0.04497384255820053,0.0,0.39538203741315625,standing
8,0.05188364569336121,0.0,0.0,0.07947129692227545,0.0,0.014754180821420576,0.10791766148877696,0.17438986361822015,lying
15,0.9616269497298522,0.48501152639669254,1.2480818805057945,0.5317977265950449,1.4917748561866289,0.990215296947764,0.6322070733426615,0.5299513128026933,walking
30,0.183831409615079,0.03327660268560441,0.03885319207755093,0.07642328152505024,0.05044559564299726,0.11532362921458846,0.12219413711193008,0.2042843665968001,lying
26,1.4917790044752395,0.8977782417923481,1.4132930061039306,0.6143531036559328,2.0767139272267228,1.3673517494638128,0.8156361346106927,0.620142640018842,stairs
25,0.15645019421238918,0.2814625015663098,0.04939894941024178,0.08321887650987761,0.2813339059884467,0.11046330646045421,0.1080985345410381,0.3191088614846441,standing
14,1.9357147659378513,0.9511328022903487,1.1148127750425711,0.6615319846979308,2.2471724690609984,1.4032896111313418,0.7350431656936234,0.5669711617970834,stairs
37,1.7093325053496309,1.1071514134410998,1.1805086124781357,0.8059319485417705,2.357122837606961,1.4813516635165191,0.7764342032449072,0.5649322758798633,stairs
12,0.20384496940308774,0.10603390821913801,0.1469391119518138,0.0,0.0,0.24645782371700162,0.10767455774928446,0.24574921359153695,standing
24,1.5124904377301562,0.969681091208432,1.3010772743673895,0.7321083512056922,2.260667844344043,1.729464390652641,0.7681924311206123,0.6966866683188189,stairs
38,1.2782395322281428,0.8442158893605245,1.0140287631768845,0.251562059505469,1.721566099849581,1.1245461239097994,0.6136985643782591,0.5933917424991801,walking
26,0.19279918678723335,0.1502224020792624,0.20720455651648328,0.0,0.24560700409040293,0.22894574163637585,0.11129750407642552,0.26428216316601405,sitting
24,0.06310336837801184,0.10641322766051584,0.0,0.14940511939771195,0.0,0.1817665103485287,0.05232990205071692,0.2286423298773796,lying
13,0.1304067454187934,0.039309934766301374,0.0,0.0,0.0,0.2919459930322569,0.011554494045263902,0.35151435714829243,sitting
1,1.5645916289020991,0.6701202080183742,1.1530855271811618,0.39776251394613665,1.8292539412705533,1.0742392130300116,0.5225493496845016,0.5181731071270925,walking
3,2.1073287733159116,0.8817355454634571,1.1233224120993068,0.473698141117913,2.378478809311734,1.4543918670870009,0.7424566991044914,0.7083309079523081,stairs
4,0.08714919147160821,0.0,0.0,0.0,0.2695354419478977,0.013156174511982768,0.0,0.35835094394730876,lying
20,0.19091066261762585,0.2217557030396568,0.20596757261349244,0.02402998401621572,0.36564594248994653,0.44319533972023656,0.030360491058676345,0.424969496879682,standing
18,0.18885465168071036,0.0346225512577306,0.05429893277337936,0.0,0.0,0.13246753433854924,0.0646531071540967,0.3303995265494735,sitting
35,1.5343731940782626,1.0197881493310734,1.1745595287696131,0.5126438166700862,2.4420854405320003,1.5575773176972003,0.8678352022056998,0.6530324197952991,stairs
26,1.1397201740019567,0.8287170931794018,0.724251925816736,0.5907594551854898,1.4713162925081869,1.1295560227096215,0.643856160796545,0.5928859119272567,walking
3,0.3749358059324857,0.10292822658897616,0.14948924617267806,0.06616242803614775,0.0,0.6530762514945794,0.0,0.34721980516227957,standing
31,1.3404164313017786,0.6484441534371271,0.6770366828477212,0.6861852031891331,1.5814463221782102,0.8795317226236954,0.658944190484157,0.49804829880392965,walking
14,0.07888856569299263,0.0,0.08517323686241485,0.0,0.0030916710862381284,0.09792349637950058,0.08763870436423807,0.3072240678062421,lying
40,0.04557778456334327,0.10432073136241315,0.007449001738050451,0.059552397722612935,0.010359042402442908,0.0,0.0,0.35940494252680416,lying
38,1.4814107555280613,0.6182400597990302,0.8099769583762946,0.4610441317686644,1.6497216328841418,1.2514967410854925,0.6084394936814091,0.6211405744244858,walking
38,1.4407806720364185,0.6649297583529656,0.9045886658965613,0.36792082591327757,1.5404498818335635,0.9503319294356223,0.6525741336958,0.5285408390317361,walking
24,2.151455195842496,1.1116935245894286,1.154885423103223,0.7584690960560443,2.4319247951891145,1.4567850460398122,0.9587387836608418,0.7132367716402548,stairs
31,0.25629723490465633,0.20414737075188324,0.025656651304820165,0.050523367136075296,0.0,0.20613282326629673,0.1141875473983173,0.16061684344001947,lying
18,1.2793850606698225,0.7349041153235158,0.6689767631814825,0.596708712983532,1.8804131824562078,1.2202973330534845,0.6440365980168299,0.48804305047808444,walking
20,0.20953510425886293,0.18535896413615388,0.14630610000054994,0.08211174124895047,0.02110198795480519,0.21107564079502902,0.08219930136054462,0.331812543722957,sitting
28,0.2554234433011752,0.06167261805396417,0.04758932472508687,0.0,0.07611514140253078,0.20122395558064868,0.0,0.3900251182938798,sitting
1,0.11126008090381925,0.0,0.09077251102791958,0.0,0.0,0.0,0.0,0.1975669457425527,lying
18,1.467241750024644,0.5881146053157686,0.778394377722085,0.6396804180992838,1.5045687522111784,1.227339554411927,0.7680935799272746,0.5772575588559545,walking
5,0.3496242867975325,0.25810240584558525,0.025437518847936394,0.24203758482012333,0.14508951925314642,0.31152667094161157,0.12160830947512832,0.19347016217192292,standing
3,1.7374447760072325,0.8136384308063833,1.3814706569507866,0.57784859807352,2.194163293277317,1.2713119989424966,0.8166612584368655,0.4758663390107001,stairs
29,0.18133038707916715,0.11661352527533803,0.14858696934361754,0.0,0.20727580282601998,0.4305069039682818,0.22492825046790144,0.290105376116356,standing
36,0.3845624861228124,0.0046290679253482014,0.1677366656456608,0.1235474756873176,0.2578051816909528,0.48663757199643753,0.12970851718485715,0.2940820422340724,standing
35,0.07077398614576749,0.12116912210971661,0.001145289782680664,0.0,0.0,0.24494588164604897,0.0,0.3049805061300613,lying
20,1.6447604477652762,0.9421593118975085,1.10363716793762,0.6248421560887242,2.5186687963299708,1.3641406588572345,0.6885810953851794,0.6619430354544455,stairs
20,0.9990673733904718,0.7721893126273474,0.8807592282337426,0.5933091771122011,1.6389459461277074,1.1887296064198605,0.605168398929969,0.49977440445461746,walking
5,1.0185272972564268,0.6847249783080468,0.7018061557378654,0.5716476545379181,1.9812583986654326,1.1211391767989538,0.5291428580689836,0.581325683995083,walking
31,1.3939950453210896,0.573762419116763,0.9144984590872423,0.37117878347370215,1.4089604586715325,0.8924819337594819,0.7096193920113738,0.5837340737426351,walking
2,1.069515782445492,0.7425830604011979,0.5165197807942925,0.47445609667337446,1.4177738000271347,1.2962283343144327,0.5988844348836192,0.4992999816149823,walking
8,0.4275831025245175,0.22955726101651464,0.15904518381687405,0.0311860499220806,0.0,0.13852676671448924,0.15062074882825943,0.2959641896363238,standing
39,0.10650225425510679,0.07735966362235727,0.0773840189669707,0.0,0.2901260872648741,0.16356601290243256,0.0808504039486573,0.22721940673971852,lying
17,0.1415078206953078,0.05886454287590072,0.1779292924118343,0.054838118923908476,0.0,0.2760976160654729,0.13289578616415781,0.36527270131532863,standing
11,2.2717537624399355,0.9969674030537663,1.0444628251774408,0.764045991572274,2.3634516353239383,1.3023254605937113,0.7289645423960599,0.6517171820804549,stairs
39,0.22303581819244123,0.24978798319906223,0.025621099164351173,0.0,0.04136875020685865,0.29674928936439016,0.1667855841301743,0.2770294494410322,lying
28,1.4124292668910776,0.7301265093945026,0.7841633719762683,0.4708565133254628,1.6813263275016426,1.177816842529389,0.555192949949782,0.5647790187959524,walking
29,0.0,0.0,0.0,0.09075708226786319,0.3778788312794822,0.13599097695057127,0.012599210471969338,0.190073936076034,lying
8,0.0015556805037979932,0.05935973516958873,0.0,0.0854384120650132,0.07031619938524622,0.2134904405353858,0.002623011173298398,0.2952617300079013,lying
4,0.0,0.0,0.07890391156444687,0.0,0.17816467948973352,0.17064383123886123,0.0,0.336091674236554,lying
20,0.2796832309214952,0.16964868497057461,0.0,0.06140520957043444,0.3705160519606303,0.3224824011099242,0.17914504806922915,0.32586823220354877,standing
31,0.3738496683225815,0.12216393545565175,0.14537058458459734,0.09961713277849743,0.36989655778767494,0.4582299167787739,0.03874742212174788,0.4074416007984349,standing
29,1.3553434833926308,0.7563388984759012,0.6554707008448415,0.5380784353226461,1.5314920218337131,0.9725721898884685,0.6803605097242735,0.48390978966996406,walking
27,1.7229673516405166,1.0096216302580514,1.0250693537769981,0.639852018606894,2.1910122474869693,1.3382452872433657,0.7670472386941987,0.6063435479314887,stairs
23,0.23261845357502006,0.008261265942169471,0.13839437809418237,0.042793859554162206,0.17866484294040513,0.4306527528318102,0.06993800538070419,0.31582968430325536,standing
40,0.11708111106281847,0.08352116692213196,0.16293179190072543,0.03362899689485792,0.3688449675553749,0.19703362495354637,0.05432294163149464,0.3177396845577757,sitting
33,0.1074489939163953,0.041655850778541594,0.03667351375146125,0.033640944597025706,0.0,0.0,0.12390118671844996,0.36687321895254255,lying
24,0.34442628299828787,0.07575561549700342,0.040658444829505716,0.0064312707809282485,0.03311921362263083,0.06343401207317736,0.19264932463698103,0.3086660610444307,sitting
2,0.058449996694431884,0.03576520694848777,0.12398429669774397,0.03305997979033864,0.0,0.2064156953154994,0.08429714353757332,0.3119781012926033,lying
11,0.21595907447495652,0.2899160064941815,0.05815856081520312,0.0,0.24997428003885136,0.48429553143752935,0.10516496940941544,0.3718353950495046,sitting
37,1.515421365015544,0.8327660284730155,1.130643738261884,0.7544714529723211,2.205243803267667,1.4888723431523236,0.8330467935698463,0.5745824197054172,stairs
20,0.3144995788110168,0.21556100145553028,0.07972908331455522,0.1357878477208586,0.2955843352812352,0.4561749249935788,0.20061451030371183,0.2394436606887856,standing
40,0.21041374762418696,0.0,0.06486816266337195,0.04226966348061361,0.0,0.05051538284266879,0.23071747661251613,0.3073004578661417,sitting
37,1.1904220153689224,0.6240090184792986,1.0097845058366794,0.5866850368050485,1.6853724834254251,1.3032965671303356,0.5645523173624757,0.43813740645569954,walking
10,0.19607565896162943,0.20275891527231393,0.170431394244448,0.08726237118471446,0.2812302785746028,0.3366110156159165,0.10434913242903529,0.31284355967629107,standing
32,0.0,0.16757151012458069,0.10478066814918952,0.003481120792441228,0.17713916253607848,0.0,0.04482982884463714,0.29761804634866285,lying
19,0.29014320142161926,0.0,0.10461733917191005,0.09243590789011041,0.04023780121843723,0.1533129692414481,0.0,0.43194959411490574,sitting
17,0.04167305094877715,0.16348293816490284,0.0,0.05719237667483549,0.0,0.09047673065212089,0.17408806389969675,0.3306657640421759,lying
17,0.05014185666871832,0.0,0.0,0.21099150786529836,0.05714652803575826,0.06769698758611101,0.022067558255673508,0.20943964042266985,lying
30,0.2642196415032985,0.151421154516557,0.0,0.09848464121903105,0.08517055727959703,0.4979857276770422,0.14612762424040035,0.3838843966241863,sitting
20,0.13108666480501202,0.07958013485072175,0.0,0.07448867154928518,0.0,0.4517598222794885,0.07282309283052482,0.28366537156069355,sitting
36,0.19492267001825161,0.029786899811016787,0.1100899918141617,0.0,0.05443804597819316,0.3126317340820982,0.0,0.35642767735877956,standing
24,1.172394412405215,0.646423413857628,0.9123918057136773,0.5291164487665704,1.3753289842204808,1.2255083116400238,0.5610121675701689,0.6104545172714301,walking
4,1.123618178450466,0.6403404427858755,0.7129985442385116,0.5278271266953036,1.6845891438274745,1.096154678932108,0.5520520246810889,0.6552311389710115,walking
40,1.6217200225585873,0.7902101059523836,1.2727218257543185,0.6844171761576332,2.350997030253834,1.4026074512487745,0.8539192347591226,0.5645150700062548,stairs
37,0.11707995559714338,0.17909713757922785,0.012399887926081488,0.028214878612759575,0.09539403494465115,0.24721520116120888,0.277764370030653,0.23942495862447394,sitting
36,0.0,0.0,0.09808513215155096,0.0,0.0,0.0,0.0,0.27230175424861985,lying
3,0.21863375725458292,0.19853232015703115,0.1333641770746768,0.0037765039299805514,0.015056075784775691,0.33336023929522884,0.07558986373807358,0.30086594512184506,standing
1,0.00622733271374816,0.016491615859810686,0.0,0.10014648641873306,0.0,0.09564688425315536,0.0,0.2062752088401826,lying
3,1.4867601910695063,0.8982140858126866,1.1371785767222422,0.7448470669409922,2.3910000157063904,1.484552584791005,0.7682301872501385,0.6350718016163092,stairs
34,0.06472032633401757,0.0,0.13004672493188807,0.1688530687264109,0.27935776030787884,0.13209782224293615,0.11201574046053661,0.3706691627046753,sitting
5,1.833692217689878,1.0198459911668758,0.8242881042486525,0.6859116284507293,2.1920649439205357,1.659298836112518,0.7825936450020684,0.6881139225205011,stairs
22,0.49536179765988625,0.24232005820153982,0.24291114731017382,0.07492224405961177,0.0,0.42902124926383467,0.0,0.3327261573142222,standing
6,0.3964365776309088,0.09101560035342891,0.12239491742767462,0.22858198915900396,0.0,0.3492090357507526,0.15906225108359404,0.2959420136866773,standing
11,1.8311837784401406,0.8402178080613643,1.0278586401047431,0.7067686789638876,2.3658599538305647,1.2619346717494653,0.7567715469063196,0.5484873763404449,stairs
35,1.9358156602585561,0.9421188421659443,1.2369092621762188,0.6597322111693744,1.8977993485475808,1.7709060116136062,0.8585479060922823,0.5168050489889111,stairs
13,0.044481303699147004,0.0,0.059197068654928575,0.0,0.0,0.07254750136208207,0.19460190200902616,0.30934420762246034,lying
22,0.15180784765175015,0.0013972364153493344,0.0,0.0,0.11874864181833783,0.08800492956448369,0.022011956591333807,0.27994917042050144,lying
15,0.00650472575388901,0.0,0.0,0.03543407440545364,0.11722844070451854,0.15132903668995779,0.03260634730442148,0.33774154511353166,lying
8,0.11437625191879795,0.046580620891325045,0.0,0.0,0.1821079784316691,0.05274252607196614,0.007261980787168942,0.3128525276561172,sitting
26,1.6118759060151673,0.7529680941973592,0.9910741318828845,0.6234533731311628,2.6442280403990432,1.2140421251572078,0.8261154782247528,0.5623190763469955,stairs
8,0.9704179519397691,0.6371282716655132,0.5722932785290831,0.4780614191384476,1.8081019309205986,1.009048541348295,0.5256688944108068,0.5389722574108071,walking
30,0.05157939598820793,0.0,0.06892521529825343,0.08471123997172525,0.0,0.0,0.0,0.1560847426759452,lying
6,1.5634282319384722,0.5317270647251346,1.1382342277819895,0.5659090857079121,1.6971612847587996,1.0760637710338632,0.5747529374194139,0.5114503811220312,walking
21,0.054829834961792084,0.0,0.03383125092321233,0.003315634817267696,0.1748820657466786,0.5794100639806337,0.04319052676769087,0.2504293704470573,sitting
34,1.6381130340283965,0.917406897260967,1.0735813157740774,0.5459677497236469,2.19231580355056,1.395555072165075,0.8040410019799454,0.7356013258330159,stairs
16,0.022309062702487295,0.0,0.08453609285719726,0.17399161139962907,0.0,0.3432937355583422,0.0809108246197552,0.1377883542630697,lying
1,0.22375588692122858,0.2515132403014879,0.15280428479891633,0.1266292158498265,0.0,0.33584001601955304,0.0,0.33505159186033084,standing
37,0.8672068940696218,0.8319734411065636,0.9391510535041372,0.599483600670152,1.352422971602539,0.9679687043501481,0.5927293180297513,0.4759277000285164,walking
25,0.21843843434941856,0.1428743300341207,0.12057224602498887,0.09521227487050513,0.31013121162494206,0.08277077619650294,0.11519123081838281,0.3237948230254899,sitting
25,1.3837561466073047,0.7407050135000876,1.035795773625235,0.6482186169242353,2.3833361018790753,1.5951724623520054,0.7605572941642424,0.5709193292759889,stairs
5,0.1984116642018708,0.0,0.06511160454575754,0.13514174897656017,0.0,0.21394987393598167,0.17401273766754582,0.3328639004275386,standing
10,1.1675460164726212,1.000325895668027,0.98588232479756,0.7237690509751402,2.272496179638132,1.479867731500724,0.8647460806992563,0.6822723707346262,stairs
40,1.4477138895091466,0.8893325554581728,1.3637886167297646,0.6400204193622346,1.9848061706463034,1.375956959849114,0.8673605057220612,0.7270572080777908,stairs
33,0.037830689338486406,0.0,0.02872979805524009,0.04192682670335956,0.15685875882451197,0.249485565000341,0.023535629328042283,0.27083304889109067,lying
25,0.31956805671838834,0.25484288111564135,0.0,0.0,0.18035678698057714,0.2735718550004518,0.16299768498546077,0.31715373108962563,standing
26,1.4587710494002084,0.8883085966200861,1.2058526759786286,0.7677170882246742,2.203790862780604,1.569658213894578,0.8480464758294629,0.6721505150605828,stairs
35,1.7847193196461197,0.897068684226925,1.003129756742139,0.8045262924852489,2.3476066176804746,1.605585114028768,0.8163799366287283,0.5682837218007272,stairs
13,0.04349353970543867,0.030191566467625046,0.09874496980828186,0.013455490888907826,0.2678946136102742,0.3611307270427627,0.0,0.2796196233654024,lying
21,0.1674635540915615,0.0,0.026181382561173652,0.0,0.0,0.24107222917651633,0.007993314212901212,0.34204301270420884,sitting
22,0.21380926201866268,0.22552413091809112,0.10874907823147686,0.227189190295286,0.1363365649058563,0.19280886961682497,0.0,0.1640804193447799,sitting
23,0.35541083059331247,0.2373836213395254,0.15436978997279666,0.0,0.010061124973303706,0.2332440467899483,0.0,0.4748395703961847,standing
2,1.5280751859330086,0.876235455087449,0.7951110676063261,0.659320177316524,2.4064450052267023,1.3377528708338247,0.8920344141730239,0.5494004933706437,stairs
5,0.19835787652035025,0.0,0.007535143026417786,0.0017234680047406685,0.0,0.0,0.0,0.41229449406467256,lying
28,1.1213209758047422,0.854641816900819,1.211467299184813,0.46857719716276536,2.226130398767686,1.761771085913542,0.7832893854301883,0.639878189580952,stairs
21,0.08311035593777084,0.0,0.0572016229096565,0.08195174574676037,0.4403778767381011,0.4235727112148405,0.052141633618176794,0.2636494994398788,sitting
14,1.9006892809404814,0.7743631495132273,0.4690542905708298,0.5227114074898467,2.228402534079645,1.2903469505564704,0.7058080484222841,0.6388168276827106,stairs
19,1.8444532720769826,0.8340215930104964,0.961881120789507,0.6966576142010799,2.178539727589201,1.4086568927790248,0.8436813838385457,0.7051737783750902,stairs
15,1.2140770167504422,0.7548469468324566,1.1382081750553548,0.46657851766301817,1.5850950859123625,1.3089453642092035,0.667640404334408,0.4928599101519306,walking
40,0.0027848489348673566,0.0,0.020396770601436683,0.004319384913159169,0.13362024041098697,0.12720599144742764,0.0,0.32189160276053086,lying
12,0.22307939411585995,0.18846511526781456,0.05557822805937255,0.0,0.12092249782405576,0.5068621576551048,0.0,0.27457895323349824,sitting
17,0.20870403219119693,0.15070156719812294,0.050808838051725494,0.07319257991054723,0.40744585685058654,0.020643928025984776,0.18703074200742756,0.21133177439874778,sitting
19,0.4546609283828744,0.274486492274145,0.0,0.18302104301131966,0.19646765400972432,0.19695600940764293,0.055687644573710185,0.27457409391945015,standing
16,1.8702144331599064,0.7250441272722721,1.189157861512807,0.592211228470375,1.9296027971670497,1.663515689151935,0.844661808197393,0.6130829172853397,stairs
18,1.315420784209887,0.6549337786031654,0.6955955803697302,0.4074996113175824,1.6102687906584083,1.0505805795923568,0.5675910488656118,0.5406812893185675,walking
22,0.0925096831555089,0.0,0.0,0.0,0.0,0.11751279197473019,0.0,0.03853782298083375,lying
1,0.053060401803385754,0.3207417104516059,0.06810504154700762,0.06438773585418538,0.0,0.30631739074709563,0.0,0.3729844284332179,sitting
27,0.0,0.16193288644135928,0.11533879217077926,0.0417133331191719,0.16382391123086543,0.33102511880333535,0.2757015090553054,0.25263880042772224,standing
4,0.7685539922048059,0.7778782229908542,0.46414947145233476,0.3185690974961126,1.7336061087277472,1.2533488431419009,0.5035999286750982,0.4589957160512006,walking
24,0.3394527448056658,0.006939640383960388,0.13204837233220143,0.11403075030441896,0.1274304202433652,0.19003888968091567,0.13473727189335877,0.39899095941931106,standing
10,1.0542968046543424,0.786637834461924,0.8806558320967289,0.676510775437322,1.4756152954227422,1.1815252762835569,0.7448820705724905,0.5482647757190362,walking
35,1.347013797450259,0.9795370679227241,1.0801715170060318,0.6924417650231256,2.1516131950989537,1.384220018554333,0.8290276226034228,0.55870595049049,stairs
24,1.8846987608332415,0.9789776007981644,1.110545808940072,0.7612886326683322,2.4199650162554787,1.4712108722538229,0.8704570358028936,0.6810059538820573,stairs
15,1.797506524327822,1.0466692507830024,1.0826179759333507,0.7113847534401259,2.047108457679038,1.254235943880677,1.009397279032255,0.6253990378948214,stairs
31,0.03236290570987617,0.2223117627636911,0.0,0.23416608698646207,0.0,0.04486231550131654,0.053844213420979274,0.25299197203217383,lying
10,0.20919826849799916,0.28811306681623383,0.07811816118716766,0.05713179580234602,0.042194804056618435,0.3376731049792759,0.1487345318046246,0.3735203279796187,standing
4,0.01340507490266056,0.1464497719059982,0.07047353734476436,0.03771807626994398,0.08993722813707081,0.3933737862878579,0.04799772272420721,0.27233348676581715,lying
10,0.11765154369952413,0.03601757207173249,0.028886647954439487,0.0,0.14982782923617383,0.40731940177369574,0.022840210175239975,0.19404502275967236,lying
37,1.4028061868716688,0.5522394573556252,0.6429548897763874,0.3897510509194899,1.3544295012538234,0.9263926299524992,0.6413297496423503,0.40994078878276097,walking
17,1.9426421972636798,1.0022085747780527,0.9558304186916797,0.703221732079798,2.124843264195443,1.2154394410184985,0.8004211098268081,0.47779359577685176,stairs
12,0.09164488086118867,0.024498319864934566,0.07800501802258772,0.0,0.0,0.36689942126886954,0.21170010404779502,0.16638834990504203,lying
20,0.4385325076523219,0.2531122418608908,0.10100379652864172,0.03667628325390038,0.12023312533150043,0.2737237001346561,0.09757556962063632,0.24051179817784607,standing
8,1.1656046507207143,0.5265610256957113,0.5910701558175537,0.31364042172975193,1.497604104987084,1.3989402866356888,0.49717860283444415,0.5354593814706978,walking
13,0.39391876400866155,0.16168372150679905,0.2195141735772793,0.08096172375757488,0.29641598729720753,0.3312100350528073,0.17250349657974212,0.17081410088610519,standing
1,1.1275340447452455,0.6677107831859042,0.7392485250610727,0.4637563391587004,1.5526545791391417,1.0139733176042571,0.7060787245637901,0.4707811182392179,walking
16,1.1434959317646072,0.7489632645451628,1.0778161416087864,0.6026007850640438,1.7550085051773225,1.2449646921301056,0.7224344270242054,0.5267637334843283,walking
4,0.15410111531710066,0.09076943097426063,0.19193039020747665,0.07403360026991776,0.12606396985990914,0.2667255711532749,0.07882556431333869,0.2137854275450639,sitting
40,0.23407898240464448,0.17330531122713427,0.25787949978695823,0.21751332146918223,0.1179064666682364,0.5981944572896337,0.022566806625870836,0.3055292503136905,standing
21,0.16798857607412299,0.15768947137278533,0.0,0.015549209514546788,0.0,0.24685964002238397,0.0,0.1963308495187266,lying
4,1.0567364544603093,0.7501296678254695,0.8028170344375051,0.32629614071974195,1.2591159830964256,1.3530883100499207,0.5555405341574249,0.49927940091441886,walking
2,0.29911740550511956,0.21272516089108845,0.013959042568495561,0.014327748324589828,0.1085607745058052,0.1932350495858687,0.016819966550485052,0.2612116029713663,sitting
36,0.16824057275015314,0.16741149360079224,0.11002356558857979,0.0,0.0,0.0,0.21492992977628222,0.20813739468944514,sitting
17,1.751806846822173,0.9553809882067262,1.0338752813170373,0.5042293232743101,2.384274740286887,1.17263584870699,1.0108592718215839,0.5461002695972754,stairs
40,0.9586194868772399,0.6334920583362246,0.8657352780145608,0.30716785207715036,1.6683296107479533,1.2550174063561905,0.46123593905348576,0.48670904898668693,walking
27,0.15501845169119965,0.13219902155040597,0.0892277705435419,0.14029755741259062,0.17840532358391586,0.27126165477478376,0.05049825013810268,0.32619973717397366,sitting
18,0.3831747626920872,0.2290117423741964,0.06607545171252019,0.0,0.11175759233879985,0.44615864302947267,0.0,0.41062995497638755,standing
21,0.21457732891821876,0.256151240050415,0.18197742405526696,0.022807896846267866,0.07505728010696557,0.21767515512077587,0.11848154140153883,0.2845210099015652,sitting
17,0.25127182202140175,0.12855990487297103,0.046580428816917846,0.0,0.2006102297503222,0.2705670110415429,0.19245218755685814,0.30301762727721765,standing
1,0.2734181349333349,0.08819457695142129,0.000157458283579201,0.11343499942553127,0.20240967469080762,0.38560905121898525,0.0,0.20116804857772216,sitting
11,1.4653611894259515,1.1233705995799128,0.9326199344524552,0.4571168104098777,2.0033933478065276,1.8233851668674113,0.8158692598778182,0.5919445489039291,stairs
22,1.5851203809885304,0.8523542643057671,0.9742183760885659,0.5659316991409072,1.9406395969975732,1.3186181464355968,0.8120320526587569,0.7133900701429876,stairs
10,1.2808717993528005,0.7545238185495319,1.2773104190859044,0.848545233160384,2.113495066262591,1.3891415792689399,0.6829350084177173,0.6015282018247775,stairs
29,0.17194499762358,0.1294103925058451,0.0015151194693445724,0.0,0.0,0.2186338453990329,0.0,0.2958172652261546,lying
27,1.5182071256150789,0.5448075701620281,0.5751485568843211,0.57911000347927,1.8582624188414185,1.424844845245754,0.7468016429873658,0.5631048930976431,walking
29,0.3450432406474771,0.25370729113366464,0.05388634279300235,0.09824674305662603,0.0,0.34504522320163145,0.0573083416674451,0.30581121356037405,sitting
1,1.0651768906878178,0.6263507770370198,0.9021840647598316,0.33852758416799134,1.4970207545477692,1.3288982266727607,0.5389224313668144,0.5503296318609355,walking
13,1.693578163652291,1.0055030443948656,1.085351861634056,0.7495259879110414,2.2898046271289685,1.6632309958571845,0.6876293896748258,0.6059092389518308,stairs
1,0.9640575819028662,0.7924258009424242,0.6692427510592174,0.5118403989867567,1.646251726383006,1.1456499947670413,0.6694838542329078,0.4544832098024056,walking
31,2.1603187644068402,0.8653936476753651,1.0407911284391038,0.6717123936550913,2.2245898425685944,1.509961833547101,0.7904360994021175,0.6467233742052663,stairs
23,1.9029429460355922,0.8615446861876764,1.2020390890584303,0.5827495677989456,2.465512011693904,1.5851484380418774,0.8872624530897893,0.5865490474448136,stairs
30,1.873091708534386,1.0739243570895267,1.0754909937507364,0.5135717376600825,2.312419689152387,1.4461700997439,0.8404989210950773,0.5605209597798572,stairs
18,1.7015171378432075,0.7765854675805681,0.9530989139916964,0.2603237792381662,1.73954939583505,0.9104602400846372,0.6320760288112806,0.49371402994877384,walking
5,1.7098630238726547,0.7687962206753421,0.78655498575144,0.689557595467516,2.4327844312278626,1.2953096360376923,0.7124388256584074,0.5406194885858662,stairs
20,0.1466422676379676,0.19598028670088752,0.003972963663506995,0.07373950159693368,0.10670800087443959,0.33939544256718696,0.0,0.35412015519987367,lying
27,0.06253878735078638,0.18647371688177458,0.018226683778583535,0.22468532936851718,0.22354544920433,0.0,0.21324729237837164,0.3877540096380409,lying
37,0.083782415891125,0.08478068838983926,0.06329519373708127,0.10885394485156683,0.15664629785725898,0.3031947535004213,0.1198939795979446,0.22313957403541027,lying
11,0.1238679451230546,0.2202328518432948,0.10725666483337673,0.06811036558255379,0.0,0.29886495218266806,0.27499702448603225,0.2921555530963287,standing
34,0.33256895301287454,0.09657976723645975,0.13471050683016816,0.1386909014850193,0.08780305935091846,0.3164036926483829,0.215552468638756,0.3958748464331471,standing
33,0.04665944566939134,0.0,0.04256509795159527,0.0,0.3079746950616751,0.11983432463728648,0.03780955773185311,0.40871380819228553,sitting
18,0.2056832931267839,0.23550681075737864,0.01955521936653734,0.22497212641281616,0.0,0.21419688350938457,0.05739040734286162,0.2570648410456762,sitting
10,0.3193490809741677,0.1032841476586,0.03113676136141922,0.06918519902279299,0.0,0.360491614197642,0.0426378330033053,0.30718729507362547,sitting
25,1.278752378455066,0.8694740792844313,1.1785769230390495,0.5958095989184977,2.3881587541973284,1.6433113091124314,0.9957644007650945,0.7652442890831581,stairs
14,0.10165229212815376,0.19916541504380328,0.19453284808227567,0.11423274861872335,0.026615039279692713,0.3824133034140247,0.09662753543147677,0.20701771144499223,sitting
38,1.4066102630531017,0.8241321780607455,0.9344521822465379,0.4482736168408048,1.6096412334511414,1.175556003835455,0.6032157424097699,0.6361015646940285,walking
6,0.26338874761530917,0.17614307517056013,0.142836127059517,0.0,0.009103174933473221,0.0,0.11751605534298928,0.3240176144844608,sitting
34,0.25436325016169753,0.10439245283653767,0.06759472380292694,0.0,0.0,0.3133713104360498,0.13653529512389312,0.4175523915265006,standing
32,0.04631893117123714,0.09926565488889076,0.11382004756697006,0.11838436950152201,0.16744687339938977,0.43860916733486144,0.10897042191199147,0.31868640827726596,sitting
19,0.4365113869965638,0.1870375144822624,0.07346559031226715,0.1364538828087934,0.036745807504050064,0.30447139751629915,0.0,0.1563440660811905,standing
23,0.20916856600912365,0.10178307648794496,0.1327868394434963,0.0798389484781702,0.0,0.23133758669999727,0.13649129727837328,0.4369104879812224,standing
35,1.2400647446817055,0.6902069916961167,0.8887033470594967,0.4761151692805835,1.8714030021209673,0.9773087003287335,0.6770765239591964,0.5620449159697455,walking
19,0.4455158016778483,0.1943160988063185,0.005631748429113487,0.18703147682081214,0.0,0.2682283193431604,0.0436004918662687,0.3618587226125307,standing
38,0.40489582820576325,0.31092592914327727,0.09832823093037385,0.041549435805548304,0.0,0.49957383980096826,0.12767544108085777,0.22213514326722822,standing
19,1.0069888941079852,0.9414235959063465,0.858307003675924,0.5797068985375,2.355265986552712,1.669981984047781,0.8222957083115663,0.5936286946627295,stairs
16,1.171756078032027,0.7607830767339006,0.9455146286276213,0.46240097249759793,1.9358167158288193,1.1063148469551805,0.67958951760499,0.4886894565999476,walking
28,1.6916978943375265,1.0041530265607304,1.0063365058844054,0.8107080771819701,1.9283756401642942,1.0749448394916783,0.8081101691328505,0.5938112186908177,stairs
7,0.7236664163053355,0.5599424301406879,0.5538546879193494,0.6422882336127912,1.5514199667845587,1.3095682912772693,0.562824776500414,0.42394812225186,walking
25,1.0466815349726108,0.5977834239468712,0.6680638412253499,0.5040798835387263,1.6172154816741653,1.3188965777772927,0.6684564705589797,0.5521250251356512,walking
14,1.6203458355204485,0.6815101911114605,0.9657572338503824,0.4138868155671396,1.5372638179351394,1.5105536338589902,0.5234537071749219,0.5682565503693804,walking
39,0.10820524231817596,0.11357735986771449,0.03721266950651651,0.09797155623103827,0.15670083276794122,0.21763939691550968,0.06933295854272105,0.23593956131400215,sitting
1,0.05805202414314841,0.22307848785888007,0.15249580613649735,0.09849520081472121,0.22523968610867115,0.01421418227397124,0.10038504747754887,0.30308391234991605,lying
5,0.2539289573934878,0.10736598830233048,0.10651040142621684,0.11641370840838362,0.0,0.17109948613104126,0.05643392307088542,0.3413169072172052,sitting
33,0.32325033019014165,0.020830646298040323,0.1798264547725397,0.0,0.28240749297526613,0.2933902588007004,0.09821014780404272,0.3733949369255335,standing
22,1.1835137808929306,0.6191586190807706,0.9160647361518813,0.5267285244310157,1.715754719364183,1.063143150861763,0.5103905779716068,0.5092362235063136,walking
34,0.21570710108685012,0.06795403481530202,0.11548252948785016,0.09865185414467999,0.23361977736333206,0.4423677281843443,0.033746459217720855,0.17544189008342675,sitting
33,0.12808968711851026,0.17937964870187414,0.11806206665400047,0.0,0.1661971707360861,0.07646276690167228,0.09937901672682567,0.3832860769638196,sitting
32,0.2204549790603042,0.03981621976378119,0.13146427389966087,0.019554483328336023,0.14178715964009125,0.2224027193350915,0.03883498259264115,0.34599804499178577,sitting
33,0.20498315478035128,0.02559445499039195,0.008636142586648313,0.0,0.1475520530600577,0.19265533938163007,0.06179712098705224,0.1933887239617068,sitting
39,0.39696770861122505,0.1164552461517391,0.17874561685624812,0.0,0.22516456657800016,0.272849499301162,0.10922704986959468,0.4278445870482543,standing
35,0.18953038776728343,0.0,0.172440466739866,0.18133627290388202,0.24961056990301514,0.3496646789111428,0.3555194270448465,0.3795352715883524,standing
9,0.21245970942048475,0.15229153191990227,0.056024794094514746,0.0,0.36300840194380046,0.6507980407663146,0.06052226198793778,0.3524310540178186,standing
6,1.299668877537103,0.8151802621470108,0.8214569625901715,0.49934879821736267,1.6083598403885473,1.1145711622578895,0.6172508537196453,0.3746984559586162,walking
36,1.335366594770741,0.7114994388203799,0.9224882937836555,0.5464519789503798,1.375080224173038,1.2226815650387457,0.5731682388839111,0.5592585808401822,walking
21,1.529528382865346,0.9279825687799549,0.8534968590136529,0.5587309016753157,2.3581731622820254,1.4674576516025517,0.8867755762628096,0.6172052181716186,stairs
14,0.06595430730501291,0.13155141790381084,0.073879356947642,0.18164570606706631,0.08884878163518833,0.25206505879837543,0.030192391594985955,0.4254490657484989,sitting
39,0.2120356993980777,0.09268174802545204,0.16518272350712776,0.05767385713600156,0.0,0.29983807791209705,0.07406549087637328,0.2821572420629675,sitting
21,0.21708674610851147,0.13952347348894364,0.028574521349789633,0.060905566511017806,0.0,0.2312079600435361,0.06946105861088493,0.33977769022005316,sitting
30,0.17281342622338522,0.050742640214384654,0.09499124568015939,0.04486285496481126,0.0,0.15624621924232043,0.18176358579415458,0.3381177192052718,sitting
19,0.03948303386599057,0.06219470696850886,0.0,0.0,0.18103616999269606,0.10819026322205597,0.052381467033915,0.35519023859868704,lying
12,1.8308986660552056,0.849865070630265,1.1737716848265063,0.5423088552487935,2.461957285874707,1.6173469370088323,0.9290333033695988,0.5793145538665959,stairs
22,1.1360144300055512,0.7777149922294561,0.7627277554814088,0.3678275528335446,1.6723432694711726,1.1897481204624585,0.5210655479175743,0.5891188552376229,walking
37,1.1685031528926806,0.7217716410708286,0.7697608106756553,0.44492941465724617,1.543514942074667,1.1246223878227732,0.6909862265225251,0.5243279264480624,walking
3,0.25423321123269466,0.23447155229496458,0.11189955544247603,0.12009852720675841,0.0,0.2369384890440756,0.050133107605980054,0.34634752706419814,standing
12,1.6399921301517864,1.053756021813884,0.9266792740151362,0.7266846951327592,2.335258613865717,1.729496516476459,0.8836427218523064,0.6083807832075234,stairs
25,1.6186045951436088,0.8329899586825437,0.6074179959595722,0.3547427996954555,1.4929961136395349,1.1144371119280712,0.5391865389102609,0.5999029582758771,walking
36,1.6024089581747512,0.9230532539783962,1.191321166360634,0.6015700353630665,2.35025253419006,1.3365607827704757,0.8907321518896235,0.5471551508342809,stairs
21,1.2131790051485203,0.7588146650048065,0.82798628734356,0.6328318075472125,1.7143835169144603,1.2709547821363731,0.6786429895948387,0.5427490982744844,walking
17,0.1786450750449563,0.08644498526172245,0.06906389699301521,0.0,0.0,0.3127974982114866,0.2315697438635207,0.3163893834269779,standing
14,0.14207231028021594,0.0,0.13217910696100554,0.0,0.14713402866859832,0.0,0.12047897467712834,0.21522168116817564,lying
29,0.056895718344689275,0.0,0.0,0.016518886132597665,0.015820365900049912,0.25099772846551194,0.23778415685052584,0.3026867738505865,sitting
25,0.14544264202031298,0.0,0.16500708134702852,0.0,0.219419499468454,0.16964659590877498,0.0,0.2612747002427086,lying
12,1.3134868796849228,0.6513184170541152,0.8492397735985368,0.271707807107626,1.4175723639734485,1.056200652494855,0.6414680398643502,0.5650588876672571,walking
30,0.4404110323255346,0.25269543058826727,0.06823233385279082,0.15311935448111524,0.14085122511087908,0.2848507075407728,0.2541609337014221,0.3490428512543371,standing
21,0.07949977032813535,0.0,0.003461283978350202,0.07955261443738396,0.0,0.35475288168294045,0.16081090946098775,0.29847472024919547,sitting
27,1.6267053294469642,0.9558423240691396,1.1689853806954682,0.6543323328049873,2.1021939239588665,1.3532531406549135,0.7894777287318917,0.4866559427819912,stairs
40,0.3370420566105575,0.06721116908158507,0.01981218912192436,0.15744706860888658,0.08393392723019846,0.4935309632844119,0.10580715509298508,0.2769117224267987,sitting
29,0.08666680472702792,0.23405839048050042,0.09529066995061064,0.08633338145832514,0.15915974453671056,0.39978543062262184,0.08555909586364463,0.23285145147051062,sitting
16,0.08142184536842008,0.23847803124255676,0.06852518998237236,0.0,0.0,0.15572571148981448,0.029507324894675856,0.36914508042088273,lying
9,1.4550254806667873,0.6706596989118371,0.9782416643353644,0.5074661469923829,1.6077126204045349,1.1218045656439857,0.5656831954503118,0.5400154187880234,walking
38,0.49599463437823094,0.17635718177402693,0.22369865442419223,0.045006854364336005,0.056660084117539776,0.2589859630123486,0.04861543265472797,0.3118063696278133,sitting
33,0.27075633087349515,0.14975895345607315,0.18475651677137087,0.04863075793725101,0.0,0.15592537643121554,0.13588859400420839,0.27923585897403863,standing
3,0.5480440664323366,0.19588031372227271,0.11033027282992135,0.05385929984564701,0.14068836722537584,0.2787300463874308,0.14122726323726148,0.3888349018682553,standing
28,0.2853472822023802,0.2758925323178078,0.0,0.13746116829904315,0.024927600479823744,0.34410961073950624,0.045134971355828765,0.31631170346841836,standing
38,0.20126029995102518,0.16177163238330572,0.0712899407388009,0.04394991392094334,0.0,0.32158224158813803,0.11767906925933244,0.2825870705836403,sitting
35,0.057344880991125696,0.0,0.1098664450436265,0.05771201439535917,0.045733324655409455,0.12337981678577978,0.01297202510737834,0.3568252755923921,sitting
24,0.12682187596336125,0.0,0.0,0.19020296206219878,0.06040636219553022,0.2155148592230915,0.12645491178211352,0.24890678478513203,sitting
16,0.16387481804491413,0.11156620239211436,0.10552985817384579,0.0,0.4064324097306206,0.0,0.1234281325993849,0.30794324980693843,sitting
9,0.0,0.0,0.09920152001689078,0.0,0.0,0.2263414445119383,0.0,0.1730384874448655,lying
38,0.0,0.0,0.03222358967974464,0.0,0.1029119346165253,0.04734613102119889,0.0,0.31974243763356863,lying
31,0.11741277291357058,0.08475441661658965,0.0,0.15026601234389914,0.19377068990041757,0.2810946879617255,0.06033155586602293,0.24699713380663982,lying
38,1.916962937850411,1.0192613479581325,0.979593769487295,0.7071009322979168,2.0341977174353953,1.4053740495943283,0.7661801968732688,0.6274872484818345,stairs
31,1.4612142245961963,0.6575998361149845,0.9608339205314036,0.5983996921770394,1.9468217120480187,1.13931264557531,0.6166054784064866,0.5228716401639167,walking
4,0.07552861771026533,0.0,0.0,0.0,0.0,0.03500042449730775,0.07770368920386106,0.31610538263818294,lying
25,0.0983701176824816,0.049604234938456726,0.009758200153629996,0.0,0.16949730977979846,0.023795998693951798,0.053253799303551924,0.30156090462883806,lying
1,1.7457095842534898,0.9011068813075519,0.9071262663404186,0.6637170981215474,2.0622192449120984,1.6481469896430758,0.8609874834558782,0.6875050671488294,stairs
2,0.18069949206283414,0.0,0.10802541515002663,0.20781601501388336,0.0428005987194728,0.3117856825822792,0.20817105010957815,0.34557144036110465,standing
30,0.20138493244593897,0.026136775819195584,0.0,0.011140484145365696,0.2144086214204633,0.11692886061263286,0.0,0.2707581235029915,lying
17,1.1561709417170347,0.6249747647493138,0.6316751226941659,0.50872087204703,1.5180468589160285,0.7738964410409764,0.5786613493981696,0.5922361995150175,walking
24,0.35338643716569296,0.105480449716918,0.26906811849618373,0.1417635401081324,0.3173273603310469,0.2612208446873553,0.05258424268338764,0.275546571657329,standing
4,0.3116020818849709,0.1206598656488122,0.11820887402863758,0.0,0.27751822350197874,0.24219096219370104,0.13096568315677717,0.35053541677398986,standing
7,0.052172615938237764,0.030692739849448966,0.16542479776548086,0.044910433446767664,0.03892235458214333,0.11806487270608915,0.03051679474659031,0.2874451733645162,lying
5,0.2516752784563126,0.10713910160386166,0.09975951352898518,0.1674644019777423,0.0,0.6949304367034478,0.1424099722842183,0.4459419151710168,standing
2,0.34964002060228316,0.20091648602964896,0.153695443915882,0.1737626713688955,0.04682306438102455,0.31462885473335017,0.14996840349677815,0.285708995754573,standing
37,0.17876571921382678,0.0,0.03828769362003844,0.0,0.16494630218657313,0.25232708224046285,0.0420662958676781,0.304041398063672,lying
3,0.011314945604483345,0.0,0.10735613778394926,0.032980616861888516,0.0,0.2072972268185754,0.035943684232956574,0.2846558398726394,lying
34,1.6060442560921724,0.9864184915596715,1.2417042611456686,0.6789681431378757,1.9370004390406033,1.4757442499244164,0.7864295614262418,0.5691671540601,stairs
38,0.17119101142355467,0.10335714886095837,0.16785276551099226,0.13407200113466516,0.22896353212934725,0.5460967127495705,0.1470277038945417,0.24193259738385542,standing
17,0.3686023603315957,0.04192883035073382,0.07237709082790483,0.12776833731753978,0.0,0.24319606331060073,0.14350372509362844,0.2463422148850647,sitting
28,0.34059694878983027,0.2971239470890329,0.21125456922462615,0.02602288434640341,0.04555271445350089,0.4033698635526455,0.1994417153044652,0.2719022723389118,standing
4,0.08475675702948973,0.044147424408327515,0.1680396755465669,0.16270701231161583,0.0,0.22138624028803386,0.1101071573413696,0.2771123461588281,standing
31,0.048526196856806536,0.11641840657003222,0.05351276425914468,0.0,0.0,0.0,0.04418497937711539,0.36644428908079324,lying
28,1.6099223580478956,0.9411682514600651,1.0425564453530867,0.5216036535622293,2.666913500183655,1.4623382662582278,0.757505320246215,0.6149031065499,stairs
15,0.296191512439622,0.19998631462554334,0.145190469251574,0.07717933158984955,0.29547206480414934,0.4613888736227679,0.3043659331206727,0.31280049511563396,standing
33,1.659950695929602,0.7743643403611047,1.0162887577032775,0.7829623701335292,2.281559623448925,1.9083410457711059,0.8794855382740057,0.6247878645232515,stairs
18,0.2412204566292522,0.0,0.04556022501481842,0.0,0.0,0.07530857244357284,0.06588343743999199,0.24846158977143168,sitting
14,0.23160195058225136,0.07653420246641336,0.0,0.0,0.28938318220790693,0.08141670088159135,0.08403237572192317,0.2661226855201294,lying
25,0.5601296058469145,0.16339721087286893,0.05264763751948817,0.04834502400101462,0.0,0.4266520059263682,0.12067668615742548,0.21699099974404853,standing
22,0.029396213778229874,0.0559287218419909,0.012519432633722957,0.19973247285590467,0.0,0.016395755549934346,0.0,0.3487046307744166,lying
31,0.005599894433775926,0.0,0.05836518764021657,0.19269794591840655,0.0,0.20334270563045517,0.05605187121684405,0.13622572412579972,lying
3,0.13403907148226957,0.20342238602161372,0.16666990131409168,0.010059954996744488,0.1440590863153314,0.5450837374892714,0.06551860029454201,0.35724411451033805,standing
24,1.7933548580691214,0.9656243458824797,1.125823701666958,0.6459700161233858,2.465963018702134,1.5657094901540725,0.7711947017656213,0.5919946121334931,stairs
17,1.179853632026914,0.6617552514452683,0.7618700858845219,0.4432355710250611,1.4708422118175881,1.2403591610282978,0.5168003015783941,0.6684930934122587,walking
21,1.3228669950681242,0.7387129272106588,1.1385605990903331,0.470557689669212,1.6138853799732245,1.0358611658406955,0.5669242462040445,0.5431406178247774,walking
36,1.159551462955897,0.7445750674867443,0.7512410184407403,0.43580880667387734,1.520759473262035,1.1464574195280246,0.6549347529866723,0.5445359380057542,walking
10,1.042518312187351,0.9896854072551224,0.8289496487126333,0.5493395414972085,2.407029455176702,1.517234740011791,0.762562719689475,0.7005229487450767,stairs
8,0.0,0.0054544595975569085,0.061555690440431104,0.0,0.012969124196825742,0.0,0.0,0.19933492843684014,lying
28,0.3776766839205749,0.04206447192175039,0.18378277647190638,0.15586828643449974,0.3162137083647439,0.2337987307486083,0.21962662963488488,0.2565981233031685,sitting
2,0.3492596046964931,0.19428899085929485,0.11130024431195261,0.20619518809597193,0.05558103705016415,0.6420117829587292,0.23390611394252578,0.2755545245427485,standing
15,0.05853066523262953,0.0,0.08101046452384929,0.026560974117677286,0.08474289969776863,0.09040889136840263,0.0625002578726794,0.12645012424384042,lying
21,0.9792600855015062,0.6117712329940608,0.6797019101171998,0.4689489124943403,1.6891870725739662,1.1611479749567752,0.5345062331664912,0.5077912083063151,walking
6,1.3731797712289233,0.6260790040829326,0.7335787041584162,0.5346843305142747,1.7309523233664355,1.391085404329662,0.5122421931058194,0.5719654402961648,walking
22,0.2751198932009717,0.07708409798397722,0.10201469142041594,0.14702662673842332,0.4355398333531775,0.4083473578771717,0.08555700030205676,0.432335859543584,sitting
8,1.606513828548952,0.9837564306886032,0.8395662192630957,0.9075151280257332,2.323668061731328,1.504708320984491,0.7610105614528845,0.627523970668359,stairs
25,1.7379809916619213,0.7683665593436413,1.057678168669649,0.5974544529541324,2.044735122915694,1.5988066023976304,0.7859130130174913,0.6858936452820348,stairs
7,0.02899803979495874,0.1451641579478148,0.020639043802563338,0.048617195027273394,0.0,0.12055919710540779,0.07908394899125472,0.17679103652894612,lying
29,0.03559401268058859,0.04448501939702142,0.020848493078078543,0.0,0.09288046767671199,0.09573000064473607,0.11686121693872356,0.41039066540500624,lying
6,1.6526600824118216,0.8851302679334958,0.7127604270715489,0.9044203106059017,2.458771055321407,1.2187365577191818,0.7993757060851997,0.47963750709673025,stairs
3,1.7728383551958475,0.8625630137802672,1.070857173488054,0.6313317404986066,1.9322738346340778,1.7927358199466603,0.94908030122532,0.5946939849077063,stairs
22,0.3894721762277745,0.0,0.11090422067518714,0.05726537672465573,0.0,0.2538411150859112,0.0,0.3716816605189916,sitting
27,0.0,0.0,0.0,0.10657974917127469,0.0,0.10030536056734762,0.05694779723811835,0.27504206422732685,lying
19,0.3844174757549367,0.1434674185250899,0.0983426802085261,0.2686782730734228,0.2560229990682651,0.34628075311852924,0.13121399645173873,0.4121429286907516,standing
28,0.23212273050195487,0.0,0.024670194142662784,0.036112807218831255,0.29478951980075063,0.0,0.010209557354645255,0.2181663157462143,lying
20,0.0,0.0,0.07900839666212925,0.0,0.2497441981967556,0.03474682186763438,0.0,0.34791725240198185,lying
25,1.0680002526203616,0.629633635463527,0.9014177318939969,0.6217787755983389,1.2056104081866819,0.9435799605881645,0.5871087320151309,0.4379963362194983,walking
5,1.0255117752612264,0.7066858611746534,1.1717307709287004,0.4627301430191652,1.4123850543895609,1.3056630491267087,0.6380995465114279,0.5062236529541606,walking
11,0.21724571893465616,0.0,0.010794251843224214,0.0722281033790634,0.27814656355161144,0.14236101894773412,0.0998135721858649,0.1547014165891511,lying
31,1.3245068230412995,0.8474531573225275,0.8400565333289673,0.5918429405916839,1.5413620638462908,1.2593290511718858,0.5156527544347068,0.5299825479953512,walking
22,0.10372341444412495,0.0,0.11133696325382819,0.055080065372879086,0.0,0.2676856031962892,0.0,0.23180737842782587,lying
23,0.164444311931212,0.0,0.034976315838016594,0.3115189851729269,0.0,0.19056582938581498,0.14397406069217814,0.3563266238308225,lying
3,0.17003997016342762,0.24693650803403203,0.09760705731564485,0.15480177879450355,0.19198972695309535,0.2523963923190369,0.08251245986409202,0.2116051239298036,standing
19,0.27660393936965816,0.2988525007761182,0.09339854207762896,0.23896418961441634,0.2780252159752412,0.46382775985546526,0.0,0.2708005883029773,standing
11,0.36338213963578664,0.004241724008359954,0.23788636866153345,0.17554161342611074,0.0,0.6260017279884549,0.13227559874820907,0.36614089575774833,standing
38,0.341295810212612,0.43612982060907246,0.0428580833881015,0.0,0.0544676572887508,0.564540333722475,0.0,0.2651967037358235,standing
21,1.2403059745132778,0.8963202464746428,0.648663972122931,0.43196655843912596,1.7472360855798574,0.9245564111938565,0.5778652878793463,0.5569073449342333,walking
28,1.5866317651626058,0.9096905682591143,1.2405698569371288,0.6288045950630108,2.2353988404121106,1.4975162383974279,0.6609852434540342,0.5182703298765193,stairs
26,0.04857001568914754,0.09677032505836852,0.11881709511106472,0.2083980595207681,0.032024171059700034,0.14225505297539204,0.0,0.12206415622967834,lying
19,1.8649248919766312,0.8246237800311237,0.9201667761711603,0.8433535445001437,2.176114820034985,1.403311310075585,0.9463663779817819,0.6427452693940021,stairs
40,1.2545671181098177,0.8431899708897345,1.1160104666165134,0.6566737887632876,2.076627014947415,1.3911491117962744,0.6665688183316099,0.5824876293415154,stairs
14,0.3763824250111805,0.18928312339023542,0.07388675436682487,0.010831132240276597,0.11469734447521933,0.15038242554593031,0.08851098105789267,0.3528178095488006,standing
24,0.15076879703759757,0.0,0.09952716514283672,0.0,0.12436120628559318,0.1495918637899349,0.06171156572039748,0.2839858158238328,sitting
26,1.739260616309935,0.7097236467797646,1.4721431806930418,0.725188772231289,2.432491638503385,1.4115875623313692,0.7474804098779662,0.69082657398556,stairs
1,1.8941953247679724,1.0119019449882065,1.1508748160079245,0.5403539995724724,2.236694031317967,1.7204395330245732,0.7230719564697756,0.5241234769244516,stairs
15,0.21382677708732706,0.05048145520213371,0.03540823884973511,0.38944941022943297,0.25308339177376593,0.234130925267335,0.09500998139738503,0.31940010561599924,standing
10,1.2924763463658642,0.7934600304041297,0.4937091495177208,0.327641101799128,1.7416766162543627,1.3629137327148486,0.596505133912295,0.42055555592400395,walking
7,0.05601372620104007,0.12537786970380138,0.020753033586217672,0.0,0.0,0.18075006001081484,0.07288818019734833,0.1770356987055669,lying
6,0.2620690321142097,0.22404674215503556,0.0,0.0,0.6659460024771595,0.3366209045808487,0.05012826155786733,0.28772738295643674,standing
8,0.011588875248494557,0.06696124164929544,0.047722586616465015,0.0,0.1963746175916557,0.001634805291204508,0.0,0.3456297515212847,lying
21,0.12629363895022838,0.02304125753110971,0.11749145314953102,0.015079397909221505,0.0,0.0,0.0,0.34779257928430307,lying
26,0.23735935356026128,0.0,0.013299689958285298,0.02237969688814244,0.0,0.255114584417383,0.08252026022842338,0.19687606722439313,lying
37,0.8243245176429577,0.6217066405203393,1.0241854588629176,0.4833561334289677,1.6268871969449632,1.1299917273774582,0.6854576081772632,0.46665944908526913,walking
37,0.4943505298250645,0.36522618043234417,0.11689739586791953,0.0,0.0,0.3850411914686589,0.07766215288618969,0.33238773660606324,standing
20,0.12151505102325079,0.23821573426746986,0.0,0.06023397176575017,0.35952439937948943,0.016663078441283077,0.187452261559029,0.27915337238621063,lying
30,2.10070466735141,0.6946679005834091,1.2732777946871257,0.6217990612009878,2.271471055141729,1.3340215438659335,0.9485589347969847,0.612301917787367,stairs
33,0.17459003446150353,0.040668259940208895,0.04290836367646214,0.22065997338408916,0.03975431570414631,0.3845624737341233,0.0,0.26562253148838294,sitting
21,1.8737869568244954,0.8656697138471822,1.1312827896816555,0.5952552999222658,2.3178427083238846,1.4905019762937521,0.8458273658589213,0.6221737030981516,stairs
2,0.4215621018557469,0.12298063339856224,0.24485552895596335,0.19847555234728714,0.10211919606965232,0.23876320064724654,0.10453677072645898,0.25605337871563044,standing
6,1.2239878435044194,0.653955712887514,0.7764314741468903,0.45322139622640867,1.35773615029643,1.2260266152208867,0.5607037428964154,0.5606005516105843,walking
38,0.37349663268517963,0.32717867320760385,0.0646685243618579,0.02863846684010199,0.0,0.3967076864206785,0.04769522253254038,0.319494350915009,standing
36,0.27674104172849356,0.013512722637519306,0.01644741644470825,0.11531111972462317,0.0,0.13680078794148043,0.0,0.20950376931166612,sitting
8,1.7284738177534948,0.8536158645483707,1.1933074062556681,0.63447896564503,2.592393310874939,1.5247515682365733,0.7690310324166253,0.7341567614309659,stairs
21,1.2511475058885249,0.7829776166672934,1.1022869677222957,0.7055690389982106,2.3719360592608085,1.2450019691428822,0.8303362363689034,0.6582548031114939,stairs
21,0.3587386005137684,0.3290880378483582,0.06231535979313706,0.1374737742541618,0.1393944314642312,0.3757017268862394,0.09001227801857123,0.3529584570323046,standing
28,1.043336125840216,0.6347623648350154,0.8452078143989329,0.47323910213368114,1.6335063189008912,1.3461501024619245,0.5396056531444675,0.4377125069169707,walking
8,1.249394550424738,0.7836988922091457,1.125898179310257,0.7075854434192996,2.168598533568508,1.1878106018649304,0.8479803323595635,0.6508159920166356,stairs
16,0.001990860628684865,0.004318241804249799,0.0,0.0927477024751718,0.06740949614153241,0.0,0.0690522183670556,0.2671340635539374,lying
4,1.3367793333796023,0.5280300809613165,0.6318316775987189,0.5580028679515769,1.557889985706518,1.0633837144443183,0.6548919970526904,0.6154395137956715,walking
18,1.5578137341409328,0.9405720313519526,0.8398785452548765,0.4809866052403668,1.531912650627219,1.1750185717972141,0.5649009878817568,0.40551154003661016,walking
37,0.0,0.0,0.026130271209357295,0.0,0.18818187121798252,0.05957124011149281,0.0,0.23293589063347359,lying
32,0.4379023543316715,0.06060804938671755,0.05542608049613393,0.0,0.0,0.17534716938205194,0.13653551308790707,0.2678943332837111,sitting
26,1.6512921339685789,0.5289958444513179,0.9717194528227423,0.8009476000141187,1.4894766152450396,0.9671812743321309,0.678082192788709,0.5198538830301402,walking
25,0.21506887073828435,0.0,0.0,0.034214250729116616,0.21388711309817054,0.1944089060303384,0.0,0.233070906466173,lying
33,1.8464163573478765,1.011431141906296,0.9135834926775505,0.657074627362592,2.2856342945849684,1.3956993117116863,1.080831317710771,0.7352287876171753,stairs
39,1.7418199290511287,1.1055185219641346,1.2142525111258684,0.7476622121790315,2.336898231380943,1.2364320721492648,0.8884550539115732,0.6772855767031961,stairs
25,0.4923139394993242,0.1587309773731138,0.2342257646212778,0.001979317031834349,0.06617254422578271,0.319228993787962,0.24355416798623078,0.27967492012606443,standing
1,0.2907303810368001,0.23940137339923778,0.01261419752355114,0.16666731191964845,0.0,0.5328703178763105,0.18702554293710347,0.471527255215745,standing
18,0.12967401250521038,0.0,0.0,0.05944473629691413,0.06099889199056679,0.07717199985995987,0.0,0.23064548398043508,sitting
10,0.3491213595959059,0.18142882891190618,0.07986848777380962,0.22041844957135237,0.0,0.19088175800359677,0.04565063815293263,0.3553872436609494,standing
36,0.2663979405502763,0.3211001495049467,0.06666613350682735,0.069921339181907,0.015452555075174595,0.1617846948959153,0.0646780831204497,0.33858014159357563,standing
17,1.1974691754210611,0.7347836505499882,0.9296289453628219,0.3709889785950464,1.398512999834964,1.0917935597064592,0.6447619336789973,0.6383393904527445,walking
34,1.6728688235784175,0.8717937231790869,1.1488489249297409,0.7353851209427187,2.3557663985203736,1.4274199912417618,0.738645771122434,0.6711455816450366,stairs
21,0.21991150738028198,0.4555175310324703,0.0,0.16830766044633472,0.0,0.3853698037532082,0.2629631237095238,0.3773305660788952,standing
1,0.2521842042977463,0.16483494535484072,0.21759485001385692,0.15469384540191655,0.12899332460494822,0.2324072957494662,0.1796105474680485,0.24373801679764645,standing
17,0.14849397191136413,0.07262076367428351,0.0,0.0,0.07504554840976732,0.16161235104157445,0.0,0.23098756721528046,lying
24,0.12425759294321134,0.28157393823691385,0.0957101952017439,0.13527948839120663,0.0,0.3422990711720809,0.1030116017892582,0.3713255318511198,standing
32,0.15674527457689996,0.029392245763459647,0.08274468088771483,0.2246996784084809,0.0,0.0,0.19321530861910163,0.2604878169688309,lying
20,1.6385684059282875,0.8144465917032961,1.0698387342562095,0.6765996368969308,2.2384001217331115,1.1693684238393807,0.7151922231614231,0.6710659641546972,stairs
11,0.14545879896538652,0.20488365153979154,0.1903919504237232,0.0,0.24460763156564003,0.3334682032347497,0.06198817647378997,0.27103255231848344,standing
35,0.24540957443336645,0.2412082018501537,0.03659356180042227,0.12228913539032876,0.010776635141096391,0.37701409750819154,0.1388729572631072,0.2707638843975976,standing
32,0.04156162924421117,0.2119533511641708,0.06491767678938203,0.0,0.10158721771607909,0.3347090694269084,0.03152822213434126,0.18551879723328368,sitting
31,0.30844130549123877,0.0,0.0,0.011942842819869341,0.0,0.2121655661622248,0.012143446205749336,0.2295836503455811,sitting
3,1.1737623185621817,0.703641754940128,0.7199102921165855,0.4984237052772683,1.955242391780349,1.0653956606251114,0.7281040940743724,0.5917813652639445,walking
37,0.0,0.0,0.07464456088570005,0.0,0.32669277305417954,0.0,0.0,0.286146203063278,lying
31,1.3668712789506914,0.6636283075504559,0.955065685370615,0.3851025905785345,1.279816495957812,1.193300932789735,0.5777478030694573,0.6250776171927818,walking
12,0.14090067026484007,0.2202971942931732,0.16744622475639984,0.18670893801367394,0.23530397975338424,0.18043705890670564,0.046053149117197656,0.31986425677211844,standing
27,0.03947090967740338,0.0,0.08653871528566684,0.0,0.0393899830921236,0.07076472258576641,0.05316744700324404,0.22355611027490035,lying
14,1.127442582035192,0.772503450997809,0.6493244110540289,0.6783882207104203,1.5789774596742676,1.1754277310367438,0.6074105865826851,0.38627330454360165,walking
18,0.06983309747777387,0.17016305229547346,0.16955041403411517,0.1204216000982859,0.1592375869241362,0.0,0.10899649404926887,0.4010082004837442,sitting
26,0.10663834193310749,0.23583061225540863,0.1265986625374733,0.0,0.0,0.29540332733979957,0.17177072867889567,0.2579071442295835,sitting
36,0.3046479840473164,0.2542168556631295,0.156675793950037,0.07938289769609205,0.10174978594926404,0.5297831233985986,0.24928513183509357,0.2999425141291242,standing
40,0.3872296447861071,0.21473251690220926,0.09034803679811719,0.12010324729680946,0.3040061927901143,0.5427845502695393,0.15578038096821786,0.3529057682005072,standing
22,0.012209217081940976,0.24127848934414448,0.08658587039325759,0.03863982000480329,0.42384912958520665,0.1663561720667125,0.03396782937868256,0.3335394205156511,sitting
17,1.097929223279045,0.5841631536546568,0.8220243280348046,0.45117847951449247,1.726724369450579,1.078951934584265,0.5471856846664727,0.4685155652055502,walking
26,0.15503419190744863,0.2284027320780789,0.0,0.0,0.20475251258696608,0.16434840207385687,0.0,0.2802954781123133,lying
16,0.08469747686337291,0.1409909109441134,0.06448675334887216,0.0,0.0,0.36106721481440884,0.06347634734034593,0.16028828564841416,sitting
34,1.3686786982981247,0.6772822060521168,0.7738512482431178,0.3676153650826162,1.6258391074470948,1.2393377771599812,0.5429773136599543,0.5436482975946878,walking
8,0.34655660857330345,0.08943871413720395,0.1578785072368834,0.0,0.0,0.24979205541042676,0.20322149441138254,0.28274993738971477,sitting
30,2.462155907383294,0.7511128640621163,1.1189699871491028,0.6742776503483541,1.853871730611874,1.5040563960239979,0.7792453105588253,0.5882369614124242,stairs
19,0.0,0.13519748467869527,0.0,0.05910592720217049,0.33434092775621094,0.17501227161731028,0.18677042418145917,0.38576192912790574,sitting
18,0.20944250839344894,0.02386735816410597,0.019716275395946836,0.0,0.09199537181118864,0.2945669679687041,0.1456174040995122,0.296195617639134,sitting
33,0.22860247334308398,0.022546047361315276,0.0,0.002314981816865378,0.0,0.023069059347383708,0.060151844503880045,0.20900734779554703,lying
27,1.1770464820505022,0.944913605151152,0.9228933577225766,0.5527184484930995,1.4546935550343612,1.2538812995984512,0.6669576317997683,0.45293538177872333,walking
25,0.3417786128065078,0.1858695432770934,0.12902873435238718,0.0,0.13922258027162643,0.6463148597738315,0.14475258414358877,0.23073930736991494,standing
18,1.4176427218852465,0.5688254689455938,0.8765210938615049,0.5794183619194964,1.440968035554864,1.134819649760096,0.5999135322412881,0.567462926032047,walking
8,0.2795319957317953,0.25987523200389584,0.1265835169111315,0.001282953951535798,0.09835195190619722,0.17275497346722493,0.04639286466665672,0.37805380020708185,standing
13,0.3457495047111077,0.137020191019052,0.0,0.16078897863710745,0.09659955497309682,0.579098230052246,0.22026423322437105,0.3699082922771845,standing
21,1.204769427879692,0.805643226819242,0.9559803634824564,0.5315433646422633,1.8239040343809707,0.9589449191304368,0.7056327723214949,0.4313640838382443,walking
28,0.3405969443029606,0.2755488319491253,0.18675390113513823,0.21646285578176028,0.0,0.22133174126314242,0.09658584950001768,0.16899989069225196,standing
2,1.2587568177310025,0.7049553098685508,1.3616989781177526,0.7130865799048638,2.420762915359742,1.7747145728563472,0.7881515463868305,0.626552497622749,stairs
31,1.6217871281188236,0.7606143297153083,0.8255259474078899,0.44394647601785586,1.6901346086779376,1.0349122255619794,0.5406100370521694,0.40065333966788574,walking
33,1.1871007377900442,0.7005316901665263,0.5495994966885434,0.38316027934455466,1.5994729980391822,1.1380928416383471,0.6434236922453493,0.593658415320103,walking
33,0.12421551227346064,0.05487785868460614,0.03396466451105096,0.0,0.05648072201294743,0.28560915160981587,0.04070420537796362,0.29149355462804527,sitting
9,0.0,0.137133187474006,0.0,0.0,0.23859079998384544,0.13518655747943342,0.0,0.29817425821075133,lying
6,0.0341811276744704,0.0,0.0,0.058465486370997216,0.19200294917043037,0.19411860383642532,0.057216245657045646,0.23679732356325123,lying
40,1.5706943787981127,0.7442119413337867,0.643740075226708,0.3560151769830311,1.376780715745379,1.3677434506951218,0.7684128646760268,0.5640188538680125,walking
23,0.1722659793948622,0.08635043612727615,0.0,0.09652683566714387,0.21031139601236842,0.33826818524949276,0.0,0.3495263755026127,sitting
19,1.4526491669570523,0.9400662230730974,1.5541152509220693,0.5705541262753513,2.5273457315909713,1.5526560972981205,0.7075129396411456,0.6206020186521549,stairs
22,0.0,0.033431818199818816,0.11311088946300266,0.05374191440367823,0.09015190108994432,0.0,0.15029896321134767,0.19520909318438823,lying
30,0.2847726449060845,0.09292505957282765,0.0378391151847081,0.1387278844600737,0.31884587328189695,0.42533658501845695,0.09695045775413696,0.20787203258192258,standing
11,1.565881512997452,0.8416741118744396,0.8814378823602707,0.6039992903524581,2.347571724534147,1.3429286286962754,0.7371921369851393,0.7033965546329148,stairs
9,0.09114270162873958,0.006953312379748229,0.07776511079211135,0.053034467960544174,0.16707436746556734,0.12698333107377205,0.019277737275132587,0.23613785038084362,lying
33,1.718771583040564,0.9756745030497799,1.0436055243060058,0.9051194000232148,2.1148170800926147,1.2672231357108732,0.9339983526698322,0.5622892805736399,stairs
18,0.26913028568692854,0.1535114843410511,0.18887901908933152,0.0,0.031696143769178765,0.4985290123981497,0.26283883318242346,0.3570356226697254,standing
38,0.02531513340694134,0.09558138746026038,0.08523511928118568,0.0,0.0,0.1325109965055437,0.01415330509589905,0.2099295974368219,lying
25,1.241282524995097,0.7797704273696257,0.8299270902831365,0.4687003148358366,1.4345021054261329,1.1477090098761542,0.6189299368691809,0.5379788149331645,walking
35,2.0008219587877996,0.8934884724385285,1.5637217569891961,0.7255379735440058,2.473896278499054,1.3784450877529448,0.9218221364620406,0.6562561260333764,stairs
6,0.1459178752029511,0.1276601232803915,0.06414131005556241,0.07748191388794701,0.06398887422153043,0.38753768377250414,0.0,0.3478910504017287,sitting
26,0.23464728865642992,0.004784924381991275,0.0,0.143258679847877,0.03676643908146671,0.0,0.03781935225469314,0.16765759013532305,lying
25,0.19631077380055595,0.27689922659362626,0.1399784054070906,0.07254557041426384,0.09483270415010972,0.27439543017918727,0.03133293344144062,0.3422751993709231,sitting
16,0.41090380119081044,0.22479704417333776,0.17063502184777438,0.023707418508840707,0.03658561334710775,0.5599710695714919,0.16672133039955472,0.30404787001711253,standing
16,1.8899515141356775,0.8770876841496079,1.3586073917564898,0.6776554140567534,2.3526616614665325,1.3434776096172418,0.9878291570981099,0.521966979839225,stairs
19,0.9604003936023964,0.8722627400251104,0.7977662930605767,0.48780246891707113,1.382001743758717,0.9765696136215587,0.5454188133399115,0.6052666207431228,walking
33,1.4870426814848137,0.7207644476785465,0.43002989830547095,0.47044988691324024,1.305252109252752,1.2068799146045743,0.6957827275965986,0.5875480779423794,walking
13,1.210514015040638,0.7444177078410648,0.6233748463287122,0.4458627945407205,1.7206926690669013,1.3980004223454807,0.517898117373443,0.5211377783902831,walking
17,1.8029955529472512,0.8194184441278107,1.1254554976673912,0.6917719653059895,2.2067537663473473,1.3840497896596566,0.8596910304254188,0.5444671416934511,stairs
18,0.1918401766674254,0.07190098392549747,0.11087181424907398,0.0,0.16124525330622858,0.39065179745555934,0.005893148333896633,0.35331159892855585,sitting
20,1.0731733470960174,0.7203904265751825,0.8289815918983409,0.5579691367855657,1.6232609901109163,1.1627609581201037,0.6331429892415031,0.5475366551772658,walking
8,2.0732348350058225,0.8294221975843205,1.0879641529937791,0.668098263694207,2.27672952577256,1.5068752292019427,0.7071851422069863,0.6532101914575985,stairs
31,0.10374478565650003,0.08511324160512472,0.07327872057295126,0.0,0.031157247225951312,0.021211768964137262,0.031817953187555564,0.25406331140626276,lying
14,1.436803303068663,0.8641259057588734,0.845366432843758,0.6921187157735933,2.3013313283477994,1.466682095731553,0.7137388520802581,0.613057293526977,stairs
39,0.3229248015585306,0.17842290280395523,0.05141503935275807,0.20492756069443252,0.0,0.3303813160072435,0.2005794634124582,0.28312284164363855,standing
14,2.1720476657581975,0.9177464676527971,1.0473342343233867,0.7524526686062729,2.2767408108199314,1.54896333865689,0.870827183363897,0.5965015313780201,stairs
19,0.15246008015404983,0.0,0.0,0.07517269570946483,0.23686924174409296,0.09406617883743429,0.20341423211251014,0.2997923022802712,standing
30,0.17163140216045106,0.10533232329562671,0.06069144109281924,0.02326950281553121,0.332421104382852,0.6441869074280143,0.0,0.34547083238445886,sitting
23,0.17637120816926086,0.1847342121850115,0.16444967378712788,0.15531650758605392,0.05159843537731845,0.14841416131579133,0.1440714025715821,0.3450066791304641,standing
30,0.1312630680794697,0.0,0.014079262544373538,0.04019851942361134,0.1250954008145171,0.0,0.131337166915053,0.24583118605733972,lying
36,1.6100954721195428,0.6799934430714359,0.828096821507051,0.4760009654867481,1.7792154699117166,1.0008110540739585,0.6071068955714404,0.6027236752297842,walking
9,0.22881851479498633,0.0,0.06757931630338798,0.0766593753853119,0.0,0.23878779475636744,0.0057435473928987395,0.28629439803549506,lying
20,0.03906116152327577,0.1970410777899543,0.11850830640304792,0.0,0.19299648421736992,0.1995577022098504,0.0,0.2647146049022193,sitting
17,0.28764912475180243,0.15158369969342947,0.14834820519040745,0.0,0.03662653344468282,0.4240387591006884,0.0,0.33648436501960155,standing
35,0.20094390116498617,0.07149077865276746,0.20518378977233626,0.07678279801631807,0.06378607575252046,0.22098715612000433,0.10700534818534072,0.2805771032990105,sitting
4,0.024871705407984515,0.13609309876299933,0.04043639398389399,0.09334184592083428,0.07109874720252635,0.14692428813699882,0.0,0.21746555664546885,lying
18,0.2041789825266197,0.04510564921714866,0.08634044465284015,0.04791022737514222,0.24466865128684198,0.18324550911876952,0.11814215162022909,0.337609044024194,sitting
30,0.23462871085735745,0.04350441725739983,0.12286164362892096,0.09063391354254494,0.2001605514185733,0.31664557843385077,0.08297503914330284,0.3147100148926423,standing
31,1.6981131837862158,0.946957719369685,1.2832924726698336,0.7089721222014137,2.4190530190035937,1.7440597012395653,0.7876460288117451,0.6957763365849265,stairs
36,0.15461144064977894,0.041139530363081725,0.2629809917582977,0.11470912202902708,0.0318155641159248,0.1622156875610438,0.17841276245724483,0.22105085536794938,standing
22,0.03626309149950407,0.02574506658268668,0.02924830199046968,0.005487186815720718,0.051547946258792485,0.1259317110636506,0.15934258337274662,0.2726801777785934,lying
31,0.44128109144720995,0.0,0.1440968542601481,0.21126097781508435,0.0,0.5843523795410996,0.07362663500304323,0.2026370268911089,standing
25,1.7923508338862755,1.1026281241152769,1.136240282517485,0.8065191201839885,2.0082807310676727,1.3265028389555726,0.8205113878649711,0.6373816596693125,stairs
34,0.010512278335934058,0.0,0.029287665465534123,0.1255875705028593,0.39416555856416813,0.10657431691962754,0.0,0.2473977245119244,lying
15,1.9534788896832047,1.1418341855089114,1.3293253078700502,0.5877471271351377,2.272371728015858,1.3536745422963408,0.6341448844083832,0.6325301770248591,stairs
21,1.1207263995595913,0.6245207438690945,0.7311993930697751,0.3918414449489053,1.4448441105659418,1.158014753191267,0.5534454524775029,0.5661915750139842,walking
27,0.04057709058596775,0.2168964016382106,0.0,0.034471295103563754,0.09949432441423153,0.290659481678076,0.06973065677927687,0.3172833863088946,lying
22,1.4440048501193943,0.7224636234636207,0.52882039391224,0.4893944636082205,1.4665630869723008,1.0557311185659222,0.68578637339638,0.501381963943994,walking
5,0.09447589859191291,0.13234823217183794,0.11220257696723489,0.08012838137432202,0.0,0.20621576920395343,0.1489773167545429,0.3286438532397741,standing
30,0.1296964708201082,0.0,0.08966253958417962,0.1905289379599216,0.0,0.06279879002668914,0.134114844255894,0.2732183216427302,sitting
18,0.42922299022661425,0.08992669075772691,0.2063584818860611,0.22070987631180528,0.0,0.2404952369929447,0.0,0.44700129943070077,standing
20,1.5314744962362388,0.7917660464118939,1.4903465369145106,0.7688967749006862,2.274865545377078,1.4769861363235577,0.9080049018573173,0.5845427250452301,stairs
38,0.18453702352821783,0.2544926554117771,0.10102566607126254,0.023606446186533632,0.0449396274221343,0.6136320892917799,0.0,0.45126142461419216,standing
27,0.2893427889669628,0.1296652135462718,0.0,0.0,0.1221786311498315,0.6686827992438662,0.06790588111612302,0.3565233976223284,standing
19,0.23751360590497272,0.3865844231927022,0.20572294044071363,0.0,0.0,0.2635626039655831,0.1244583423753188,0.3517274574186363,standing
34,0.02708267008684903,0.0,0.22760563879467227,0.0,0.21307584605671678,0.24007254554424987,0.1698167437215753,0.21992538826878627,sitting
10,0.10701182626005537,0.2302967179121702,0.190728774842324,0.14568487637290123,0.0,0.38978191386719196,0.1792748996193565,0.23849625723336887,standing
22,1.4420688680537423,0.9361193844066078,1.1355974597999827,0.6522651194429723,2.42413867827062,1.1205394476787762,0.855236501886324,0.6551213194009938,stairs
38,0.9589302523961597,0.5222585304128076,0.9079656645300578,0.386818239561681,1.8403619090051593,1.0416990861348754,0.5329502357498206,0.6357096602837519,walking
34,1.6255167785874067,0.881261053403161,0.9930456116655388,0.8007181340615177,2.3888460925473107,1.5257656332443286,0.7955288946715698,0.6246858629869086,stairs
14,0.42014595801381605,0.24079849611545065,0.0,0.0,0.0006498856560534644,0.3320234774510972,0.10270900736972777,0.29800479310888967,standing
17,0.9673070087098283,0.6361182561643393,0.9735496186482133,0.46972925133425586,1.6774192179364118,1.121075432520273,0.5511583586904775,0.5196676987801918,walking
37,1.46963022335325,0.7439387890717304,0.6823318903310048,0.5884975725788252,1.5908107947135988,1.1101575653571123,0.5874443710970838,0.5305109220201206,walking
7,0.11211001071227007,0.02197984544198714,0.0,0.057476426899979956,0.0,0.3349305080086598,0.109096281042879,0.1908710579645623,sitting
36,0.9208519105224486,0.9816581963113281,1.418520669982857,0.6796338413273986,2.0249740575123165,1.5930045218194835,0.7969920264963012,0.6275012513102065,stairs
23,1.332531043922548,0.7425106183874917,0.9381010362921934,0.6230902515625316,2.5177159126565383,1.3080800694948564,0.8910716762496441,0.556498639555234,stairs
17,0.0,0.08362053502838775,0.07112586996750228,0.081071667689816,0.0,0.15470200277117255,0.0,0.25966184209271936,lying
39,0.33762944239673265,0.15950360278167247,0.1600193747814194,0.03166416968054833,0.12024163791125744,0.10786177094344895,0.15355953126898367,0.24615522610392843,standing
13,0.051626195732411395,0.02422720890315587,0.04721375589896318,0.052263286712456745,0.31888343535160585,0.6129375187144463,0.04605398165060802,0.2993955430156645,sitting
1,0.3426354607717336,0.10784298908557038,0.11147757142548206,0.21170468927583486,0.3957393406970401,0.3714584948882897,0.12647573491555503,0.2529996486712279,standing
1,0.2737338977133378,0.04155791001817835,0.1558327463308379,0.14291153541284923,0.0,0.21583078795695498,0.1033520527831853,0.2708108220787137,sitting
28,0.25711078524241937,0.21694053931632398,0.22898975980598427,0.10363577011639127,0.0876815741423857,0.39400810514240964,0.03583033745203558,0.40789370775154193,standing
21,0.1759008750466029,0.0744783536917689,0.0,0.22572737925559222,0.0,0.2018517548712964,0.0,0.3194185248215326,sitting
32,0.27829268234799837,0.23315516059064187,0.08485685929423864,0.03326462499992553,0.19727058527453598,0.4326570375967684,0.09819863144718702,0.3505948387393404,standing
13,0.0,0.0,0.013829726287663258,0.00917754615108899,0.16677025646994095,0.04037105792500561,0.03784442673731803,0.19734710782366854,lying
39,0.19811051190731901,0.22363651536371484,0.11441954990442693,0.1421235720044845,0.1732449124235674,0.45284315887760984,0.28346696650899517,0.23217729534621467,standing
32,1.9176593649850853,0.9078092794135435,0.8630887969119612,0.7397387609272771,2.275068363995707,1.6113445886943207,0.8877039777680673,0.5836860918312854,stairs
37,0.39564088350750326,0.26962680917004594,0.10339307867930471,0.08294756280117266,0.0,0.5015363493380788,0.17975518136266438,0.2973768306850475,standing
11,1.2149820045375288,0.7232235525183998,0.7426497073186995,0.46629532627771253,1.385366251715413,1.1819664157604193,0.7049053330318574,0.5438137644613943,walking
40,1.276813499065383,0.5852454499841585,0.38607303687518735,0.4563663334545954,1.6931734348291956,0.9520859360458551,0.6402522729337856,0.6095672087700194,walking
27,0.2903143144181075,0.1656010789580671,0.11263214877851295,0.1660007412162085,0.3518379059186746,0.4689109880386641,0.073844226621816,0.3527377432540823,standing
21,0.20022478435547167,0.23696180321559734,0.14733848784206927,0.0,0.0,0.12944655926322382,0.024404759373532724,0.20287940357835305,sitting
12,1.4559658978414014,0.5584913009640807,0.7222141031975848,0.44845001129380485,1.7349970469147373,1.0823255481909309,0.53337020938929,0.41382260731628395,walking
24,0.37733577195291557,0.28686075691499907,0.09384463976398028,0.0,0.1678006758891249,0.5221247918185383,0.15544815828130484,0.2268436225543084,standing
4,0.20539377226529604,0.16652722609317927,0.02740251252677406,0.08345700196636016,0.3203155273937504,0.2437655562720813,0.0,0.31587292300286945,sitting
28,1.4421597669053359,1.105272455948878,1.187287710450748,0.8329940831684723,2.212273919203901,1.48759648710885,0.7354936655224735,0.5963113499008895,stairs
7,0.17800677394767062,0.025438859355662688,0.10064086578771023,0.14986607433394067,0.014422924029212303,0.24745914215356796,0.08978731395564078,0.24628454484317014,sitting
25,0.361585367773726,0.12789916844297855,0.07753388569019244,0.17186923592206418,0.12577809388006697,0.31651576037322693,0.011746117084045785,0.38456478429955687,sitting
27,0.174448706310322,0.10745806779057451,0.0574079277907798,0.16459342261436946,0.12334376380655458,0.12137462758130847,0.007848352654242191,0.3327526865690769,lying
19,1.587083677858276,0.9609473813283844,1.0677954644169947,0.7551755951487081,2.3478175047511542,1.5071388713102656,0.7724555857807864,0.5723728482676252,stairs
26,1.5406754613481732,0.9450120717585256,0.9806745885382966,0.7451815203446599,2.2716409225647913,1.3421366073344403,0.8660344782032636,0.5456125995926451,stairs
39,0.13734711595299556,0.14605476862843925,0.02429606454639835,0.18786747997244052,0.3333965107292926,0.36269755955156574,0.005443036174386337,0.284270400097165,sitting
16,0.2654063409454694,0.3720101570219889,0.0,0.06195777655821137,0.1876347311086112,0.3899241458751483,0.1858278760858911,0.26127703641905586,standing
27,1.5832604966251547,0.8195849187669506,1.2885271859139393,0.7510279083877499,2.2664995421262764,1.5465299594417388,0.7227423501132566,0.5224912748257101,stairs
21,1.1790851458674778,0.8392339097719096,0.7215474264315429,0.5325421268885738,1.9249002399039539,1.006675229831383,0.5697943075258389,0.45060962251803294,walking
1,0.07337831438956378,0.011027686080327219,0.19101514331696942,0.0,0.0,0.15719987497438961,0.0,0.2714265434303671,lying
38,1.2576661309644095,0.6291992594326407,0.7742501771830915,0.434379314805174,1.6856037089523876,1.0252871680231415,0.6819344091723819,0.4044309040042909,walking
29,1.5993965999999458,0.7843110401287847,0.8776990263459772,0.5860988710637942,1.502832848642572,1.2764163548698464,0.6567383270574784,0.5960014494651791,walking
21,0.07037725552686437,0.06552187970757889,0.15817886454228738,0.0,0.0,0.2506448255349341,0.052557619742555114,0.1439403218396621,sitting
8,0.32142816888259873,0.2804792575131312,0.14637950124554105,0.02546192472725014,0.2852365322892334,0.4539704450583578,0.2089712946752831,0.3011122618324861,standing
17,0.2586694692789931,0.16606338064967274,0.2407223587032679,0.0,0.0,0.44316555404825475,0.1718336986206882,0.3677927553909063,standing
7,0.14185130789255368,0.024543958620952832,0.08869233323644775,0.1655028624827663,0.11873703150077243,0.0,0.08752709227338785,0.235352669858188,lying
23,1.4053165554541138,0.8582532493595618,0.9783336464742527,0.5374733135658181,2.2191556857338903,1.5735578841120548,0.7493623140010919,0.6006862252681879,stairs
23,0.23405912964007103,0.1550361610051211,0.004491076084813236,0.04688003904797768,0.36011972530758596,0.42238357532423515,0.1037833473771933,0.30421361739233727,standing
3,0.17659568159549371,0.0,0.09895920297755186,0.30765586891319835,0.0,0.10294193954797135,0.0,0.27506484249709046,sitting
39,1.2903296111449511,0.7307819632461597,0.5699439095371968,0.37651083756997383,1.7149785144030294,1.0766495247806112,0.7325298291000604,0.552502678869277,walking
40,0.3562038488559204,0.2708567157952039,0.2341907626409565,0.1465541429022491,0.0,0.4353611673343631,0.19734292886813629,0.44918128946771907,standing
19,0.15449679979041375,0.04369691493582813,0.0,0.0,0.022257366658406712,0.0,0.09978746322795809,0.28772205007993146,lying
38,0.28608658249536,0.26520281300031434,0.16537562520242602,0.16143339762449266,0.0,0.0020716996948356714,0.10527009473397968,0.1754830400470109,sitting
39,0.12088800719316595,0.09674785306735866,0.07018432028761179,0.0,0.01709290342501784,0.0,0.14917504418707156,0.3043367888036393,sitting
11,1.4667285800600347,0.8146954890546795,0.8802835438668527,0.6813375433713168,2.0486862341934646,1.326952771910281,0.8995814602111218,0.4659669476206548,stairs
22,0.01712361132869368,0.059846002020939607,0.05844527983065751,0.018048998244429827,0.0,0.26271959014094115,0.0,0.3504655488727906,lying
30,0.1325838840565024,0.1743898513787881,0.04975494283006666,0.0719072286901748,0.0,0.2805698404517653,0.07800126692018533,0.31100318422620804,sitting
8,0.21589105255067254,0.04674786812551956,0.14561734965659182,0.0,0.3608190422882271,0.31092621035215146,0.0,0.3148225847999164,sitting
31,0.20247347191071952,0.0,0.0,0.10445365295711906,0.0,0.0,0.010549342149518574,0.1875212053782746,lying
28,1.2847795091003882,0.6236770244740567,0.6909422950504334,0.33004096403873096,1.9091690141338344,1.1995703155990927,0.6183676444562446,0.5488333944064361,walking
24,0.21374858905882504,0.09602516255056345,0.03714928790825767,0.010710199431353082,0.17025151844732694,0.433430230941378,0.1533616556802636,0.20555794131469968,standing
9,1.6195238711234183,0.7510402165572294,0.5455495155847239,0.7205829165578934,1.9195206958068871,1.484705826301227,0.8394654079202419,0.6322367016071543,stairs
31,1.475480110857915,0.7334432453357438,0.8350824561048976,0.333986993789761,1.707441642274471,1.034343942419992,0.6627040590932038,0.5769588124631918,walking
40,0.053493815390683735,0.2378911624570091,0.1498223977950533,0.0,0.0,0.009353467704305035,0.07906811860846957,0.3219123582428849,sitting
36,0.9362201217294033,0.5324858798747097,0.92061855171401,0.5934358007779341,1.399219208544278,1.2259037425517103,0.5230526398480086,0.5521939226818939,walking
32,1.8712450763070958,0.9531046610186819,1.1728158687574202,0.5360915556873146,2.468266603158642,1.7019202525713788,0.7638958582814672,0.5375583358924619,stairs
29,0.1389989606834745,0.14641115069610752,0.07389683151909349,0.08647955610341601,0.12794353602243583,0.09235796936246397,0.06598000516725665,0.2803843846344065,lying
25,0.4033717829370268,0.10458031992593776,0.07365644998270868,0.05673487959873866,0.10427689802135193,0.588155793061886,0.20524931291987958,0.25415898462531167,standing
29,0.26217200057760803,0.12296537499208246,0.0,0.0,0.0,0.022232533997231588,0.0,0.21660832384573606,lying
7,0.0,0.0002630981591906986,0.1039828824482052,0.06764739037284911,0.0,0.06312795834289,0.0,0.2892853343640393,lying
3,0.05772498128512055,0.08621822473497268,0.02707804777587302,0.0,0.17427860604217052,0.0,0.1487047416558886,0.22816899268922952,lying
21,1.0244796634971287,0.7427354958015554,0.8558903065932042,0.45797493958354907,1.4504257457195568,1.2208899482679576,0.58917686835561,0.5017503677723651,walking
5,1.3486174531292279,0.8355145011030267,1.0615386583451707,0.38085579924604385,1.6611317641870356,1.1650987100517134,0.6582132158070136,0.6204756185134572,walking
3,1.1387721825506167,0.7821649022036097,0.5637514904966536,0.36419605050621956,1.6291286441210013,1.2267695672508137,0.71151317591207,0.4790164931557813,walking
12,0.2909983211525504,0.19255212304824013,0.2534547342713265,0.15623046537005797,0.07657761584267153,0.39782654380231725,0.135698687196296,0.33669895255016213,standing
32,0.2244095376164716,0.17057765072083683,0.05040159353678403,0.09350846327904568,0.23248011137520966,0.6632093608720466,0.18567742009236912,0.2529121929483554,standing
26,1.6865299039256445,0.8545108631019168,1.0690031877620132,0.69495466778088,2.2041739485764515,1.45518337316174,0.8558286212177423,0.7348705668569775,stairs
29,1.489920061448198,0.766887705301387,0.9731936819665439,0.679522587002605,2.117225898112362,1.4986478839492487,0.8583388666149098,0.6887601549437917,stairs
14,0.09169496085758463,0.21745881022358138,0.07847126614747846,0.0,0.10098620615390268,0.01097834693875685,0.13155725333925283,0.4333077808848139,sitting
36,0.09470538467528816,0.12175615387497132,0.09769571607748867,0.06528406689011326,0.0,0.0,0.13451051030594102,0.307195321109395,lying
9,0.41986308653681803,0.28248158723199207,0.15524805427019617,0.09608695207251837,0.08263381652432966,0.46610224967020897,0.07415496551625912,0.3195783995262372,standing
36,1.315751003901772,0.7120239418569567,0.7117761052619866,0.46680024735403264,1.4597941187686756,1.2505728000147553,0.6838322924542443,0.5318570176062801,walking
23,0.26868894729889986,0.07175002426198061,0.10045228495053454,0.11185165985937658,0.26990458434675274,0.3629079833829721,0.19353388383591863,0.33621532537937215,standing
38,1.196794689946147,0.702256873337027,0.7162594908775579,0.4379413668020663,1.8524228888550835,1.2382697173001893,0.635874327268259,0.4412988972581377,walking
30,0.08694428527767889,0.05823609709987118,0.03985258541794224,0.06077268205473541,0.0,0.4791883759815134,0.11758300869903854,0.1381939314451454,sitting
1,0.10796860588842924,0.17076421920067877,0.13814517849854294,0.0,0.1061470530850288,0.45976589696793896,0.1936343367211133,0.3273829827459729,standing
9,1.6090856044946227,0.957442996800421,1.2280645497381113,0.7722525674189318,2.106349619174349,1.3898626950720656,0.818797613547842,0.5175223313870696,stairs
25,1.4711560923568865,0.7654973369487506,0.8723769027480842,0.34493919036548004,1.6780656164111971,1.1512141356753587,0.5722691959175933,0.6223063243668376,walking
29,0.5289451209442044,0.15844036459771108,0.15635979140125322,0.0,0.0,0.46265636716863884,0.3108667337735679,0.34107857223149046,standing
32,0.09945889992772314,0.01677634596670831,0.0,0.0,0.30920563470184004,0.34009142961440103,0.1288058848468252,0.2315219618953143,sitting
36,1.2004696706817957,0.7444690690832424,0.6952470212931243,0.5175064736642159,1.59762764881365,1.2610455929002855,0.5947880652832903,0.5038835681468544,walking
2,0.30193288404085994,0.08836095190442646,0.0,0.07467029652332707,0.25692663046322595,0.27709560103899805,0.03993372596805837,0.291377700962515,standing
5,0.04777614502270114,0.0,0.16138195943327932,0.0,0.0,0.23118846045306124,0.1777311359691604,0.23024465856142204,sitting
30,0.0,0.17986922739611305,0.05729748833930399,0.0,0.0,0.0,0.12831782774760378,0.2723274387395382,lying
27,0.0709454026266463,0.13146378411462778,0.01793310957386834,0.0,0.2079154086498667,0.18361830886995956,0.0,0.2214452051555512,lying
1,1.694923941046528,0.846892734205684,1.1959511043815292,0.7425174469986136,2.4418322375906545,1.4677434714779112,0.8128581233617433,0.751149864594328,stairs
17,1.3286232045030568,0.6204178419805957,1.1351806657964616,0.7158653051957955,2.4293494519453036,1.5562171539980705,0.8576645411806201,0.6800497721373836,stairs
4,0.15779532873766894,0.08159919835285011,0.025440242893493534,0.010160139462792662,0.0,0.22141372772064172,0.011655585275353354,0.31505471223046555,lying
5,0.32502835943790925,0.18972383079068783,0.09136808068917542,0.20560853880537244,0.24328448575181716,0.32255759462056194,0.04654162738417168,0.4412581504903559,standing
19,0.4342208467996803,0.17627438875034074,0.021367876150102022,0.07134423726359498,0.0,0.40459661499202304,0.07147092013848783,0.3280943764975885,standing
17,1.059890406091428,0.712485129157178,0.8196667043898913,0.4901947556598798,1.676976637484519,1.4318973227121838,0.4196864275904916,0.5477384003143252,walking
32,0.9757875753590661,0.632050568241187,0.6825749232379322,0.44655192056381443,1.6728251627553228,1.1497710191577444,0.5555791450597245,0.5834144717997323,walking
13,1.3891671826740055,0.8022528524769268,1.1758120912023158,0.6606137164959959,2.118857845411694,1.3024140785629237,0.7643744825947424,0.6436686155353634,stairs
12,0.12279218945317547,0.0,0.0,0.12604884943315298,0.0,0.031026226566798668,0.0,0.33800988628741013,lying
10,0.9475123452050174,0.6210099691446059,0.8680729167916218,0.47310256729414835,1.9333517959183686,1.4128007382883454,0.6723923633348409,0.5398745657227925,walking
37,0.2504792411841389,0.0,0.013719595953065655,0.04244058217550509,0.12092959422711712,0.08632661782202211,0.04800614912867436,0.3595210285786976,lying
39,1.1350114389815105,0.7585391824865102,0.898420482552114,0.571973605635633,1.3538450117657108,0.9326690664091815,0.6473155106337225,0.5717545562094789,walking
3,1.278785779631076,0.8375685495216352,0.9258404550934188,0.6968096726217105,2.0997161197248952,1.3818047984758732,0.9117610306878604,0.5723498447415676,stairs
6,0.28989789561607104,0.2017867198339848,0.14679242344800186,0.0,0.19331812174533952,0.3542590514466644,0.09920394712004972,0.41558715557550213,standing
19,1.5360258764763557,0.760156347012982,0.6760799776007254,0.5020748266266706,1.6585467050193647,1.0426224738483485,0.6673983818684396,0.5293603501191723,walking
5,0.1704894955696089,0.28611018949737377,0.0,0.11944126603889477,0.0,0.23766156125306434,0.11265818908500316,0.29694250181423576,sitting
40,1.7827319637700532,0.8748535644938218,0.7023871088835622,0.7146005538857988,2.640372203587384,1.6714567397425029,0.8602880740109402,0.6011246518647221,stairs
17,0.027176877656927778,0.0,0.103953711840412,0.12929316338370853,0.07351439568828197,0.19522261934877103,0.19791131191255323,0.25869923111480086,lying
13,0.07005481888960748,0.12059872646713987,0.0,0.13447522955787952,0.20958694775159661,0.32473335419015703,0.01612432151815378,0.33461518195327894,lying
18,1.5874113475261102,0.9777526768728053,0.9336334538952458,0.6173599631796555,2.516879039664981,1.6262184138348148,0.9578985258287782,0.6368425159988855,stairs
34,0.04436058182521214,0.038883789914664034,0.013508971823612392,0.0,0.007788715908686121,0.0,0.023212362837821462,0.2139745123007915,lying
38,0.17433605078467365,0.07459527944602604,0.03698044643163779,0.0,0.0,0.33860514644606804,0.18310965316911465,0.27006310295941377,sitting
5,1.7544295460499657,0.9784710321048835,1.0671350886463458,0.7127922860221924,2.5847306935153243,1.406411507188723,0.6492225695190555,0.5743990560598726,stairs
34,0.15196832332740834,0.1812847186832626,0.044820235825915995,0.01368617016890799,0.0,0.47861105791711156,0.04997004157154299,0.29603010955974046,sitting
24,1.939466377337845,0.9824123622079914,0.585054030702015,0.5889256003429534,2.2763804262617806,1.2461501527212666,0.8440507080845665,0.5732630213618753,stairs
21,1.3163208240459534,0.6014885813184352,0.8093714925242746,0.505787658498722,1.5507818832389353,1.357235249868942,0.5257594426829423,0.45753335559550046,walking
20,1.4651289994385985,1.01022282580754,0.7647819482368494,0.7221981417108544,2.5031602788904492,1.4519408343195708,0.8360437003652716,0.6441283926528085,stairs
11,0.1051096639776068,0.20843064562785743,0.13154698528561842,0.12303129380675293,0.0,0.2782199793186133,0.11415378559544175,0.3279236530648005,standing
40,0.15438997373044058,0.03294143858184381,0.11838674017440862,0.1227118708354146,0.0,0.0,0.0,0.22139826430569334,lying
10,1.352251093720249,0.699917674276257,0.6851453332256326,0.510121305412399,1.9032301701167977,0.9866176408553458,0.6855634161666525,0.5310441119541102,walking
13,0.2703795514734614,0.0,0.23421554650726917,0.0969657284940095,0.3179286845393324,0.32522812584261573,0.0566419936248638,0.2395969244838178,sitting
29,1.7030610059577764,0.8233190277466369,1.2679886122801887,0.7109753807263306,2.557407316717044,1.6292700979731956,0.7786654657327389,0.7478710820020946,stairs
11,1.873875563487145,1.0613270327528852,1.1031471662498558,0.6652633878552349,2.355654099275339,1.4912654500980205,0.7517600305597125,0.6777043590440746,stairs
28,0.0,0.22886793179403095,0.010361964056973216,0.0,0.0,0.020261711991269304,0.0,0.20713533095894032,lying
13,0.4140893480802085,0.19377844810424827,0.1478425500421151,0.1546310386230415,0.27154499573587826,0.4125634420866521,0.23140473486183444,0.3705432189041439,standing
1,0.3479898984823235,0.04872996447405474,0.15535775276968372,0.05552337011726301,0.0,0.2490245372180057,0.029847035635330657,0.33341752185584994,standing
4,2.1687184119080456,0.7515726269367811,1.1879987933695357,0.7689708114767045,2.5297182346748235,1.212445564131502,0.8521677391250083,0.6636618580767234,stairs
36,0.08780146281116165,0.0,0.0,0.06398951632061953,0.06885568751399593,0.0,0.11366874451410983,0.2456247283768629,lying
12,0.9315624358307275,0.6581798596312102,0.9330081817248339,0.5725931552027783,1.5183094930287582,1.0123427204628053,0.6814113884183779,0.6401299158343485,walking
31,1.6702970156872978,0.9629000614717277,0.9284675282784973,0.7621249447275784,2.4774397784490607,1.5567057455652362,0.8971965154825061,0.7457986745292426,stairs
34,0.2812298103757854,0.14644490305472335,0.055973099474068755,0.1392006457962589,0.33304924289746973,0.205709879611736,0.08547302531406664,0.32266205514753477,standing
4,0.1785162390912346,0.0,0.048483069337627256,0.0,0.029089816012315223,0.09557178648505149,0.16210546774375179,0.3296394026359161,sitting
21,0.19630663356559305,0.19853981523262976,0.17844319029828526,0.0,0.27988521680433753,0.20203177950405246,0.13625698114771434,0.24216742907905026,sitting
32,1.3343557719089802,0.7491361566485594,0.7733751661090046,0.3852893295580381,1.2839092266885075,1.2607202361955014,0.7079124996439539,0.4886998624555837,walking
21,0.38248682983278337,0.38458548366366585,0.11544375697933247,0.16194282702783844,0.0,0.24946160481307367,0.07470109997585662,0.312866592747851,standing
38,0.07294503149144033,0.130417696900096,0.10370541350690188,0.16719568478578956,0.0,0.28993660273246713,0.2165745252036349,0.3932722982968785,sitting
17,0.04866553247885346,0.04425987022154832,0.09753924117251372,0.0,0.0,0.4005590698858089,0.0,0.38292126074223676,lying
30,0.1675259241404091,0.29151261913582205,0.0,0.03170879306821733,0.3198440519197646,0.35836569977620764,0.21536045156642303,0.43386777707773094,standing
12,0.1842144623925681,0.0,0.05320332365954099,0.0018191287109746747,0.0,0.0,0.07056963961913253,0.16162991576908994,lying
24,0.21127046909860675,0.021106110360769176,0.18428948602477135,0.0,0.17446953272462312,0.2868528465051198,0.09830206897763656,0.3179457261137229,sitting
17,1.989230288917453,0.8747683185113196,1.1991253390946366,0.7598944329949199,2.162786082886235,1.2653415749999117,0.9468179931701366,0.5522914903976189,stairs
8,0.27365707369135306,0.13031245574412073,0.0,0.08697422477506986,0.12025539581275566,0.2886177713682852,0.11496238647931888,0.30949095814723654,sitting
19,0.08877019947875266,0.19253741089332327,0.04071313386433076,0.07914125328965707,0.1613171577563351,0.3890055649288239,0.17230582450753956,0.25062995429864177,sitting
36,0.2221153003484111,0.10861996924067056,0.14687364611983195,0.017162738025356658,0.163721718164836,0.22374089565285604,0.0,0.28673079664156836,sitting
26,0.18757660500083662,0.03243322931870336,0.09322043114472997,0.04397551578249527,0.24126247638308027,0.22691145899942877,0.04272481464771165,0.309027045354266,lying
38,1.6023453364226259,0.8508716169699193,1.096341565107958,0.6064314760342396,2.161510323410589,1.5517210473990268,0.9678343345105516,0.6911466544476739,stairs
37,0.4102075165684742,0.24222880558106477,0.0,0.21973970530371295,0.0,0.36523615454569863,0.12132003423139562,0.3571134485054237,standing
38,1.3018507892926865,0.8084828188398321,0.9524261134498441,0.22560104004505022,1.3658367463364633,1.293739501376274,0.48755767675290085,0.5276939693537831,walking
37,0.04708925287357982,0.1489132865124163,0.24676666910632333,0.011809650180944674,0.15476074637024165,0.29865787222356277,0.03995895158717971,0.18756758440037782,sitting
27,0.23356429587198813,0.14399538895784608,0.20400598563667163,0.14445507678822084,0.1278734624097625,0.28706035442292654,0.14991145918858811,0.3351918123543836,standing
35,1.1367312958117772,0.7908782247722386,0.9399603831054497,0.48928887630636414,1.6681661414230733,1.1705300483176941,0.5273634504321244,0.586304482626011,walking
35,0.2981449400435883,0.16164838506251594,0.1211029090712099,0.14172073449600703,0.24542787470341462,0.12388595950094977,0.14979244909203482,0.35660033751339976,standing
19,0.362383274397746,0.25012331739947746,0.13461566321330576,0.07339124975334153,0.19028979644312843,0.40034108012834074,0.2802647125301826,0.2739559047139039,standing
2,0.1244879434291436,0.0,0.09045519451857166,0.05595735504919854,0.14056268528619947,0.005220960215115922,0.12924394205144382,0.3628787445340643,lying
6,0.13551413930510034,0.23978980982423698,0.0,0.0,0.1409458676572022,0.0,0.0,0.26548175427884335,lying
2,0.2955220866231804,0.10343899030231982,0.17837370242680511,0.0,0.3039773389963651,0.5206804098616784,0.12784142714038843,0.2929209775383837,standing
8,1.8442174159665126,0.9145521329388668,0.9195633642646928,0.7324241507033681,2.329268871711819,1.5679273628018593,0.8645976588446335,0.5507503304008338,stairs
18,1.3198632553967848,0.7274008957972666,1.1350558336269718,0.6176790871175738,2.469232942952716,1.437597341921292,0.7562349582332168,0.5718635960303113,stairs
8,1.499427918631693,0.8417586128917155,1.0241266960835314,0.7425992440235972,2.0009602240916475,1.3373072741922065,0.8325488886174266,0.5784092862440443,stairs
32,0.33862166296719515,0.18783275117909387,0.1720495940056863,0.15701340044789597,0.3842299306523972,0.27935615803087177,0.1880679755014589,0.23727152219314923,standing
35,0.26606653245905637,0.019418866905508397,0.18969935899301954,0.29286787119844104,0.10409934769522342,0.2942921842839686,0.09635960804319395,0.2279024927823915,sitting
24,1.4439578724291149,0.823534635898336,1.1147218127644907,0.6099125839149098,2.059180835720688,1.2984500470727167,0.8501749967772352,0.6413222028441936,stairs
11,0.2547093934624884,0.004520856609699836,0.19150742991281766,0.09090289921026844,0.07592780780176106,0.23700719365174167,0.13706565923548683,0.3868026066600511,standing
9,0.14184933701881886,0.2122120042508173,0.0,0.179727125106677,0.28767940580046314,0.047511836547676406,0.05502281691146462,0.32721291107878847,lying
20,1.3069427135351759,0.6300314294840094,0.7916891552685956,0.4433141479028331,1.4589453426143404,1.0399340657732004,0.6403001231966584,0.38974934325145455,walking
39,0.2620128516303587,0.18700193044451313,0.15859175168224396,0.19879566990612446,0.0,0.28569474145308194,0.03973660556452409,0.18864565061285227,sitting
3,1.456894577020397,0.7697652396033852,0.9468272937983581,0.5354853217008835,2.020546045119125,1.2158094082094728,0.8873471845306546,0.7183683641185079,stairs
1,1.4013139490960835,0.6190748687250636,0.6885238751118394,0.3928980797723781,1.4606375396892444,1.0796529345018837,0.6056269692676478,0.5264610042259782,walking
35,0.0,0.0171383989084685,0.07200569239083163,0.0,0.11894734364659777,0.0,0.0,0.4592405110412173,lying
30,1.1370377744940003,0.7312061668222162,0.8463507026958882,0.5162591529107461,1.5941755836852605,1.138278099215321,0.5905010655624677,0.6072398847695445,walking
13,1.1792325542173943,0.6758283300128006,0.8650234115104708,0.5710088801033364,1.6823205304596216,1.149118863448985,0.7118083193659195,0.583794922512976,walking
21,0.26685836175056576,0.38234060595967145,0.17480816852744985,0.032298423059742974,0.0,0.39224909212417974,0.0602517347960832,0.36642353514055503,sitting
13,1.748103779835521,0.9151963598160406,0.939836812739396,0.7231354923382007,2.3175540083304207,1.3913566989860413,0.7554274967975863,0.5613406843063435,stairs
2,0.25674489060042033,0.13412280887881647,0.11425830754332778,0.03456196524530146,0.0,0.22845466757590085,0.045837101191927326,0.38107770329151397,standing
31,0.20995002857438375,0.04799302588656123,0.0590447202296847,0.0,0.2454814549907496,0.2656946186073742,0.0,0.3016257550287047,sitting
4,0.3231768357038637,0.0,0.0,0.16306965946814828,0.05857873996593729,0.351885174875721,0.030916853127531445,0.345643346899526,sitting
1,1.4669061481639876,0.6479261620497916,0.8511159704126147,0.505683894744589,1.5266306214578673,0.9970662974650853,0.5170319333144086,0.5945456807146312,walking
22,0.23478792210475968,0.1480066662810295,0.06823665627423703,0.06202349742912916,0.12499221664000468,0.4080659621454773,0.01072149480344646,0.26613328587361007,standing
24,0.9968211993375243,0.6858232409967572,0.8540296656629225,0.5161368275884507,1.22934726397237,1.0860977384320083,0.6364972919151239,0.3402933510148697,walking
31,2.032906803539308,0.9960120352174137,0.661167070773587,0.6465303925908993,2.152974375404319,1.5255398169843035,0.8999172088385944,0.5827908394330873,stairs
13,0.18295517917117507,0.0,0.1377611898339685,0.06436927750194635,0.24664027394401172,0.07847772198831379,0.0827990471667505,0.30268192148272044,lying
1,0.3586063571732156,0.15000153776564093,0.23532901913064358,0.22459575566039275,0.261046945481302,0.2527982911535527,0.022389341313009126,0.3700774270866173,standing
10,0.15710566267558204,0.0,0.023349086215633176,0.0,0.10606180089458633,0.23847923966146506,0.0,0.29368145701246334,sitting
8,0.1293198177008879,0.17418434972128885,0.032892249625838456,0.0,0.0035136268899470594,0.20519266782284423,0.10331687017620164,0.30998334991876014,sitting
6,0.9695278241327683,0.644812773356202,0.5614817834508816,0.372060102106694,1.7919947497324433,1.0674776305897118,0.6007525625227289,0.48297032944744445,walking
11,0.03390313121913571,0.0073208510480781905,0.04107119085539498,0.00972851544084985,0.09263561119854402,0.0,0.04524887438061459,0.2899244326148163,lying
19,0.37505588214336466,0.03899950027402782,0.1623242623480143,0.057075961428332905,0.05059830329019064,0.3250642496775699,0.07668208199736881,0.25387348234992907,standing
3,0.2983951950193701,0.22082828514374558,0.09666294551203346,0.0826302468894971,0.0,0.4727112068153523,0.11284904963111468,0.2585425022466501,standing
26,0.0,0.12815638263137272,0.001202500966154471,0.15596431218089535,0.024172371581396415,0.4914827043496649,0.15895718577099455,0.2532202761399665,sitting
4,0.3040681449980713,0.12912112072445567,0.0763189570507802,0.0,0.11101098504658552,0.4544290507770057,0.03013473022807267,0.3827006829864833,standing
4,0.21761422122856944,0.16273590355342918,0.0644590780848363,0.0,0.0,0.6490965646907938,0.13971941043965339,0.344926544680779,standing
8,0.16356294627405457,0.08001689527196511,0.19596613509246252,0.0735566351770728,0.3196218683868667,0.2865741849764936,0.16506368086456014,0.3041491845001221,sitting
22,0.1580823142514022,0.3360900643247404,0.0,0.08225767303294058,0.1376489790095974,0.7580688423365014,0.10642247453097026,0.38333827998162995,standing
10,0.35343162137928885,0.057663335262295196,0.08731591624836532,0.11180461990781515,0.0,0.42336855252185346,0.16405138373700776,0.36004811994064684,standing
8,1.239727140828989,0.8895575930353875,0.6279198544385058,0.2442792566411167,1.3182795661746227,1.2965428284253495,0.5303921435626725,0.38095030204715413,walking
29,2.0145241459657157,0.9056991789601629,1.083711519099732,0.5511797343101033,2.233693282233613,1.5905063819126803,0.8978040180282023,0.5191179642622,stairs
6,0.3772650660604018,0.002632420402562924,0.16482859011617665,0.0,0.20673346378047336,0.3486127505214036,0.1419011790563624,0.29400294601796206,standing
19,0.03906555183055175,0.0,0.0,0.08702853408633204,0.3150187358121358,0.31811910008397504,0.0,0.2657602669140446,lying
40,0.10016291359934945,0.0,0.0,0.17290952150795175,0.1035777825229958,0.0,0.103509001205522,0.28916186217721773,lying
28,0.14397489347152068,0.05663695897953145,0.010164838153702449,0.16668879423112032,0.0,0.2260898083437395,0.23430555769510408,0.2979391921222984,sitting
32,0.2810594625872417,0.08953764455425149,0.05369858247432503,0.0,0.3381872152648412,0.0,0.04462589931211185,0.25070527018916455,lying
9,0.01973230665861772,0.0,0.08285607893045524,0.0,0.3552229987797987,0.10503365143684032,0.0,0.23439738852071035,lying
15,0.17268967896821047,0.0033935600186666068,0.08676846747280162,0.0,0.0,0.15460066917286794,0.25121127551369316,0.25135776764412543,lying
23,0.0,0.0,0.09108103823241029,0.0,0.029741587759214965,0.11187539601927023,0.0,0.22353941698585292,lying
24,1.2299494356136784,0.6969803817491066,0.9937559266284395,0.5180470691624944,1.595665738833604,1.3409148710588796,0.6343827833792745,0.6187227858657298,walking
4,1.2084178457175492,0.5822753787997632,0.8179525744659525,0.38310897363065755,1.751054215664599,1.112261898040431,0.6168769432352649,0.6744872594915067,walking
1,1.3663856348032906,0.7509052054683873,0.5973434151188004,0.4837956201404129,1.4205597405350068,1.0707313214636993,0.6555100131416506,0.533836992324165,walking
30,1.9169399667923948,0.9105227718552847,1.1258474735125985,0.5098478168721039,2.279577088000161,1.3381875003240546,0.84267487662145,0.694705682564689,stairs
14,1.6901445169288687,1.1609429345147675,1.2117757638892679,0.7382363499479455,2.178897273972414,1.4338369099944959,0.7401217798760874,0.559592259433323,stairs
3,0.1147885965804001,0.04952148769625815,0.10167132053672857,0.0,0.0,0.04567150999432279,0.06107909861487011,0.3056764864039463,sitting
6,0.0,0.0,0.05954376224705843,0.057593176748804646,0.2958552523321758,0.0,0.0,0.31751338630329584,lying
26,0.12445868378473199,0.055870758448221376,0.0,0.0,0.0028664282645056993,0.0,0.11134357451580176,0.2603933170757405,lying
3,0.2818662243868256,0.0,0.18355741800856012,0.0,0.11722372234536246,0.5059224735697274,0.14516073712133998,0.3583361702385975,standing
10,0.37174190876792756,0.07756016799118604,0.1824812000267345,0.088141398600114,0.13684622583681874,0.5942920253115038,0.0,0.35424492188134293,standing
37,0.20824939526346914,0.07849364599744979,0.0,0.1135157696273497,0.0,0.33987887434232167,0.24500712788508314,0.3171190219227259,standing
17,0.322680371760655,0.042932756229904126,0.033787443827143514,0.17234706608941527,0.1843483106328509,0.4258251933157823,0.0,0.3265810464753864,sitting
1,0.0,0.05566990786732856,0.04072116328802514,0.005082772266176393,0.0,0.28958394067857307,0.04178489050137099,0.28574914381748656,lying
19,0.12487070754830756,0.0,0.07442686265528092,0.0,0.0,0.0,0.04107713786183593,0.27823802888153704,lying
23,1.4486756143697792,0.70547159830293,0.8552275502508966,0.34967363945294794,1.912225687154216,1.0276789997247695,0.5024963446950682,0.491044060541571,walking
6,0.19678610780794886,0.11628497312129235,0.09304854849636578,0.06116575341795584,0.0313066764269595,0.12014452193429444,0.0710624363749322,0.22684164339466784,lying
21,1.6973017974688478,0.89237127630867,1.3016535711267834,0.6382924321500085,2.250007405809773,1.556758472967177,0.7655261232971428,0.6359423052409044,stairs
17,0.369929009528937,0.08756479132087511,0.08953611059602637,0.14706351628209163,0.0,0.5377103373489658,0.016228772872605476,0.41188248544748385,standing
12,0.2757319039936092,0.2864506165118974,0.28151936884345874,0.07494142629521203,0.0,0.26320117339082244,0.14428663679314344,0.35302307023001583,standing
23,0.0,0.15173273819782065,0.022119665881403357,0.06318201743902871,0.0,0.01697438659111604,0.16310281962523288,0.2057874499769592,lying
9,0.37183768768935,0.27688819212969634,0.11165034363950721,0.13434416493725565,0.0,0.19034258284711136,0.19750016084092026,0.18378903058051616,standing
23,0.27360090396973025,0.0,0.12580319679107252,0.04127685180498244,0.2226168560603315,0.30294410435964414,0.0,0.13672468406999375,sitting
38,0.09394412749909395,0.05891312810561905,0.010374253268361375,0.09834857484362647,0.12126875509854473,0.08596928900189599,0.0,0.23793671960499296,lying
16,1.284566461426705,0.692841471658548,0.8212149376123166,0.5179331698567425,1.4049734765745956,0.9792146566344571,0.6131189814727618,0.45953326145662016,walking
6,1.5204697039590123,0.9228938058442401,1.0029553419814927,0.5372749851652062,2.1540007367715464,1.1201020921906029,0.9515698567499651,0.6401654253883995,stairs
20,1.0453288337519857,0.6758044914489286,0.8735664853170972,0.4623042840312624,1.717972606166271,1.1224369231541862,0.6788231285246598,0.5769996632315609,walking
35,0.30273372735945603,0.040642656441674654,0.14433172591226545,0.16506642610374372,0.1315645144669445,0.36926553647226723,0.16510289283884008,0.3457476379799953,standing
1,1.5958595308833656,0.7015519850962895,1.0230549864892067,0.7577350074632165,2.328537802279225,1.6105342125616382,0.7382102371556841,0.6237547420245418,stairs
10,0.08098070346905314,0.0,0.0,0.08355767705810632,0.17380162452139852,0.03933437183245903,0.0,0.2904242613761984,lying
21,0.18617496872157488,0.0,0.1016403766546552,0.0006859588377101655,0.0,0.060436473727609935,0.15275059401222413,0.3551974720658915,sitting
17,1.319302633795008,0.6582937513416168,0.649361469239631,0.3841042348537078,1.5943796411207611,1.0641526654926858,0.5547146640979416,0.530990841613596,walking
4,0.25014200560684186,0.24527945102644022,0.12068000666331853,0.01093310347409273,0.0,0.3230781710458632,0.1742308642902772,0.3228747619956799,standing
21,1.9375759110344144,0.8480080408571845,0.9963802186260704,0.5809781887720296,2.1351902955703,1.5454478378708043,0.7622451230966681,0.735074234308717,stairs
20,1.2769500729325216,0.7079350453860203,0.7143795902987562,0.43337913931971417,1.450665774467274,1.0243648045284088,0.6702425451997402,0.42872511411974823,walking
16,1.0857327797604086,0.5975084746348001,0.8592687348716216,0.7104743066889768,1.4709524959028268,1.1971260695099921,0.5153678005859027,0.4920117441549259,walking
23,1.2221557766769129,0.654887188833217,0.5453003382126094,0.4586459631849412,1.578188440293502,1.392871299469498,0.7400519274966746,0.5001766606504566,walking
17,0.0012308213908890503,0.023789811121626335,0.0608558391033012,0.0,0.0,0.0,0.08520509089019782,0.2317360071336687,lying
34,0.05054156108830782,0.12899615887537372,0.07339150435696168,0.12327894337259278,0.0,0.2715317164875467,0.2555957693614542,0.2786129368785958,sitting
35,0.18050961035263163,0.13659367101523018,0.0,0.10645493312512166,0.005366353973914925,0.3398099719379068,0.13260361303002838,0.3930041811352637,sitting
16,0.37192880495331015,0.0,0.021197023898685156,0.0,0.2609677396407234,0.16256870457811545,0.03462626596241146,0.25423208718391266,sitting
21,1.6848464634459008,1.0926802100260622,0.8058022031791086,0.7322863478550853,2.3101115850613674,1.3804397342542565,0.6655421226809874,0.6329323799503155,stairs
32,1.317909898301183,0.9678374733347201,1.304847837290698,0.7251630587356813,2.233150069599141,1.5176247075448441,0.7498231403903521,0.5650462883169507,stairs
22,0.22744815495114196,0.13269630836492366,0.04776050938168194,0.02787619715401709,0.09005459624156868,0.03662418939876745,0.0015767162640901583,0.28302076270587073,lying
40,0.0,0.09890058737327342,0.024481905496798656,0.050543862806659165,0.27873319510477995,0.4274624263639275,0.0,0.23070562525520966,sitting
6,1.0787352203145164,0.6372533625144777,0.8095144397212997,0.5587044571358926,1.672991029496566,1.1880142397608338,0.7277157400617809,0.49586548221484644,walking
29,0.4070115644233535,0.31064041667967734,0.2674181518983852,0.09896596317867729,0.0724397009648724,0.414668548117023,0.10734927789729,0.40258663604943634,standing
4,0.11263756580031162,0.16870282729890818,0.13803941197515668,0.25763768605655885,0.0,0.403882087391114,0.0779617628905604,0.31252833904141,lying
30,0.2541161739669446,0.20847244563786888,0.058925754057107246,0.0,0.21308581450879066,0.4146903972582379,0.06095515658560455,0.20495452020640081,standing
5,1.6746345332651213,0.9403517584057975,1.0469124151686797,0.5727862010661007,2.2477803151233675,1.2732289583549354,0.9483754432016746,0.4669795995491042,stairs
22,0.1456982948673482,0.18175778939770987,0.059247344326900465,0.027262750465272278,0.0,0.30494341829943716,0.13758412121497132,0.20357679005699414,sitting
13,1.9218422153789207,1.0327358236800306,1.0271701877507615,0.6517660725434408,2.065618940234491,1.2584152944355946,0.9475792053290593,0.536864424327215,stairs
37,0.04103181550355638,0.08912799449607313,0.0,0.0,0.06537217020752333,0.09445708637967502,0.0004978395313191414,0.39019591870456466,lying
21,1.492219294461532,0.8085112928923976,0.8168658967443571,0.6246784389660709,1.7100999041896403,1.4303733158030019,0.6498345548085249,0.518522545138005,walking
26,1.0686378041423414,0.5977832690437956,0.9826371219389388,0.5543200346015509,1.4420223946181885,1.1067807562765397,0.6223693674204328,0.4086043473637753,walking
19,1.1904036541048835,0.9248624003312153,1.1056057871348768,0.7313540832010144,2.376090744050678,1.1919415198085437,0.7385052942160827,0.566244200550197,stairs
39,0.12578134235407504,0.01299495360392023,0.011907034814827404,0.0,0.15125099792059565,0.08400359148461817,0.1565947263069505,0.24132404118376036,lying
27,0.0,0.0,0.16730153616812127,0.046035845348703246,0.3583088072168379,0.22418040076300608,0.05496666240604843,0.3370851373318617,sitting
16,1.8526966649450032,0.878475925163223,1.2322351138317402,0.7180756047236827,2.119485954791834,1.3546602232942522,0.746757027853998,0.6498621458887798,stairs
6,1.235144260020272,0.948850486335515,0.957679290619358,0.5833119036924942,2.2637163776423863,1.4596738153759252,0.8350376132204662,0.47209828458413094,stairs
9,0.0977586116086914,0.061911717149756997,0.005964909268791216,0.05126525886270906,0.03647401720721733,0.16135266908811569,0.04165251577735516,0.27102856963108923,lying
22,1.6795321001460313,0.830897483877248,1.11291578902184,0.6793043244318204,2.5007567413967773,1.3777473780203497,0.9451450751921681,0.7287698443238725,stairs
14,1.5281762434439436,0.8974320285215184,0.9689823561047233,0.7810191161496818,2.163292123329515,1.2843368590650335,0.7923616643982967,0.7380353975904379,stairs
2,1.208766792314932,0.6428496373280264,0.889355038921154,0.5538061395605488,1.5711243752919186,1.1208388667977551,0.6308682171570784,0.5852550873901059,walking
23,0.15603992794702168,0.01466515833193155,0.06360994448431416,0.15570885975504392,0.0,0.1847264425871737,0.0370508600698173,0.22945242489255321,sitting
13,0.2428923422766206,0.2533236893957081,0.11247178904607576,0.015221465183061798,0.0,0.6347041619475634,0.19464067632137183,0.3181862883937182,standing
9,1.7740837095295379,0.8362569963309838,0.9012011826824359,0.6628049582349778,2.4207728832795947,1.4892949208499917,0.9258790656122599,0.7627480133744684,stairs
38,0.3622459871813763,0.23557314012437433,0.08424782061200414,0.049329150583099876,0.0,0.0,0.0,0.2667412683924887,lying
12,0.11654994999543622,0.0,0.04371412332766303,0.12180321052594587,0.0,0.0,0.0,0.32136542918330147,lying
33,1.5070738264897197,0.6750573779426822,0.8227727868847672,0.3981721388478956,1.409649037205904,1.1408950269199152,0.6490392714779272,0.538105342633981,walking
35,0.29922801638326385,0.0333775969614275,0.10947978254618292,0.08589979163201111,0.0,0.23825978473614254,0.0835183087726038,0.31373379799975176,standing
31,1.4429000040972075,0.7794339620647269,1.3719995381851784,0.6323658074349231,2.634292328308533,1.247305342332154,0.8568942984176975,0.6167165249156746,stairs
12,1.5204075452740111,0.7327681690282504,0.6171245254632478,0.37797767798075227,1.7499018081175848,1.0862747851821086,0.5091443344629383,0.6082468472953922,walking
18,1.4343822811944362,0.9350648065716226,1.6984431428697517,0.8215649620453306,1.93941648103379,1.4504584112380154,0.6982600473721947,0.6819526928134957,stairs
2,0.20423173358226202,0.09756651241534786,0.003487380469912732,0.14606220819238064,0.1692386106097351,0.1655771230372965,0.0,0.4452373934395666,sitting
29,1.6691176559873737,0.762971635603678,0.976006770000883,0.48084282462247185,1.8628126780368877,1.5631206243764286,0.8805625027706786,0.5094489841778275,stairs
35,1.676492418079975,0.7666800189980877,1.3197730225649,0.5634326938216675,2.101725257811677,1.435943874160704,0.7618807157958603,0.6245071644512714,stairs
37,0.225457893378604,0.3230475768521064,0.17754612935798506,0.21072635007355395,0.05683118859047259,0.3622563690077558,0.05273576452256924,0.17096277675682903,sitting
36,1.7332070153867825,1.1640586138598508,1.1031185504770886,0.701647379809743,2.125102775029685,1.45173848254967,0.737637345582057,0.6709529714745999,stairs
3,0.40511760597352886,0.17445234622605071,0.06351271087326708,0.0,0.1266632904306441,0.0995602882343849,0.010126447278524645,0.35902342367663853,standing
25,0.0,0.06977200784220099,0.0,0.0,0.0,0.16282286900235945,0.012107083909431743,0.3053364433455124,sitting
19,1.2188850656440944,0.721339947455003,0.8358461633097239,0.40959938624854725,1.3097368071966602,0.9990224042116378,0.577655544552466,0.5029939660750781,walking
24,1.6343112724355897,0.9051541853416666,0.9061595785795009,0.5003281942115243,2.364222879046605,1.4002391043321745,0.9793106223249215,0.6809107586367553,stairs
1,1.398012323905847,0.8928592413469786,1.3289606665287355,0.7082585448670361,2.2554652168097507,1.2710845002447766,0.8663650492142304,0.6095696617218449,stairs
40,0.16024115758088384,0.0,0.0,0.0,0.0,0.0,0.1032086190121401,0.3036092353733777,lying
27,0.36229704360502624,0.15246329762570354,0.1358620580677299,0.06758744011813028,0.10472581267582769,0.2446079937742502,0.05452960103378503,0.18815630223567192,standing
10,1.5856798113189055,0.8984461688596874,0.9480671057534366,0.6799182923837654,2.144537710208079,1.7869576855085765,0.7518949563012497,0.7319778364186393,stairs
11,0.28812108157394545,0.20390727365395073,0.2300486551425911,0.11236364357765012,0.0,0.2971937908989072,0.04258680668522026,0.30946717549508485,standing
8,0.21944620288805827,0.1608386522995969,0.23110920103593158,0.0,0.0,0.4973296284903551,0.0883056739132741,0.29978696541000455,sitting
4,0.12672416655736574,0.0,0.054891622880569,0.0,0.0,0.2742260920147364,0.0,0.3194931878765142,lying
19,1.451796408167454,0.8465225283965592,0.8038654210456823,0.3930198226688638,1.3090117156742256,1.3093111343467914,0.5347981581405037,0.5217819981190299,walking
21,1.4311185195170557,0.7770299973879002,1.159753639269414,0.47133814703359767,2.1411758537034413,1.583808125715939,0.7666398535354759,0.5784059912112488,stairs
20,1.3777316611079005,0.5003270647098398,1.0822556013161746,0.578746677272012,1.6805463358820183,1.1858336107447367,0.39578436151058105,0.5662242559547168,walking
14,0.3704737324937931,0.052979796517547806,0.14021765510039425,0.05880499653824212,0.0,0.41260053923214907,0.05603980476106839,0.1991371178371354,sitting
10,1.8286858694753143,0.9989299116977507,1.288192166634784,0.6138399681965134,2.395086118684612,1.4144250967111849,0.6320198729031294,0.5982208404865202,stairs
25,0.25381982157633576,0.1410182624482339,0.08263283535534295,0.023515478549445704,0.0,0.314196192702684,0.03271962225605934,0.2153476848802367,sitting
22,1.6226306543748805,0.8629180099053964,0.6973840177632835,0.5191046609008512,1.9565798069804616,1.2768449308390242,0.9008946431974372,0.541163110568861,stairs
36,1.450871713732855,0.8847846079601042,1.2585397977450943,0.6126271571183213,2.2323230416883475,1.506985308374188,0.9085756161515334,0.5942768907806324,stairs
3,0.08320571525594495,0.17837483524698394,0.0,0.0,0.15808204086484656,0.29728379477613104,0.08241617581899438,0.2533426106112046,lying
21,1.8457548138531852,1.0246757229811745,0.7601181191858735,0.7984064302984685,2.3071912093557527,1.5456758349522224,0.816303925868709,0.7087498974940546,stairs
1,0.21456851144298028,0.0,0.08185790350101607,0.0,0.0,0.12259545680334236,0.01961257666189437,0.15441114408919254,lying
14,2.0808905843100094,0.8721961202663588,0.9677858915376989,0.4490290791078345,2.283031673173704,1.5165435711948978,0.8452212871619641,0.6951164870778035,stairs
37,0.03821963696585032,0.21692184531227512,0.02432403137855134,0.0,0.0,0.09040763343378985,0.22698143536880028,0.30973195508093354,sitting
4,1.3334909970421278,0.6367443613096571,0.5899093878369658,0.635023707994079,1.7317565790978422,0.9508644721273841,0.6955371705359518,0.5211973602683211,walking
10,1.2269361775979017,0.7243586616464448,0.6258070118368526,0.628642019864578,1.8051573486269494,1.1485327989004934,0.6029012865815105,0.5269565102227908,walking
36,1.8382690369654981,0.9133169567697045,1.1040391295750305,0.7526422075170007,2.3591364241423665,1.5303851369798138,0.7614985834444827,0.5460982360219682,stairs
15,1.8347818110802239,0.9403728183450759,1.0813057316237575,0.5674083899454145,2.2873640210284982,1.3592969010380531,0.8319659319247015,0.5137279954455857,stairs
20,0.013725486139959761,0.1375773671129447,0.0,0.0,0.1002576446512036,0.23961864205448224,0.1350119499544569,0.29657974028476847,lying
21,0.2540485455668531,0.17862857932501486,0.1861866041005693,0.1273017410957028,0.0,0.33479049810987094,0.0,0.3875335028209522,sitting
23,1.651328298031589,0.9867850501204267,1.2745360788469444,0.7056834596737205,2.4980887079843415,1.4951361099696474,0.8624352518458906,0.5401262017490917,stairs
39,1.9493362411237527,0.8728886439764275,1.05728737545047,0.6311137226138323,1.9902437737431384,1.3901341444222508,0.9108003476674319,0.6103964459972119,stairs
40,0.2914369115538218,0.36220358516644435,0.20568080288132481,0.06293635417047344,0.03264910078824419,0.376168745432858,0.01605462205334142,0.33867154401087485,standing
38,2.035978811801676,0.8016989615268184,1.157786587267838,0.6792898845213464,2.2051045890923806,1.214407980864433,0.724438125284435,0.5794229423683366,stairs
28,0.07928245612404866,0.17923594896932277,0.06699767710381126,0.06441051443518182,0.0,0.03090182404415473,0.0743164515312966,0.24688169689415773,sitting
16,1.3319248599586686,0.672311240266366,0.6725625299593715,0.46778336555910527,1.738748214027345,1.2264231464292261,0.6107646134221149,0.5355585608821893,walking
17,0.0,0.30448423346544295,0.1303275095643187,0.08283999638747436,0.07215712420171144,0.1633409654648169,0.1414357391190137,0.28118928646376284,sitting
38,0.10187788362575292,0.038083304619144685,0.0,0.0,0.0,0.1638303761421192,0.10181945494327327,0.3171470468959532,lying
2,0.1823748929710654,0.0,0.01695596184600351,0.0,0.17656084076988612,0.22665486633086987,0.0008949780325462342,0.36501791340613154,lying
39,1.1419977198507105,0.7854371257629555,0.8346394492521512,0.4515570880779085,1.2642755214618915,1.0968579133189023,0.653257678357518,0.6591624719054423,walking
22,1.4963704579123065,0.9090207322417563,0.9989562547518419,0.49384754190092706,1.625724157556006,1.2820073894467086,0.5565431879405689,0.5622219227220169,walking
1,0.14055367026249632,0.319166657610005,0.20060254590601287,0.13748894323794036,0.13976188027500278,0.42933097992565417,0.10162374704195368,0.3105725430878718,standing
38,0.28798776004369026,0.11649457063620061,0.15703085113362208,0.16369505297298237,0.03472490695424517,0.34817043515300844,0.07288627326844752,0.4382439903226544,standing
9,0.24960631975989217,0.15177994327464778,0.0,0.14722088920830212,0.1204110496729549,0.07299007234390331,0.0,0.34086207913837524,sitting
29,0.27757769049716724,0.1429932750697698,0.13305212244462303,0.0354774204935262,0.012083622325110975,0.0450497005336028,0.20015376615654426,0.35036066015045125,sitting
4,1.138142188124086,0.6116797468326897,0.895517789573967,0.40781972720543824,1.516032864510195,0.9418685827218238,0.5407353503325526,0.48122689147101094,walking
33,2.0338022098646373,0.8561888951612051,1.2410592827065186,0.5754324584125882,2.3057358139601134,1.4787976286084017,0.7829454765112556,0.6654859449994953,stairs
21,1.1488745957892423,0.696527928045965,0.7948171460499973,0.44903809570432246,1.7809659199042647,1.0468355654330275,0.5855026507124027,0.634548625878445,walking
13,1.347617723741746,0.6985092482504958,0.9654917506321324,0.4594202843157326,1.5734251940887936,1.1351934063673794,0.685952447566951,0.46289864494196703,walking
30,0.19905162440979546,0.09412363895003263,0.0,0.23281333933804926,0.16896096501084323,0.0,0.010996185200566364,0.2084936555517414,lying
15,0.18045292972804622,0.11161387827366659,0.010852587297622712,0.01915131728359761,0.3437019590584893,0.0,0.11197393834488098,0.3349512309905276,lying
4,0.17082099107230142,0.0,0.03401804030431243,0.21011762983672627,0.1451829422259892,0.0,0.10184394275011427,0.19126876990392044,lying
25,0.19762049345034627,0.12437609784297837,0.21245732702772394,0.0,0.0,0.2292267729843513,0.16181269446465785,0.193734270540312,lying
25,1.1620776895553446,0.8272440103406168,0.7680399349170202,0.2992411173657572,1.7516055634913232,1.186043128262683,0.5984941108758665,0.43395338697782104,walking
19,0.30688976376868776,0.2516089699830185,0.0,0.0973002931891994,0.08119354002262917,0.38592869631472343,0.1407449546943001,0.39243466072377375,standing
7,1.3318573855444762,0.626675115431687,0.7502514305399319,0.26751669693513314,1.4538967921211563,1.082175804136363,0.7921148039659809,0.5679153326406966,walking
7,0.14934515670089368,0.009495182990947912,0.0,0.07277542075863591,0.006258440542048702,0.42206944426088,0.0,0.30261753139540953,lying
32,0.0,0.041397087597397055,0.10717549141970595,0.1775182205850127,0.18005809258708128,0.12037867729392436,0.0,0.2781811705165846,lying
6,0.2870888586931199,0.16341887965330704,0.017904406022538052,0.08901168350612412,0.1643121472004068,0.4143857153907131,0.0,0.4461809073973958,standing
25,1.6068417730808937,0.8472499861005283,0.9642868519699361,0.6275418555084716,2.4742815174683894,1.5449561447114604,0.7135075593021485,0.7201490224597582,stairs
32,0.25698848845427036,0.13937353372159894,0.0995529301094958,0.09597119859107255,0.06797142949665859,0.20073108015630486,0.002862807793054381,0.19595965678456118,sitting
16,0.019727934483889646,0.15615782331092184,0.0,0.0,0.22898931624717397,0.390164879805868,0.0,0.2992630793134095,lying
4,0.1295049103614667,0.0,0.12183061671215206,0.0,0.0,0.0,0.00208449553762885,0.2526248465243949,lying
15,1.3970536108793148,0.7702269463366375,1.074314288271784,0.6283787551014091,2.4854177899961423,1.438585172100813,0.7675997123832884,0.6592378413595278,stairs
39,0.15853855786714727,0.06729583141807027,0.16365920554434554,0.04093776532639182,0.0,0.0,0.06844886585543694,0.2891458101687654,lying
13,0.3462800440824556,0.0958315914605432,0.0,0.0,0.4050549853768912,0.14337403643602845,0.1751918566501787,0.4247632380211497,standing
35,0.2528090836674566,0.0844541721162386,0.05065383592467282,0.08349661885409787,0.0,0.35563233239981074,0.20021593843812524,0.2527222891809374,sitting
32,1.3640129696251078,0.9428666822523435,1.1774573620042703,0.5644900975593184,2.1851722527978885,1.5102242147764275,0.9306052951653154,0.5960236584125068,stairs
35,0.13661801387916053,0.1429361912936329,0.09658809392070004,0.10250340929404597,0.0,0.2194361257421979,0.0,0.2239183928560214,sitting
7,0.178638904612738,0.08035742534832396,0.13249655023418314,0.0,0.2601955732376712,0.12936776601015285,0.09007734862423616,0.06737103978509609,lying
22,1.0105577695122934,0.7087841020328799,0.7092684938863929,0.35372639288883834,1.4610030724510126,0.8009494245141571,0.653188323486641,0.5674463370626133,walking
19,0.24169659251949888,0.16019735572920635,0.08988653808807721,0.14899473511700867,0.09621447765356234,0.35164606254219466,0.0,0.32217085326096234,standing
5,1.8706734111825987,0.9702529161448138,1.0846269657897152,0.6745992734773231,2.1385813050617046,1.4927696252560037,0.7832810611476113,0.6325598793833009,stairs
12,0.1935674771836769,0.0,0.08114917277396849,0.00551336596444375,0.40735099829043886,0.026945848112262513,0.0,0.3403652157434356,lying
5,1.5434150464299787,0.7794749005805649,1.1149624071740338,0.6780121751942169,2.2553274631182383,1.4022967403727746,0.7528383863234389,0.609708488735107,stairs
6,0.175381243186183,0.024345987374583558,0.0,0.05876159090843228,0.010343423108323237,0.18369688832436976,0.08963934394042722,0.37460799028205705,sitting
8,0.28861381089626426,0.23027526438338408,0.09812238234853762,0.0788208179418114,0.41996608581330835,0.16415388130668995,0.16476554157416334,0.2911411346344196,sitting
9,1.5525247633426464,0.6374732772880465,0.31743493493313085,0.2756463797156411,1.358470192047219,1.3371051221704273,0.47084138499194195,0.5270473095286901,walking
22,0.2616502505279,0.02817442256712227,0.09539888137521199,0.05679100141951472,0.0,0.3822232121593564,0.0,0.38464178948170535,sitting
10,1.4198951250191123,0.6632990258366086,1.2113113143884158,0.8760206363197155,2.2704639608942068,1.4732047201200626,0.8730429373087675,0.5707258504567279,stairs
25,0.13388097812368077,0.0,0.09689011707260366,0.025640224432905347,0.19584270660674713,0.0,0.11346999113394354,0.30275703618668015,lying
4,0.0,0.1297622771096818,0.0,0.0,0.3855813492727238,0.10965149858897244,0.032441638023268826,0.25152759873204855,lying
23,0.0859896641903258,0.031156310553046747,0.1630628427706574,0.04434442849097137,0.0,0.174813879777722,0.05391489895137089,0.2006520404801301,lying
26,0.0807254855844102,0.0638974746318206,0.0,0.007320858129908597,0.0,0.0,0.04817381976714539,0.2575341854567479,lying
4,1.3537143375636518,1.0215515334490453,1.2993921431446231,0.700930801710361,2.453991462188554,1.6252205939285007,0.8021750594483542,0.6141096666472426,stairs
30,0.10744722949251032,0.14149966845100503,0.12731145913694644,0.1257442218029976,0.1609290125824041,0.18335334663001715,0.0,0.3332312065037629,sitting
1,1.7695369706309407,0.9398014172588638,1.191229335332707,0.653834963568183,2.09577697159939,1.5620280866856069,1.0273010705015058,0.6566054502521532,stairs
39,0.0,0.14282257821862498,0.16108594006590032,0.003654189361882207,0.17694053196176418,0.19161569374839066,0.1240868440993685,0.35975938411749975,sitting
5,1.6813562965211983,0.8475336553208683,1.045702243550307,0.7860862025934156,2.350414419495363,1.5412847285358429,0.8387710796000168,0.6220126816485758,stairs
4,0.4303160437324698,0.311759236529898,0.0,0.0,0.10003573044564153,0.5111026630986684,0.1182447647712443,0.30544539669747656,standing
17,0.4270851946178138,0.20372244955540858,0.055437937940560775,0.03212900221807965,0.12015966682592501,0.101593810557914,0.015386333476479289,0.4618182339602279,standing
4,1.4250031040998024,0.9130116064014865,1.2961196146178138,0.5210711603866484,2.078466491176563,1.435666108506104,0.8840232940417333,0.5377464852315911,stairs
25,0.03757377612409624,0.06350113175844324,0.11480945284561633,0.024951979315078303,0.0613838492247994,0.19121248112948175,0.0,0.21495766497402885,lying
5,0.11417882071472753,0.12187604465815519,0.09122592724929507,0.0,0.0442997305224032,0.29910875934682435,0.2706619764208132,0.2564432261453013,sitting
30,1.4972834411184,0.6970404623616591,0.8725158126722766,0.4368904845240402,1.6145954697672353,1.0798730096861848,0.5241580140869195,0.467979380775999,walking
26,1.2388565802385263,0.7888729001971776,0.5464699454096216,0.47180717523429055,1.8875265840344175,1.1273576651075337,0.5122058349210136,0.5285916034075286,walking
34,0.21485020452601772,0.291895770378987,0.24111933963491475,0.14313750208271966,0.05251649803081342,0.3150286604855821,0.1403896334967047,0.43618152391483467,standing
33,1.622810054447215,0.8724527030555134,0.9654703665257631,0.803910207903301,1.9198627244252318,1.4924843056045085,0.8563943516016136,0.7121820050652742,stairs
1,0.30643614672961395,0.3104379907929994,0.06834123700534135,0.2742794250809824,0.0,0.04849387188282964,0.06473115357930131,0.33435350776146283,sitting
5,0.21192282989052874,0.25572174354029303,0.0477006556050759,0.0,0.05972871718231673,0.07806524625652861,0.0,0.3153609002173036,sitting
36,1.0753801837859898,0.7106238101209451,0.7748766026633219,0.47837172933038424,1.9781679227949664,1.304004516333837,0.6109338159865787,0.5631010173578734,walking
15,1.5120985168441292,0.8437144322649544,1.102888624867118,0.6628376394002686,2.2485281014897063,1.5759213080482755,0.7127582463118518,0.5058557221985676,stairs
31,0.029491858173380875,0.16924578844388805,0.05307091709902087,0.0,0.3584134539884891,0.21289394027844044,0.14695745192042728,0.34647030667298007,sitting
14,1.2903783406179496,0.8380921943687603,0.44528114965308263,0.4725120657227905,1.6146755667747525,1.2641394659103937,0.5902731850325832,0.6620210967625737,walking
33,2.019672005416618,0.7444574285181591,1.2738567913539594,0.5398294762363898,2.08662041279765,1.427278858371423,0.904962911785059,0.581457067021351,stairs
7,0.34050894176792657,0.0,0.03897889082226336,0.05855855588114625,0.07312451191408208,0.31982073044237996,0.11267497913409169,0.3548354234446198,sitting
3,1.5296505870960024,1.1238004367654284,1.4179904292679328,0.6731246869532173,2.2862753340630957,1.2484879086363967,0.6996788917480546,0.6781411022464,stairs
6,0.19694487213439832,0.0,0.028524960356886772,0.17176324041675062,0.03622010043816411,0.1568646534454533,0.21397049966325604,0.35046879345121734,standing
40,1.6249983729755522,1.0157978403978691,1.0940241381241136,0.603098500745735,2.2858380041940998,1.707050570689971,0.8946734561642319,0.5729070299570588,stairs
39,0.12276408970333746,0.1016573366719781,0.125525970187356,0.018845647777009995,0.1490816264768129,0.0,0.0,0.2637384777293907,lying
36,0.1372535489429429,0.015236761139683305,0.023881749006786135,0.0,0.20122313887723037,0.19718532883356663,0.0,0.18792279273927298,lying
21,0.9497589572946414,0.6665636390512968,0.9008513549050857,0.4285706036996113,1.4888726492412006,1.1689304023927707,0.5333059854602551,0.4821650158218209,walking
17,1.6466163007272094,0.9440822437099639,0.8720094714543755,0.8096210127980412,2.40131931914599,1.2625843880899537,0.9653229172092175,0.6238117949991199,stairs
26,0.0,0.2676442914692083,0.02727117009754649,0.03873819608522402,0.04192572855838979,0.4009911867947721,0.11500449721378041,0.30554492344746365,sitting
19,0.214355842543912,0.05130132870249248,0.03501752388215244,0.0,0.0,0.10592126790305909,0.0616973057801455,0.19669853656094027,lying
40,0.17317903974023283,0.04505268833867775,0.0009887274136943028,0.1362665004833417,0.05946084946368721,0.06717612848696572,0.0,0.24964231575164572,lying
35,0.18923331107066885,0.28604766367028955,0.10681114662536188,0.08877243299737289,0.0,0.07418961794166684,0.06327634913891877,0.16022087680406236,sitting
4,0.08570750516046702,0.08330267996950677,0.006509117416541463,0.24853697636208014,0.0,0.19298341597806393,0.06285764127069338,0.3921154126647224,lying
27,1.7536082274232914,1.031198719879424,1.0040790856337833,0.7116827890209272,2.1621566440824447,1.3484167591830845,0.7486940120392345,0.561719733617995,stairs
15,0.06390900795632845,0.0,0.0,0.0,0.0,0.3354548106462709,0.17022394630978813,0.20859269217608398,lying
3,0.0001915246999456971,0.05972602026107937,0.0,0.0,0.0,0.37160041988397285,0.09950555072508221,0.21309750970194744,lying
40,1.3814788023894904,0.5139050616010393,0.7679211768519155,0.565866658393102,1.6645025666830582,1.0140852258650734,0.7006904831845125,0.5509048472805882,walking
33,0.3599611393555202,0.05168784391349862,0.10086239170555725,0.06789467486872174,0.0,0.10794228047601845,0.11161126049760373,0.2974065563239693,standing
27,0.2424169223966673,0.12826226043923977,0.14884851183418132,0.17963384894367904,0.40031044474347177,0.4815332855064792,0.22648564500144638,0.35185579203586337,standing
15,0.1639319042367453,0.10990808600893295,0.0,0.12274355877705252,0.0,0.29260241779080565,0.0,0.27956836464105833,sitting
24,0.20598025909429352,0.13932621252622698,0.0,0.0,0.0,0.16939589386018833,0.09034761236990235,0.36615014343288443,lying
2,0.0,0.0,0.05520435096635819,0.0,0.07595778686281635,0.2731620108106119,0.03486279816021408,0.3028243057934257,lying
15,0.09792666203676051,0.03985150486780289,0.04556477289974267,0.18194101725049552,0.12769457001945722,0.32371229901465565,0.05212979701725329,0.3451958249937969,lying
13,0.24848900655872935,0.0,0.01466329557279454,0.0,0.30667563360502653,0.17378093296482522,0.06183915912075752,0.2925321928344535,sitting
28,1.594929451723488,0.6306754739536677,0.7341077912108583,0.5560485768276562,1.4798714645119422,1.2543351220665029,0.5876011562465995,0.5538199068957328,walking
3,0.08365931863649974,0.06386412757533692,0.1035976397637747,0.0,0.0,0.006377070086434802,0.1377788491560449,0.29314716963864984,lying
2,1.033116733673019,0.6446388098664707,1.0379521662318112,0.4307954578153503,1.7403613148106833,1.2417396667098555,0.7307681567907502,0.45429762145173125,walking
12,0.13405111632431221,0.007201604054444241,0.0,0.05782622146939764,0.0,0.0,0.05731200593886917,0.2093222719119735,lying
25,0.10730712739646558,0.13905987160256328,0.1101911700752821,0.019407026196347744,0.13306267045288317,0.3258535232117174,0.15984450733754782,0.3065798035498129,standing
11,0.028708620895512835,0.005469447331280901,0.05196182099123065,0.14339702032606585,0.0,0.17169792151087376,0.0,0.296108604627402,lying
18,2.0684622220160174,0.7214255342490544,1.180635615515756,0.6181831964489554,2.0440271547027717,1.678641392871443,0.7662712339366653,0.5013551802365528,stairs
20,1.7091380975046788,1.008790860818604,1.0589311843976936,0.714882693829599,2.258376688991143,1.4578066505698037,0.7875618904055776,0.5744880577015442,stairs
15,0.13802741836902224,0.010172213235910749,0.20190937071353177,0.0,0.06028023332888763,0.4466108703890226,0.10122772629878497,0.24497365025792733,standing
26,1.358338554934255,0.7769121472652459,0.5891705896766509,0.45183344062736125,1.451097340378165,1.1198677337162315,0.5532285491230703,0.5591876470212334,walking
36,0.19153323646838044,0.0,0.13178735370122274,0.1434855481541258,0.1857652348564934,0.0,0.16784307620228645,0.25953604033924366,lying
22,1.8677167793765685,0.859677229473346,0.872225382918602,0.639102075410164,2.546836705690722,1.3687160376406629,0.8753110777555322,0.6437549683353575,stairs
21,0.15282920603476638,0.0,0.03142742797057131,0.0,0.0,0.0,0.0,0.21745615129817125,lying
39,0.27808003067198395,0.10669855351400429,0.17960568849624192,0.008615726976166763,0.0,0.3164935136961753,0.1302233445780885,0.34071014324876875,standing
32,1.6198726248873125,0.7088021192181786,1.1379062522965475,0.7306099695286498,2.408817509384357,1.4595093287027472,0.7917532191671167,0.6407888817356294,stairs
13,1.46864992955343,0.8098294349410874,1.07426619678789,0.6420138200412291,2.119543432785147,1.4385191299676643,0.884588402958711,0.6617785818275138,stairs
1,1.4284892029996805,0.7155539047079674,1.160446936093152,0.6559202236611469,2.2894663813439826,1.2221822499419663,0.8655028572898412,0.5613690057133459,stairs
9,0.0,0.0,0.11791541749590123,0.0,0.11758548179122319,0.33804543128930586,0.02770447510809066,0.23269252855933714,lying
9,0.07830290364976158,0.15536629126629478,0.10714907758046022,0.0,0.19889348540946988,0.11831394825956391,0.06090875075797282,0.255055747841764,sitting
34,1.8100135723145716,1.037754570143621,0.9471758450160379,0.7548586607938078,2.4932661043956537,1.3516344286376847,0.9393362301026977,0.6215164992669847,stairs
14,0.5872042933792604,0.22964299925497966,0.14964844632650925,0.0,0.31907290778926767,0.7571794964091308,0.24187598882844719,0.31725006753612484,standing
34,0.0,0.04417849869872193,0.13228355966709848,0.11321433355404525,0.29528584816431125,0.22288656857330089,0.014398057587682277,0.30788603444720497,lying
22,0.15527237383128176,0.1475835513275309,0.00456454804686332,0.10575710262931684,0.23152124910971614,0.28150680777622505,0.0,0.26277882587992124,sitting
33,1.2451574396284526,0.7852249550721069,1.338261785834039,0.7628508563836979,2.3901768698716834,1.5813498543485518,0.7602939401868458,0.53129856384652,stairs
35,0.0,0.0,0.06408798930528978,0.0,0.19297142191317487,0.0,0.07704416478820914,0.3508000100931836,lying
18,1.3565671057264526,0.7224283031739711,0.533476901727239,0.36443642293733963,1.674109642799542,1.3121453443326647,0.7044946264506874,0.4306099852177799,walking
32,1.484513168687204,0.6994147735046022,0.7963018267354551,0.49294960735272136,1.544751082142113,1.1985927589869516,0.5004235743020233,0.4376174698090711,walking
38,0.07655354179598073,0.0,0.0,0.016890096523935985,0.21325677107720806,0.0,0.0,0.26184557238684886,lying
19,1.1033442640256375,0.5401252743000197,0.9137211286740978,0.4088236357121196,1.5842487233403013,1.2569659469919026,0.5730448696557718,0.41237812963347276,walking
32,2.1598466644268477,0.9454547985946665,1.1770625975340367,0.5612362724899104,2.1774163653797505,1.7520081511368415,0.7698553357865261,0.6229177143788805,stairs
6,0.05734486540892414,0.1780599644488387,0.07704710865886241,0.022163538845819748,0.06009411751779573,0.0,0.08285174601471104,0.19066516673160477,sitting
24,0.29498654780803324,0.1687228069040778,0.07800979298236208,0.03661696549818204,0.18434472172075966,0.3309497905594989,0.0862127267347223,0.2895216677881925,standing
34,1.3465403163589704,0.7007127174043967,0.9484250338478345,0.3388468375687538,1.6780921901307064,1.1349615464672274,0.628211892574328,0.5146901073185427,walking
18,1.193074600995563,0.6429116415727474,0.9238402716366,0.5962727907972311,1.8028448379166706,1.1891240649164225,0.5756888241475865,0.4877480513653176,walking
2,1.3592178966664539,0.9748217286922242,1.1343709568892453,0.7598699475922082,2.112143034803142,1.2028183981308453,0.8681042836227727,0.6078834345895466,stairs
16,2.077698153301027,0.7937865765377448,0.625871948071928,0.7963507477953362,2.488109761734311,1.3579588962111706,1.0181210067621023,0.6990477204377685,stairs
4,0.0,0.0,0.04134240833185023,0.0,0.12702819872946755,0.24027568591009887,0.05787359415767013,0.24151253007369083,lying
8,0.21508209322210142,0.16053612951442978,0.12146046667043917,0.14183073687921793,0.19749682084498466,0.7208324022179255,0.01575094261068133,0.34558152564441724,standing
36,0.2766999196677762,0.30522330964818256,0.08421580384367727,0.14346793128094665,0.015670274162737433,0.349228445148886,0.1920930132389601,0.3075736714640816,standing
13,2.0848800976299815,0.8031644387447548,1.3694558837403226,0.6802095388021767,1.9808945772217441,1.2093589745358635,0.9257052390325883,0.45681207813853353,stairs
2,1.3955602535228047,0.9063731978729145,1.1417794751574504,0.6683403185330026,2.098842895518188,1.403970596489683,0.909025738196739,0.47501672630057024,stairs
21,1.0835124602452808,0.5309737387229031,0.887254986386667,0.6079615954519071,1.7143807827518711,1.3641995520332941,0.6824459240672073,0.46275395622048077,walking
4,0.0,0.15170657145375485,0.0,0.07635741349689121,0.0,0.04754801058631021,0.10285250503740076,0.31817565307067897,lying
26,1.455701622071647,0.9712457520779569,1.3893967513264776,0.5777893906982043,2.5614769338807157,1.3462043707955966,0.8217969338054846,0.6409377186011598,stairs
18,0.0469801904361139,0.0,0.12761941918347383,0.13637650982369331,0.18828857525754158,0.3936182247880202,0.15628919794841026,0.3943361386236969,lying
36,1.6553746528573603,0.9231614776630576,0.8036818298176345,0.7160086885922946,2.1798978262841313,1.3992390029227666,0.8709843657499398,0.4972672011022816,stairs
7,0.4000211178431106,0.1404307972012918,0.08726888834473184,0.0,0.0,0.4001104917818331,0.07434683549447939,0.3794718295555445,standing
14,0.019002521557981586,0.0,0.07868294502403163,0.0,0.2651506887161615,0.256649165887585,0.103374724823969,0.17224426067175858,lying
34,0.2414067911691535,0.13358887886482268,0.09169197151943932,0.09311090272370609,0.0,0.4346724370497549,0.18953750437245157,0.31507631263266894,sitting
36,0.2141232786023421,0.030102775969438833,0.08663252973401145,0.043528111115040624,0.0,0.10074555821178405,0.3714008773335678,0.38555804563005003,sitting
1,1.6766410032859835,1.0493703046506193,1.1380422355491766,0.5972437692190329,2.323781205011704,1.3065186449686532,0.7651510764603153,0.5923344718956386,stairs
9,1.1925331596559032,0.719650268505584,0.8045921135173906,0.420758067187388,1.878100014132826,1.1370968183844377,0.6840189561416161,0.5366333314154491,walking
28,1.225528369508065,0.5745960734164807,0.844925757728977,0.42201118297337836,1.6621564188895588,1.131254930041964,0.5905878730310479,0.5027475652675465,walking
36,0.37760067062147584,0.08359977022075679,0.017629772920580933,0.04670905060988717,0.27362694373324725,0.23293699063351941,0.07122151024813053,0.3025428868415623,sitting
30,1.4303497436516617,0.6608329149893387,0.8408575400131889,0.49241879246388387,1.4516932679110388,0.855485431756399,0.5951656886196075,0.4617783415412198,walking
32,1.8906553567437299,0.8795787434085645,1.1624162158322782,0.7681066643473822,2.137629832710113,1.5176381758002444,0.8816237986405095,0.5951863813701597,stairs
31,0.2143939608363042,0.061989887090111606,0.17492265579436744,0.0,0.33084533948220435,0.3329083045131293,0.1953880984503425,0.3911044670769957,sitting
4,0.20733310736031016,0.17116227624498392,0.10354387744296839,0.1379544104435853,0.039450223854387456,0.13485205329772637,0.07160417451829015,0.36341184255911363,sitting
29,1.423412410660482,0.7071374088703389,0.706552550145047,0.5480653312132829,1.3480239927274478,1.3710715969876823,0.6405286173213709,0.6264808520387797,walking
23,0.2008138451971786,0.09252836480559917,0.0,0.12548730814886552,0.05397698445414304,0.16829513430672188,0.1358734796725515,0.2698140803752326,standing
40,0.3448917577576779,0.06868421361737878,0.008206009963966941,0.1058172496324151,0.0,0.19356832234891067,0.0007933414320711804,0.3490876543528721,lying
6,0.2586199177703942,0.29618054468057864,0.23309009232176214,0.03215373782411105,0.3062085168096792,0.6100239370662509,0.1290673255871191,0.20799859572209733,standing
34,1.686555190189175,1.000054880670504,1.265207436759137,0.6951767648960514,1.9421964137101666,1.4332212368141102,0.9050118644764691,0.4960267093293269,stairs
28,1.1867628422375298,0.5287654111817868,0.736374928541225,0.3357431811527583,1.8485416804217498,1.1788638932771622,0.5764510254938648,0.558270861792878,walking
31,0.42706631677521956,0.16311223510470121,0.17883549626294293,0.14917137739710037,0.25660595495779925,0.6425477394948524,0.24638818701936707,0.29499845704563005,standing
24,1.5128925371487356,0.9278125386655776,1.0771542731765342,0.7019686761588119,2.2957903480837865,1.3520307277085195,0.6821972329372256,0.5876472101071456,stairs
30,0.1501992719016704,0.21852636916736148,0.07831423229843774,0.12312412246400645,0.018127951220481067,0.23420348789862386,0.09547894071943101,0.1811100716311574,sitting
7,0.17082590171168593,0.1199344928707216,0.12599834807731694,0.0,0.02098222461986176,0.3689962899357132,0.1884322628664699,0.19667815413074674,sitting
37,0.9732649368423951,0.6885187232406804,0.8408205045039974,0.6168931096078119,1.902869900365514,0.9768862577002237,0.6930043821374042,0.5049468443946278,walking
11,1.3750815598395705,0.6423923314446106,0.76484548267361,0.40574675064610144,1.4593352004507683,1.069800362839685,0.5505114098164503,0.47354994700464553,walking
24,1.9321769507729243,0.9283081645171336,0.8462916579409361,0.5642885197594141,2.317264456219334,1.3032115922262373,0.6921034213842878,0.6177533179935077,stairs
3,0.1982842771145855,0.16472336325163978,0.15261252426856098,0.0,0.0,0.4852056834901688,0.2432585152786112,0.24430989577983017,standing
3,0.5139460432180732,0.18286888207116675,0.16486084070700993,0.07752115506278845,0.0,0.40662238219792046,0.16229763414011675,0.44947917051269015,standing
28,1.4679533442413766,0.8618843744407787,1.126181788074779,0.7982308113319456,2.5038130091678705,1.199909439470195,0.9145043199335431,0.5281671756858016,stairs
3,0.19261919615570172,0.14181334641315144,0.0,0.08251087466177043,0.28590146203020383,0.19821564451272478,0.20248269085011253,0.3070943193111405,sitting
5,0.030486832205381363,0.0,0.0,0.0,0.061186230198023106,0.20878075492703618,0.1707694666692681,0.25420700618793773,lying
22,1.5543593037879024,0.6429442102966593,0.9186125607618871,0.5309946773735409,1.7286397044052726,1.1421892128423063,0.5275603906789602,0.46222453082092363,walking
34,1.324582572215534,0.8265780976426632,0.7052674770526268,0.5364489868736143,1.5213921543191522,1.4630643003027755,0.5649727497825026,0.4811543568998777,walking
35,1.5564246572699343,0.8485679377433688,1.0899428422456057,0.7488980044885954,2.0923399630651702,1.240557465634512,0.753825052912439,0.678128122231719,stairs
19,1.9490308676172725,0.897613978651285,1.0991218365758724,0.7414014951823024,2.0219002392032097,1.544259786120376,0.7948774944304177,0.6019264905674304,stairs
38,0.1851544534308069,0.17802986596420478,0.08100599990249097,0.005011905422447085,0.0,0.06630376320649564,0.0,0.22153840607395894,lying
37,0.3011131270605348,0.22016979309770052,0.2283307476873061,0.09354385527257436,0.12733621116747343,0.297795021561366,0.27380842724195864,0.3958414061497573,standing
40,0.07682138078607557,0.09766734450342052,0.03467119584114588,0.0,0.1094531996370245,0.1536770123325074,0.0,0.15729082779189854,lying
8,0.3766116067813494,0.0,0.1814493076107224,0.017849950203619472,0.016746687495736413,0.32989634938174517,0.14254814960568,0.28331179846886245,sitting
13,0.373078677967086,0.0,0.0,0.03716252713146109,0.08130882185594676,0.11181387763398315,0.1268170236833201,0.29456060517885396,sitting
37,1.265922548864937,0.7532660628462374,0.9605268215881158,0.5339958695423613,1.5773989571237512,1.0666723151258184,0.6003441786773007,0.566966815526472,walking
11,0.1838874477877257,0.27541069181468647,0.24274707641703136,0.18182400490062467,0.03714438193111016,0.23116031902519113,0.06562056441326736,0.1942453367042296,standing
10,1.7249073777284418,0.9023441251016096,1.1794644593739414,0.657786272445877,2.1638961896151785,1.347459390276684,0.7823353592443429,0.3985076768506034,stairs
35,0.03462272438504588,0.1947885960328007,0.12025377002808571,0.0,0.0,0.11005031377564685,0.13671964633947575,0.17412995592603314,sitting
26,0.12086008774219642,0.0,0.1721538026006038,0.006507607026112555,0.0,0.3823781386517901,0.0,0.25655359085550794,sitting
29,1.631548136467925,1.0099478645751994,1.1372467305531486,0.6853607171048789,2.260923360143239,1.5007922941736171,0.796731201500424,0.658376854138911,stairs
33,0.10057054050114679,0.04630411295704295,0.018094615144662825,0.0814520784146012,0.11817945693271599,0.2448843692108982,0.08948154475451145,0.18021342334220897,sitting
4,1.5846242741261976,0.8788925791642881,0.863287985905107,0.672138456602811,2.476637754022547,1.5809384803901312,0.8006005991656132,0.617068479921884,stairs
29,0.20358951075254816,0.0,0.0,0.15282459463659312,0.23977832784964467,0.053473093310208636,0.03840176459362405,0.2590019371756373,sitting
6,0.0,0.07278099582781941,0.12469544921806078,0.0,0.007400254360066957,0.05109630757288322,0.0,0.2232501716603736,lying
35,0.03975096680727714,0.11838940356701638,0.027504311978511005,0.10097550980163678,0.42930041701153454,0.3181223249708355,0.11176893450960407,0.3477308441213338,lying
8,0.006525459703337844,0.04390535537043487,0.015663850000792328,0.0,0.05132436778157967,0.15307643061088008,0.12176352440247715,0.28603884606918667,lying
31,0.11536733643732508,0.19908689399308835,0.09680741485435915,0.14645306043870832,0.0,0.0,0.10160234700645279,0.25935469426828867,lying
32,0.07977380662408928,0.0,0.024553231642136082,0.1395401036830554,0.16628450902927133,0.17347004321412168,0.09154150622459153,0.3754063133995488,lying
37,0.2696801245931233,0.26545062319732166,0.06913828112844222,0.0,0.17119069975683268,0.45056926289536153,0.1349540991953794,0.36087476758980086,standing
15,1.0687885735755922,0.8545798035811771,1.0097442023411443,0.8893306958100634,2.480019072402635,1.3084025917603344,0.8501166779986998,0.6952924332366602,stairs
17,0.4446564326442678,0.22651102011125807,0.24732226478709562,0.0,0.09831922673938377,0.45059762325452357,0.10519717950006922,0.37466686770681656,standing
18,1.266558772634185,0.7246227209210697,0.8760643407552142,0.5461184624816912,1.6247583551658846,1.0942618593213362,0.5153658278336823,0.6914896829349291,walking
15,0.23363320262627046,0.12239304563384831,0.06557477153569424,0.0,0.0,0.5390141980517398,0.0,0.219286132572254,sitting
39,1.2792307470689488,0.6587853680316029,0.9053484278902475,0.5414982569282352,1.3593534467236825,1.2327696099294414,0.5540676039599748,0.5885723338496716,walking
38,0.3937822906734826,0.19920616760336096,0.2471748378817382,0.0007883535571534678,0.0,0.30740132232858874,0.11060140722947066,0.3471127254479712,standing
13,0.3308865920727141,0.10833327139154006,0.046343643510648284,0.04749165804478314,0.0,0.0,0.09120905266353001,0.2341986340603902,sitting
1,0.06317649655845581,0.0,0.06198775909122243,0.10950333082873254,0.0,0.443463216764207,0.14212274067363817,0.19532886105682915,sitting
16,1.0380835392264158,0.5856917872676266,0.9211150075695005,0.5587458272524213,1.6106381890542,1.3034080890529636,0.7309379612812885,0.5530348759633069,walking
35,1.5118918810713264,0.6828875142906701,1.265973584978618,0.6146573080513194,2.3097928753334176,1.4455406431754276,0.8621318881629508,0.680249726602882,stairs
33,1.2957033023705562,0.9192054628956546,0.8055395293734919,0.6320103436800364,1.9502777294602536,1.0385086763711853,0.6621694032177528,0.5169904435866777,walking
36,0.3367671637790549,0.1589351266149816,0.0,0.03149391269630876,0.16741541390034648,0.3546794577625295,0.04032162158035436,0.31836472601848576,sitting
34,0.28288306797142315,0.06279530840548161,0.119293910233686,0.14000278138774408,0.1566236669709447,0.3272381877249094,0.1575909597253845,0.3236908753782391,sitting
33,1.8220310751917976,0.9064849598763857,0.744734936515498,0.7000581803239428,2.1546446196234124,1.48320269315546,0.7713553088348057,0.6291374609581545,stairs
16,1.973256431618941,0.8385836497462076,1.3767140378355438,0.5186205913179994,2.2143525346178543,1.3500465958974153,0.8825808022690815,0.6702515747813999,stairs
32,1.524918058273045,0.7498016089404991,0.8403640234119644,0.27378305660328556,1.6854390074273389,1.2511525771336933,0.5115389439895079,0.5010392182233206,walking
24,0.26786987074147334,0.2155873504320659,0.21072455894570002,0.3382219560659099,0.1899197929693094,0.5787646614833479,0.2625226412675419,0.3719352968964041,standing
36,1.538122142850153,0.7961255555986116,0.9135311989578181,0.7128361823588977,2.328595160074119,1.4730334094867499,0.845332886543777,0.5958309667926798,stairs
32,0.14282111586047944,0.2734606796187754,0.14290875816645388,0.04976379576109353,0.028177646635243643,0.6354353547156224,0.24230668979992748,0.3325682113804134,standing
19,0.997074185156797,0.6019372727601854,0.6258456046415322,0.4564475518420802,1.2124977541920026,1.1508153672302075,0.5739902338972689,0.6062625586542585,walking
24,0.2300181311617408,0.10957288905963536,0.03279256533491211,0.15040097233208818,0.19598295157231677,0.48648253208233766,0.10827206607557129,0.21360660870685302,standing
20,0.17092004487226012,0.10525260836555536,0.23537212656893736,0.10976697246815353,0.0,0.1604802111960807,0.07377130121465596,0.2121862565536169,sitting
14,1.125549974297284,0.5985825755258732,0.44191947033684226,0.39590796051620747,1.5935471639984877,1.1862496219694931,0.643768922979021,0.6730943626513424,walking
30,0.20454427345447942,0.07327860644847614,0.17076006478553257,0.0,0.08922553576312851,0.1991088390590943,0.13999755303920475,0.2795474309330836,sitting
10,0.10023613421230196,0.21027184650994876,0.050774524145506934,0.0,0.0,0.0,0.03578357126320729,0.26394142206166954,lying
19,0.13463025969391046,0.05856426512366176,0.06841053829331135,0.0,0.0,0.018872893726703824,0.06875844208494422,0.1735208571675056,lying
7,0.02944189507999926,0.0,0.06743751907888179,0.043884196400659665,0.06909686769007292,0.1773734338466285,0.0,0.24436479295551497,lying
3,0.0035063390899582048,0.0,0.023953456354550085,0.06349103823749552,0.0,0.15350050381308558,0.1641565557959707,0.23349031561287104,lying
27,0.27703059126777896,0.20050145026158572,0.0992470178245703,0.0,0.13729546047068303,0.32118255722725764,0.0,0.26444598661043267,sitting
9,0.1632636757277683,0.053826950407628006,0.04309907447707106,0.07291892115172818,0.02971902149337089,0.08253549792804735,0.04423238258325965,0.3422655720628013,sitting
4,1.2343924373998905,0.5553857318245587,0.9279247687227292,0.4527087894123927,1.606017372112819,1.080565137733792,0.6401096194101485,0.5617917849044639,walking
10,0.0,0.04202748291030754,0.0,0.007128020784644654,0.2484443178631542,0.2923906806026446,0.0,0.1630752512641101,lying
39,0.9114979392719395,0.70038796300723,1.0611727382207499,0.5324315667766775,1.2637599877712802,0.9016191487906147,0.7616967143282345,0.47434928917445673,walking
24,1.1976680268315665,0.6693386585668507,1.0160116685686746,0.628477653914612,1.4740440312255447,1.1978600698393984,0.6165638180395454,0.5675994288187479,walking
23,1.5005424750833927,0.7015568165967985,0.7655617101173691,0.4015667941563458,1.667786442339231,1.0806818403789737,0.5630683520892691,0.66101030915209,walking
23,0.8288779938650792,0.585365548996141,0.9035269891877831,0.4534002191004092,1.6607288936271571,1.007807675313412,0.6389337439418507,0.5188339482797533,walking
2,0.3299842883982032,0.21296982810390014,0.20119010631087858,0.04094259950170917,0.12604190366844187,0.41920774928091403,0.19441036991330413,0.2329641379888763,standing
19,0.08857317011106101,0.010461254066313617,0.00826379056422679,0.0,0.18868471806668516,0.2190946107503,0.08666265436502779,0.2514729963617537,lying
21,1.124053634823222,0.7361365589585022,0.8365790113317843,0.44531580185573455,1.4222191582323125,1.0507629536977423,0.7336056128719517,0.4614170790299291,walking
31,1.6490154270760553,0.872452813242122,1.0662318072585322,0.8028143746642696,2.212414109847765,1.4888445255125535,0.8398757269152919,0.5358026722482538,stairs
40,0.12042128638944026,0.0,0.03414783701054694,0.023356009612532338,0.0,0.08553595268230225,0.002410055804020546,0.25220269514723387,lying
17,0.9726303794335561,0.8244810060435183,0.7304236817130538,0.4561181809761065,1.5049913418782683,1.1878831318056702,0.6263312119847989,0.6794025107092976,walking
2,1.211654980542589,0.7784767614847692,0.7814492659297313,0.5951613347308986,1.6578483616288027,1.2507966497630747,0.5847956114249239,0.5088858299277121,walking
32,0.22260260077322078,0.326459311548422,0.09554558533560457,0.10727439821580737,0.06296463901187849,0.39428805214610985,0.17071564614495252,0.3301990941990395,standing
35,1.4134638414195255,0.8049217051471809,0.7549702147874975,0.6032289921250162,1.5286655223904024,1.0265847602033822,0.5776165771223409,0.5897204832673518,walking
25,0.12695268854762876,0.0,0.11861647793500477,0.07000962000548117,0.1514305478086866,0.031977551014193153,0.0,0.3023647601024684,lying
25,0.0,0.10436559000913238,0.023098352025446904,0.03904733817156632,0.0,0.0,0.0,0.26589220271017255,lying
11,0.3254842398892417,0.22476151333707406,0.13688982793822235,0.2500097365527351,0.10758747183171831,0.30876927805691723,0.062438447141616685,0.31798584640721195,standing
35,0.2868171044730611,0.051180525102526964,0.11119951066378607,0.17751828489083188,0.09465071638392454,0.19031238977270926,0.07511002762236728,0.27653095316895376,standing
4,1.946449792815533,0.977192640076412,1.1556187972134218,0.6949926098623674,2.135468328000197,1.5794004594218911,0.8246648423485183,0.521645290231584,stairs
27,0.04779740507620287,0.0,0.0,0.04161775241856454,0.2952122189589884,0.0,0.07349335021624012,0.18029551998705207,lying
9,0.0,0.1990835765913015,0.07458054807171324,0.0,0.0,0.2918989891707685,0.0,0.3574929731714687,sitting
18,1.3897845139230167,0.5828136356676754,0.6220887811933771,0.5147067609197131,1.5944560814880904,0.9939082913532303,0.552387024083642,0.5767965611001015,walking
38,1.2468994101861828,0.6395864893439213,0.8124693290085722,0.4991258244207048,1.7133823863387674,1.0321763182197825,0.5304770404699319,0.6044290450356867,walking
20,1.560670733259367,0.6289558547424743,1.1856722760496727,0.42343069266986266,1.3509305143971195,0.9496684686384667,0.5865349031575084,0.4651484809833883,walking
5,1.3411172744229947,0.6137468354123002,0.8076408120320648,0.38844589401032226,1.5786619662740715,1.1546930531318527,0.6145733145969492,0.4971017573705687,walking
15,1.6103231636320317,0.9147219044701917,1.080657497369242,0.7002761213165936,1.8792035208838533,1.4234564043916345,0.8608843502084975,0.5615008200761856,stairs
37,0.0,0.03634193960333875,0.0,0.19089132591010638,0.10978984102979228,0.060769714490325435,0.009000164835960441,0.30569180885909375,lying
33,1.3960160265310564,0.7465053552032715,0.6399086710270379,0.39534850752364625,1.6937532440200718,1.0460640388388405,0.5622837422806649,0.46620454507542364,walking
29,0.19247714850382602,0.05463262207611775,0.0,0.14000188752991202,0.15585943060834273,0.0,0.0,0.32657422632213984,lying
34,0.26717858782388676,0.0,0.04666709750457422,0.002084464853000137,0.008068586859912394,0.20405479629860102,0.0,0.34757177152629537,sitting
37,0.8744507194509865,0.700476939999474,0.7714589122022644,0.5919328511898932,1.4961717107199086,1.1588746475688387,0.6697644926278958,0.48605170983493184,walking
10,0.9673975248055319,0.8179354587482708,1.102883483090595,0.21332005425387884,1.564569848885712,1.1856801650824251,0.5662052581232948,0.5095739526556003,walking
38,0.3363141107541252,0.0083908306230486,0.09325792479492401,0.07491307356859915,0.0,0.3623481603015623,0.10850612336098998,0.430427401142951,standing
1,0.08625551351653704,0.04457444884392119,0.0,0.06885546631931591,0.2291816947789547,0.3854330423519815,0.0,0.276500452970733,sitting
6,0.74747735757352,0.6843539584364524,0.9216154615049842,0.42133551256207163,1.7722033793759793,1.127777319032148,0.5849280634183919,0.5637046003840894,walking
33,0.09990144053711376,0.04443615049928715,0.0,0.0,0.0,0.31726323712663873,0.053684924096572724,0.26786458990317974,sitting
22,0.1348660844725771,0.07717317208625649,0.0,0.0,0.06796973974019169,0.1312599863616134,0.0,0.3942267968463773,lying
40,1.4381652457308707,0.6290292284535096,0.716646165045349,0.3290526299682256,1.4121180589853903,1.0582984146795937,0.5914410222698275,0.499459289596696,walking
31,0.06725330119622686,0.22808470543365195,0.0,0.0,0.062488904878786916,0.3681325157086657,0.0,0.32095800120630474,sitting
16,1.658959928338131,0.8680782698529015,1.0391378043540207,0.5829752812847684,2.1223645195760077,1.616669745776682,0.7798630376118567,0.6597847742404377,stairs
39,0.23415515719388996,0.3096799205514322,0.1397801775123262,0.1261554872785625,0.0,0.34768914111751514,0.10265826237682893,0.18228843919529747,standing
4,0.1868770751673012,0.01217291402740403,0.01513098633506725,0.0,0.17276577249097474,0.5547364527045535,0.09228574072440102,0.355242708480334,standing
20,0.5875905144714774,0.1685177291975158,0.18414011529350402,0.08043082967038825,0.23734733355410645,0.4084369458815671,0.14476593454099693,0.22025875043851878,standing
8,0.12458600807757039,0.09095716202825407,0.07561213352521612,0.006828517699217076,0.14100740564327374,0.19024599818111204,0.0,0.17956202684014938,lying
36,2.143945762677449,0.8145255116215661,0.9461705942202805,0.6635874022529894,2.2655786587604805,1.5030637471744508,0.7997998843268244,0.5636335293004061,stairs
23,1.3229026802255983,0.5765435244991877,0.9562567392866371,0.612935683419337,1.6741104148785062,1.384164583145185,0.6579892178295982,0.5416043928911642,walking
25,0.1879845525951289,0.1340999354380849,0.0,0.0,0.3452418612587659,0.04454936248164634,0.0,0.22133604072813073,sitting
2,0.25165488574947026,0.10714092516055299,0.23674907612977897,0.0,0.147589027390849,0.2818945511014401,0.13328881140423404,0.33331337784720366,sitting
38,0.16824666684556938,0.10426603150317446,0.003173292032532672,0.0,0.0,0.19271655335762866,0.06762267363072108,0.3481586058408921,lying
39,1.507046793496502,0.8512467942914723,1.0357729746918687,0.8065474801850943,2.3699760933859473,1.2695176511601958,0.8950837172152109,0.6214481967734821,stairs
5,0.03953874359110004,0.13618293013165844,0.0,0.014613345965294624,0.0,0.21978703109720457,0.14388565413772603,0.2189221318744007,lying
4,0.2992634656131386,0.06299276141936885,0.04092006403845919,0.0633811667363889,0.0,0.20236897423353276,0.16699655908257932,0.3205511652500166,sitting
27,1.74613200368999,1.0311498682876006,0.9706995543291599,0.7595508189465758,2.4506973608328586,1.5644958441733043,0.7246779062834587,0.4987229074851247,stairs
20,1.6008223778962394,0.8724099566350791,1.1868898865481075,0.7507237524684358,2.2809995269161787,1.4525043280324437,0.8334565000263348,0.5784511413802301,stairs
8,0.21106662607307017,0.03988547369565493,0.02598089466603179,0.0,0.25833171918268766,0.14279348391885105,0.0,0.4025302920277918,sitting
1,0.1516096825564952,0.27637249162139865,0.17087704287324174,0.015736842719585628,0.26981809521320854,0.3909336439562635,0.03037782552036769,0.34959263415778397,standing
33,0.11654121996446165,0.14871587338116415,0.1432680996685269,0.031597754677381316,0.07814411765497058,0.2079551989124634,0.08403844700777091,0.33222533028784507,sitting
12,0.16685535833022663,0.16617308150984397,0.0,0.05784182583466116,0.28282780877574143,0.0,0.029074354822077833,0.1345916736621637,lying
28,1.0317811126460505,0.8160311562220098,0.7456887450414609,0.38764783950093856,1.5223725739592775,1.1604113713791238,0.6033386972413047,0.5002146111262963,walking
1,0.4030016748478703,0.04587488588524463,0.11959696034738326,0.14811314846168264,0.0012044676986141256,0.41747858514033315,0.0298664517406404,0.2797733419098799,standing
38,1.796697610347362,0.8919145598314001,1.3799312448923313,0.5565119413085432,2.4163479757696793,1.3639026209971357,0.7132726894680801,0.5924569875505895,stairs
38,1.024670118134598,0.8360319930047315,0.8399602619396086,0.5473551356611384,1.361285591947684,1.0988045324146307,0.6841746448599229,0.6117808119684597,walking
33,0.14837357618509678,0.11716184962862153,0.022067662106621894,0.014756210407604706,0.11482879067142328,0.1560164235943039,0.17433810370539515,0.47106361106367967,standing
37,1.4753024293609165,0.9585120999233981,0.9498915614471148,0.5497189075288749,2.0531504975730073,1.4399798168198203,0.7646552518512058,0.6008622440460367,stairs
33,0.18845840181392698,0.0394440209613456,0.06360649605923338,0.0,0.28691464582283044,0.3011217980519616,0.0,0.21022815554713783,sitting
4,1.3765594653675068,1.0968640366198725,0.8329536316799648,0.47336141463889314,2.0839056270473093,1.3965501103355042,0.8433596935047719,0.553441393847199,stairs
15,0.38946906094408906,0.34284283758161743,0.13619451448975442,0.04408958660845788,0.21661428489924572,0.484039287318101,0.13470071773915462,0.3141907248309585,standing
8,0.1263997532691709,0.1107980864259825,0.08174444221291147,0.0,0.2465478329055544,0.48304786067597505,0.0,0.2659886956359256,sitting
7,1.456410711483883,0.7066476560028491,0.7253996087610791,0.46909445155828033,1.5071866909405296,1.1935252261043034,0.6154500628482252,0.5503381961120194,walking
32,0.0,0.19823742021849186,0.11872831913074466,0.22969293461180437,0.32787392090970546,0.0,0.11879152652800806,0.24780597714517366,lying
35,0.09862563441008307,0.11997811175171857,0.018291634142235252,0.08377062648179637,0.1684863241896407,0.5498042115519651,0.16124594095511946,0.4097633924711062,standing
34,0.38288337708385634,0.25276095754886213,0.0,0.05074583328372437,0.0,0.5219090879903786,0.0797985140738619,0.1934341730887876,standing
29,2.031601399035595,0.9321956918695073,1.374498078286142,0.5271548555552374,2.455720594523572,1.4804965983702958,0.8757571912899215,0.6589933605770995,stairs
18,0.3198179878924505,0.0,0.13569458891881075,0.14366187995850216,0.10537023248698643,0.43862025114273834,0.17784127957754858,0.2966989739223924,standing
26,1.9173623910020265,0.7784973505314332,0.8704959522392646,0.9082829459336137,2.536172899300222,1.1210412648640138,0.9572528131447993,0.49494327569329977,stairs
11,1.7600111291650407,0.5564597761336578,0.5968069797972703,0.5612015036247509,1.594236966052216,1.1885528273936472,0.5673890523418023,0.5937334183122237,walking
31,0.25759588175023407,0.18180079030289512,0.10511857655695901,0.1345908420688097,0.01095603812984284,0.31740947006023135,0.014168537051106461,0.16450939231066816,sitting
33,1.0963708902356846,0.5752642512567119,0.795579844399611,0.6131638669176959,1.6862331918984546,1.045535658314377,0.548518105538617,0.619031851736009,walking
4,1.3150920320636335,0.800638381506299,0.925738127633254,0.5403795530977344,1.670370964595708,1.0355231444520259,0.5245338771260365,0.5694019845760656,walking
21,0.18292477329825788,0.127353473245325,0.07233405043823715,0.15792408766953128,0.22613124135672105,0.25463649060973226,0.03061488188910625,0.19034964065797833,sitting
3,0.25523297112313637,0.2150724133076833,0.2077073434220463,0.1862998135106037,0.14422329344936047,0.26065135530347566,0.12326415469805288,0.38098914918063725,standing
28,0.16631742813922248,0.17967996310084516,0.04449123882096443,0.19837575999120538,0.4750441449363948,0.1722902383445155,0.09507765909589434,0.29814741454769045,sitting
11,0.26499268433114087,0.17442681759463927,0.08592192491085379,0.03849242382499368,0.2460788874884781,0.7340983377413288,0.12090001656652466,0.3259037529822688,standing
30,1.1949950175002557,0.6318501995502985,1.058295663113647,0.5885364551172821,1.530052156257729,1.231325143417312,0.6243404420600831,0.49845911403641247,walking
31,1.4426637224619023,0.7217418345289272,0.7288667621540316,0.2689539235404269,1.4290038578953876,1.1780730854623482,0.8073315665403361,0.5237267673656428,walking
33,0.09724709940741247,0.0713591668684344,0.03531927489181001,0.0,0.0,0.07987415865770958,0.07474206601356698,0.28056148951277354,lying
38,1.559172834321905,0.5373328542645017,0.7703136472267761,0.48926839391989635,1.2915456715900617,1.1448343171830657,0.5696050538800725,0.504037004174516,walking
9,2.0692800308278563,0.9061057975829852,1.0598108298072866,0.8126390887379683,2.0624897826831243,1.5124934979790496,0.8304623073855852,0.6823917838591275,stairs
35,1.776954348127509,0.8856970178974942,1.0252941215789433,0.5971261155601185,2.5371431615647473,1.5649400196057424,0.7533600303414747,0.5498822791991983,stairs
1,0.5463791360805167,0.06966886672249897,0.05279194408385167,0.04837424678982676,0.0,0.4253833641252067,0.07081056431964554,0.46796229202619744,standing
11,0.10134971167960849,0.15793445782138982,0.15572608067790913,0.0,0.07109919812800054,0.28598825637857217,0.09320284740933944,0.11966041969037347,sitting
20,0.5251059368589874,0.28277606246167264,0.03882636924362813,0.17369178900334956,0.0,0.3879574177282643,0.0,0.258833810309563,standing
7,0.06680657551379764,0.12589753989142927,0.029714761974803244,0.025669358692782147,0.0,0.3750976743682374,0.16987934137558636,0.21732329523817245,lying
24,0.2098077576648227,0.0,0.0,0.013409812990723038,0.42011953429024423,0.19470532740032487,0.16229183851966167,0.08520665612010286,sitting
18,1.004905904741186,0.7356145228302485,0.8543935809100386,0.5410868583006098,1.375801382790836,1.3024395609808403,0.5430571749483174,0.4319789873607236,walking
24,1.916372678846635,0.7951528432018203,1.2402387274919018,0.6498805515789124,2.1586177485085143,1.4456866530559598,0.8110130566789288,0.6229483778313625,stairs
20,0.09826282600732789,0.04804969640537449,0.035266607090308696,0.12706509045338987,0.14191272315494646,0.0,0.036529730152272843,0.16152601082184675,lying
20,1.1574263073977515,0.8246011858729609,0.8053705516776578,0.6382774514922531,1.6964030646369788,1.0678162898223105,0.47763401038946857,0.6270037154879262,walking
1,0.27607020377537095,0.14158172111561473,0.0760842917491227,0.1305401190542056,0.0,0.15396282235157555,0.05278584888375769,0.16167288633903976,sitting
33,0.04190307725304794,0.059828140980578745,0.011049280429987908,0.25790734527889714,0.0,0.0,0.06557624592199784,0.3771485541671942,lying
7,1.2319274544520105,0.6570395680777222,0.7920302533100945,0.40808898746771605,1.916215465625097,0.9311370545040547,0.6178960042460375,0.3894453179027637,walking
31,0.24871267466544772,0.15501234646673015,0.0,0.06994856526368273,0.20589754695359172,0.2992783693704939,0.1458046390104038,0.24287905603807125,standing
18,1.3261777649776763,0.9364566886020412,0.7999787284605766,0.7120310681161293,2.3420467330194783,1.2895882684792328,0.8131658446352966,0.7036536616535408,stairs
5,0.11771388794954304,0.18333442786953366,0.058917356032069185,0.04423775931667523,0.0,0.31504035210752246,0.122283835263231,0.31345502466734426,sitting
2,1.2744400098896884,0.7474134226627223,0.7306196798635336,0.4803233550305179,1.456979849562786,1.2024724627864374,0.5391575873078055,0.45803730937892617,walking
18,0.1119282661914449,0.03258168279855107,0.14235142932646525,0.0,0.0,0.3929667811422454,0.059046265904915726,0.273523768328519,sitting
13,0.05026083889159863,0.07472546147106783,0.1006043942846711,0.018868793913885237,0.04300221660134873,0.011152256789692602,0.022961632046300605,0.30393902916927423,lying
16,1.3489596802097663,0.9089165780800681,1.4143668023494351,0.7045649497715166,2.5828790553650927,1.205217986471892,0.8748603978512975,0.5477437418609621,stairs
10,1.311453492733941,0.8312944528250319,1.3700487587260277,0.7807209436782184,2.1433230784310284,1.617719444376177,0.9178500926849142,0.6455855673647807,stairs
30,1.6889148878124363,0.8778229724491455,1.2660694086450905,0.661093479799408,2.2810096519564373,1.5244611521583338,0.8250228288100445,0.6836443237652229,stairs
39,1.4453055213361008,0.8328627830499626,1.0538772100450815,0.6473474298840102,1.9900937865495676,1.5430049438020648,0.8179525644116676,0.6685901935250199,stairs
16,0.35427559392601354,0.17976584665819614,0.10755383605302785,0.02471173453840246,0.12151803457704194,0.4790397899672729,0.18081348727927304,0.43680189797349517,standing
21,0.0052051134011644185,0.15163367502311595,0.025310753283200413,0.027218098291869663,0.0,0.07425649552623509,0.0,0.29345513848209,sitting
26,1.5517453817019908,0.9486868102903229,1.170371421145291,0.7370056295859084,2.4149830472559066,1.5497593713070665,0.8887633657923598,0.6641986447378885,stairs
25,0.8796960833873111,0.6136876130451973,0.6444315271880645,0.4513223039925376,1.544232673850015,1.105135008577606,0.6424336667588143,0.5695107962819208,walking
5,1.7945936183555415,0.902349475275291,1.1678252137280338,0.6778558842703354,2.4053422453088875,1.6317333253496444,0.7932117033031556,0.5585350562060389,stairs
2,0.1648765516834765,0.13913144477204784,0.06751374319513817,0.0,0.08200013785364788,0.13253199893948842,0.0,0.19328029920362003,lying
8,0.1964583309506966,0.23873546710955262,0.12442101635083988,0.06902741914899295,0.44197646284237213,0.43617059982919476,0.09478805554193034,0.2997429511712989,standing
38,1.3823540664864942,0.8151363953656745,0.9284471744276612,0.6301955521913979,2.201312320069073,1.3784735941822057,0.8273612367439955,0.6799551248200952,stairs
37,1.4914841032819683,0.7504949247847453,0.6589094708412877,0.3767467936981939,1.6148277460886848,1.0649524401992279,0.7122074549281039,0.5601711944561357,walking
10,1.2920364730359903,0.7244253668945934,0.8692702207777654,0.3744192284766235,1.516411852987769,1.0243317962381773,0.6234545897453608,0.4289530818800973,walking
38,1.12652870259814,0.824224687729912,0.8343372152245729,0.6055838398644322,1.5689276135648118,1.243680958301266,0.6986604551618907,0.5405863874836032,walking
28,0.1910352017915124,0.11996946067266681,0.07040648212657638,0.22178820917449094,0.3797567601853473,0.5505194973282657,0.2145913617114336,0.2746259946545531,standing
16,0.32871158182371235,0.18394060332800327,0.0,0.06876919264372017,0.13132393473295464,0.35524416312652574,0.0,0.39487864142493867,sitting
7,1.338636962278429,0.8341175337699267,0.9523677731565331,0.48785968422260273,1.685204048131486,1.5235124129255821,0.7529768767007133,0.6190321507178246,stairs
17,1.9825216900095166,0.9002473508999865,1.2572959249920355,0.6001561447019619,2.460146773510617,1.259827963757453,0.9163568382572698,0.5069094055574224,stairs
20,1.5699668697505669,0.9487990623568314,0.8309643847626823,0.5323886921261235,2.2915825770823157,1.3880013328986587,0.7629266991910526,0.6700921375846391,stairs
21,0.16172544634367578,0.2686360241762006,0.17435053193046243,0.0,0.37842305753094974,0.018858620113454988,0.05036736110567901,0.3185189530732095,sitting
18,0.1691975663585342,0.12852157500781028,0.020673160314480667,0.05671254371357605,0.07690492667044085,0.1200471643856963,0.0,0.19816441229037277,lying
23,0.3493867642862099,0.15608041280982657,0.20102426496692966,0.0,0.2952187999735441,0.17474182867080376,0.11137447159079973,0.2823700046347723,standing
14,0.29387734113400377,0.21189941998797662,0.15493822055241108,0.2738898299925184,0.0,0.3712776140670078,0.15971412974723292,0.3675267920957058,standing
16,0.0,0.10604695536383027,0.042891574234714964,0.0,0.0,0.0,0.11738298260461766,0.31883600927123684,lying
40,1.410917450033867,0.8356031576939861,1.0751114703462603,0.6067084089884762,2.0628415497187964,1.4397192194281951,0.8780194451899193,0.6609009483134316,stairs
8,0.9896869403574513,0.5019179767534865,0.5944090135584315,0.4772329890473968,1.3607019652077916,1.2854002418605734,0.7274157304808812,0.4920995503678203,walking
1,0.0,0.10173168365934784,0.0,0.22502186991415862,0.0,0.2648432988039811,0.10838546822879405,0.27853171161924983,sitting
18,0.3854063512270364,0.09569846338576565,0.09284910472289573,0.08743942072743338,0.0,0.5338645640914302,0.09353631976906582,0.3432811412031179,standing
32,0.1957687084826816,0.0054026892890233075,0.0,0.0,0.0,0.36566054429675976,0.11697671004041957,0.17828423875240212,sitting
38,1.6277336740496076,0.6708634431380625,0.5119280804131816,0.40317174271496414,1.7092533951025997,1.343092302199872,0.5990445972189473,0.5059625545633548,walking
14,0.01982025421610837,0.10074177371914608,0.0,0.0,0.26733713882202126,0.19815139037388063,0.10530597011312337,0.4299821804950855,lying
2,0.054068577092964726,0.2203381830593627,0.17325339416308788,0.06924272581689826,0.11147100909034088,0.0,0.08001918258731859,0.2987098023187738,sitting
31,1.560833783570512,0.9500054631088769,0.5667337030501373,0.5737156982386818,1.661428657591566,1.0961727756857502,0.7595503770144943,0.4779994744749656,walking
35,0.03573353293494866,0.017508681021664765,0.11974422128727297,0.06428607904709696,0.18954500109455502,0.0,0.011150408470791639,0.2611431503732964,lying
13,1.5451196415956718,0.8147228118084665,1.2326532831179133,0.5457829632053116,2.2913587219397753,1.5292950653883781,0.6727104857622686,0.6353315671013389,stairs
9,0.06661596116609413,0.11493359873898584,0.030652796110694824,0.0,0.0,0.37223191365620667,0.07488977807210409,0.299742857665871,lying
19,0.2136591178554051,0.0,0.07813604176655364,0.0,0.13172929058312005,0.32373532203116767,0.01415614378133423,0.23680620026389534,lying
11,0.19479824163487286,0.21383044716128344,0.03085756275689619,0.0190797987531207,0.12004099211603508,0.40279238521668587,0.0500636084271147,0.3588366922029438,standing
21,0.43209975833026826,0.00905007587178927,0.11351733899468308,0.16241446777463345,0.11075303865120385,0.5751428984524682,0.11861765508694841,0.5028496677395459,standing
16,0.17287804524085076,0.01760008643305143,0.03125705561928163,0.05586151722490556,0.16171546805141873,0.2580073033146259,0.10936578145914173,0.18153019583302105,sitting
23,0.09459924691138456,0.0,0.09531408624923662,0.1477365143970746,0.0,0.04784772573096601,0.11411343593625733,0.2827454386146354,lying
26,1.637913982339717,1.100127932221959,1.0103553427976628,0.6526767736585412,1.9568187971131343,1.3693584524895739,0.8361792449139144,0.7534508878008573,stairs
37,1.8161285424190972,0.9187538284328183,0.9797784965743666,0.5893094788897812,2.167283203302215,1.4722334668190842,0.9038987071263983,0.7148803173172742,stairs
10,0.14990816447873662,0.29897707275549296,0.12072590093312972,0.0,0.0,0.23566189360955644,0.09758038522872584,0.2706908963698954,standing
21,0.177620446298818,0.0,0.0,0.0,0.15192033035632335,0.0,0.0,0.3401967772120313,lying
1,0.2790836321261916,0.28400534700481345,0.0,0.046826569280855795,0.0,0.47390848816046094,0.29596164090583565,0.3157086750861014,standing
15,0.1073268958335496,0.08064609805301146,0.0,0.007126121860294318,0.0,0.42882724669479866,0.002749687427892139,0.27593403567194086,lying
20,0.2281177924188833,0.0,0.27079495220148814,0.0497689701585385,0.0,0.30834142853345886,0.04611264209313569,0.28598795402166494,sitting
1,1.5757024525341834,0.8145395554983492,1.2911736181433628,0.7123405395515121,2.2006886601091686,1.4728874455183365,0.870131648759852,0.5362664562582548,stairs
31,1.746209806869566,0.9522053900722011,1.20540458224745,0.8043968841779369,2.5962410822297732,1.5618724487443831,0.7307699897761784,0.6459347284594051,stairs
31,0.3424000899955485,0.0,0.05797700842649792,0.0,0.0,0.15930002115269776,0.11811677904021742,0.3073026292611766,sitting
11,1.7152177089437413,0.9689154834089104,1.1711592023342288,0.7081291660608142,2.0008742979325405,1.2758479549861497,0.8964444096861047,0.5556260714042941,stairs
20,1.2389063081716492,0.7495763079453133,0.9263119105445122,0.4429783880483406,1.525396094991456,0.9867425856780845,0.6091253842022734,0.5539794728446938,walking
29,1.3735995006932735,0.9054983338636908,1.1518198882826276,0.5884615331895526,2.0768984861447572,1.3488090182928028,0.8342208403414144,0.7420561650373935,stairs
25,1.2392798743086622,0.8664186167986621,0.8469218844075211,0.5354576190034388,1.6466149136059547,1.0418690175229286,0.6497031755517313,0.6143913935290035,walking
12,0.3020184117795037,0.14182643294509176,0.05083854435409793,0.1348939533154101,0.04278021074399229,0.37817979305672433,0.15086965548429337,0.4609589542709233,standing
31,1.6015452537202097,0.8644358003309478,1.2031361119510549,0.5802334918073392,2.1524661625887247,1.44017345968587,0.9089596496502186,0.5770251835991449,stairs
26,0.905431008032436,0.7509106583254007,0.7864255222508871,0.3568320920331246,1.4884294275005192,1.1902300817924085,0.6114130450877926,0.4426675495038004,walking
3,0.15217474491213684,0.0,0.08256539635823665,0.19135115944666042,0.03752719707271602,0.31270667828489523,0.13667263401561283,0.30708258675291633,sitting
2,1.3607595346848422,0.5502178251419443,0.9123656563984108,0.37125671117161735,1.511686491905048,1.2503842768056084,0.42343082783749086,0.5905044505718104,walking
10,0.1879456285100669,0.04116968315366896,0.04753136495533192,0.0,0.04373000823268271,0.0,0.00467723511492156,0.17468782020061985,lying
14,0.01041801147502118,0.13211135164483673,0.08722443875407276,0.06982637884049732,0.06031442231142177,0.29834610023356856,0.07656057408499906,0.35326010821345577,lying
39,1.193525773416062,0.8378420515614642,0.7787070439683629,0.5305341180952431,1.6438631751550734,1.3260404644466253,0.6032345221059369,0.5160131677205431,walking
25,0.1304710900545863,0.010976812862275961,0.09256912744493236,0.020674431694294074,0.0,0.35540129247303337,0.03709944471305422,0.4806244730489926,sitting
13,0.13689893435958592,0.020729139684629666,0.04164932164704354,0.015629156596881133,0.0,0.20506618260185855,0.1790845100748294,0.3447026424786537,sitting
8,1.8287667220647146,0.8990814826963304,1.0573674642020356,0.7000573969999253,2.0675262843131814,1.3584043208793422,0.9039289760971597,0.560642672657683,stairs
28,0.38559959210710576,0.12222408129353418,0.2558607140693051,0.004337522085245946,0.0861681991654123,0.19192996713285193,0.13090288271769457,0.39296089979859394,standing
21,1.3261641679812102,0.6090586818969409,1.0512777399851383,0.4364990118390059,1.7721939773657474,1.133678729422408,0.6505572517076385,0.46584211829634614,walking
15,1.1817488166566787,0.7217704713365948,0.7548685329694031,0.5692158967929313,1.562260814579658,1.0876992595697366,0.5874094327266527,0.5267653084620867,walking
29,0.26977120439413044,0.20218859188545113,0.022421901934009586,0.0,0.07167104425625326,0.4081386811497165,0.16692880254535186,0.37242276378383443,standing
38,0.12605683735941514,0.0,0.08546095903670858,0.032417254396622186,0.0,0.39394554510776014,0.014913262806937985,0.2773787686308372,standing
37,0.06573753938164165,0.024646770513889,0.13218775196954838,0.14189608506139445,0.13872100632896903,0.2873021715941922,0.07170310686670853,0.25409292832368446,standing
8,0.13311450408000686,0.06347888818046354,0.068483100055649,0.07916628882911213,0.03131981979377038,0.3133486048446119,0.062395811507122034,0.20496338510334083,sitting
12,1.7903274172644184,0.8912634717713135,0.8917665870961899,0.8170642037853866,2.4135105418409517,1.5411293527156888,0.8842098538114899,0.49406345065722673,stairs
3,0.3012648238005849,0.20641059204601223,0.19886842598198945,0.09085388579473055,0.07149777918827063,0.277561568135647,0.1071023826818985,0.2836262237955354,standing
29,1.7915566429158858,0.8809972436561692,1.3654643261435244,0.5654415665099572,2.4714983819820797,1.389787526466788,0.7073089927365527,0.5425801326043833,stairs
13,0.08420672051585913,0.10012257095359395,0.0,0.0,0.16124381738055985,0.30491920765435265,0.08710224671003687,0.44973293558350624,sitting
11,0.07239194548572819,0.0577973305275122,0.1617990551299988,0.0942360677591857,0.14298459880632303,0.17871053263136427,0.0,0.24840325757833678,lying
29,0.0,0.22250147270590934,0.0,0.16494038799563884,0.0,0.0,0.13327817221959753,0.30827031453982834,lying
14,0.2893386176354879,0.2377507912528369,0.054872502251864186,0.0,0.015630482413022367,0.19053895230636786,0.1515977802718837,0.2614075534962616,standing
8,1.446747827762143,0.9546644403396606,0.8863817102467488,0.8499023140479404,1.9035602171403485,1.3908333268693418,0.8918602867436399,0.7788949114425814,stairs
37,0.0,0.0,0.07307615507204028,0.0,0.06197202012478241,0.10461993034518899,0.0,0.24824703390300207,lying
13,1.7702364127433192,0.7882084017973446,1.2400348499666802,0.6145569292918283,2.2116218049854313,1.3274392775795911,0.8988681117849296,0.5615301257279464,stairs
13,1.8980581728612913,0.8197660712869503,1.152582163212032,0.735206765472675,2.210359545164072,1.5160064481566042,0.8286915864961198,0.551611081778438,stairs
34,1.0686401436231816,0.7418924089992898,0.5241961460939017,0.3461989784631168,1.1662894495288956,1.1476572456558514,0.6038634478229586,0.48506443864830046,walking
27,1.5454547573771509,1.0174294768599887,0.898764757430417,0.764992362058682,2.284606848720364,1.6790148439678938,0.8340409958955644,0.7483899129404601,stairs
7,1.9684587459412815,0.9845127740882669,1.2086641375001774,0.5205895684767645,2.040582346907652,1.696231862343505,0.8266018661233904,0.530791635819808,stairs
16,1.0926141698935523,0.6782136141592141,1.012926741669194,0.5065768271567584,1.7022990837469583,1.289334359682187,0.638061442521631,0.5280608425031071,walking
9,0.0,0.06037367814444049,0.0910162261905324,0.17129402809549793,0.3024075631066059,0.07068594585871046,0.007122511669529433,0.18019568414747417,lying
34,1.7621997570884442,0.7465551781443285,0.8456651366478318,0.6712957213775784,1.9850937522153989,1.3397759902442674,0.7890838512664223,0.6279238906906367,stairs
25,0.06501542569275987,0.20269962921772866,0.18138199459969417,0.0,0.0,0.10364022427941395,0.14627051721090342,0.21729093147390122,lying
31,0.2774782459613759,0.19984116162847274,0.14275820077242335,0.19614165300365521,0.16050905462223464,0.5946954427785387,0.16944082946531308,0.3012171110936146,standing
26,0.28994714744690975,0.188756521778548,0.0213499705911582,0.05485082364463796,0.0120335564167426,0.499348411256474,0.09680278375018041,0.24526864345453525,standing
31,1.094285421421251,0.7962929880125469,1.0230451698617868,0.4645943841772626,1.2264622739154751,1.0729685046327777,0.627748646536072,0.3917197856695237,walking
9,0.05727638315890157,0.0,0.0,0.020177941793361232,0.0003678890454239317,0.04176119828062737,0.006406909922202397,0.2568588727309443,lying
36,0.27174619425260166,0.27469246409708103,0.09505378271813335,0.04698314843953667,0.034830797801495596,0.39283450182345137,0.016038030982152257,0.3034147873988526,standing
28,1.774631133139105,1.0668273347390864,1.0446004591574587,0.7276256392243085,2.1017830259489725,1.360675979811648,0.8344550896171792,0.621799102617103,stairs
12,0.16093522519966488,0.009969653519987132,0.13593270891896014,0.0,0.17269189448810993,0.2679541527117961,0.1851157343291045,0.21680870662262852,sitting
1,0.20298143870954594,0.18561577329244386,0.10181467339975903,0.00874022094680639,0.10942204414546065,0.23876354208202064,0.01614012471621718,0.3368879936454819,sitting
11,0.1699380270927695,0.008102230969151109,0.043776235260191136,0.09517952100139931,0.27270679675861303,0.26814517856992015,0.0,0.18826306130964915,lying
29,1.5862958397075613,0.6468892361420844,0.8276176975518638,0.3885552904831528,1.6546433148944277,1.1910871232413995,0.6402680524188824,0.5277398723002051,walking
9,1.534206769645813,1.0032826103690218,1.2203620285403383,0.734667722872267,1.935836389415676,1.3419846647275222,0.7705932772398987,0.63133978473731,stairs
11,0.07612420238486242,0.20654622157986738,0.1190466183658,0.0,0.181079810387211,0.327316643647808,0.13919163932141895,0.2553189674509967,sitting
22,1.2001738901025099,0.8311007218246769,1.2771602555487398,0.559879888290011,2.094413283305311,1.5623653968352023,0.8727703164307178,0.6090276041631653,stairs
16,0.2377112735491939,0.1480685375622983,0.06688767357095349,0.14499273927579373,0.0,0.5508786412466271,0.0986983876392,0.2142666103411094,standing
9,1.5339038618820797,0.9903820570666199,1.3812273341278005,0.5780130835597039,2.4265182602553077,1.5389206503081652,0.7849586874893237,0.6978226095407272,stairs
22,1.5441746187950354,0.9221797202871919,0.9447298530743149,0.8003509754984459,2.3999426886017527,1.1811205573588934,0.7323816105535094,0.5753559281160945,stairs
34,0.15511037885476783,0.0,0.1615858836718957,0.059270983244608964,0.0,0.245594784241693,0.08644917105777937,0.2538356077821734,sitting
6,0.32535336358195327,0.025543681658947492,0.21794795403030393,0.1436526606318096,0.0,0.14779917261133968,0.1440442962184962,0.31710078164601124,standing
16,0.3686286650850213,0.22073449177797688,0.19338079082450235,0.067540153583057,0.0,0.5099496608744927,0.1813548320651902,0.5501539770134749,standing
20,1.6616523345825958,0.923772570758763,1.1246647941573884,0.7922670922395181,2.043524987177168,1.535501592392391,0.6640262134591037,0.6291527085247436,stairs
10,1.1694450690704163,0.6143174463694535,0.9312531060965137,0.5500826026580297,1.4178765686634511,1.230172113018464,0.620945985631615,0.5333366510786449,walking
26,0.1504672952558632,0.11057953701174823,0.07930488557819776,0.013063903465165262,0.09769088320865672,0.36341901677974026,0.11180769030617797,0.23509377887364208,standing
3,0.09369310835233399,0.0,0.0021050061765086545,0.014415133041625991,0.0909528184759257,0.0,0.10377140470097795,0.33234754154662044,lying
2,0.07901077449433944,0.08751814038717953,0.01672927058801374,0.01947950180331653,0.03555384046105757,0.07492763394644017,0.09037788372876493,0.24019718553495473,sitting
21,0.265710782175448,0.23313151195437826,0.019217449919574192,0.11315985812554326,0.1458793073999619,0.4658280859756716,0.0,0.294081781598071,sitting
36,0.05595473145982337,0.20313892616756998,0.0,0.11211747368252828,0.057872115204324344,0.16435748241954484,0.045662377838352655,0.33686515723493565,lying
22,0.08232144925763306,0.11013252808964501,0.09436625279886328,0.17074948798703224,0.0,0.029435347387308936,0.0,0.11481497230628934,sitting
1,0.953223086338431,0.8078785864684428,0.8597371632932093,0.5647678546001459,1.5506557307521827,1.2299514646907495,0.48341378618660136,0.5059807681649988,walking
34,1.8533372892204727,0.96642954426348,1.310983314828563,0.6636395213390989,2.141051035237087,1.3624311657708976,0.8474876049312996,0.492496016581198,stairs
31,0.05139418632154316,0.19870174025458312,0.1275473974072346,0.13432134474546986,0.11630211565857512,0.6778103708157095,0.04571415277239356,0.2838122802687654,standing
29,1.6775059697366053,0.9735478830182526,1.2617479024457388,0.6979675430111758,1.8990093678847222,1.3924617295409119,0.8871289545718974,0.622630524734023,stairs
31,0.20177363058426545,0.0,0.04077982259386237,0.1701767314780909,0.04155921586009638,0.058521523797973506,0.0,0.33718435225846555,lying
17,1.9912523952298624,0.8940162112360603,0.8647925808884566,0.7240025516385458,1.8979269608914704,1.4676246856201158,0.8838015320462721,0.6158845936201834,stairs
20,0.28176100313295904,0.11510240508348465,0.08867364003157086,0.0,0.2053231113696254,0.1499703640267592,0.0,0.25805837507453144,sitting
3,0.32785983392056284,0.16598205234044194,0.09740297196389966,0.0,0.11630988171964102,0.4162548684384367,0.12780893733026802,0.27398856017339757,standing
33,0.0,0.12707405252601023,0.04433180324061409,0.0,0.0,0.0,0.0,0.23717955023798204,lying
11,1.4301229858615163,0.8137861318410256,0.9736392112628236,0.5232609034244989,1.6246415348224874,1.190167520394523,0.6913388705767223,0.5284640404547777,walking
28,1.51859249703759,0.9055432801036518,1.0493504114422905,0.629321944393749,2.263848465921076,1.51957776698287,0.7773288798739443,0.48275924111232393,stairs
8,1.7552301314222452,0.925347862200501,1.0934960762524153,0.7119338438960167,2.0603069851658042,1.446797470434739,0.8929400825511198,0.5083523605469552,stairs
28,0.27162806413223867,0.0,0.0682228234443212,0.24096687706900588,0.19720847823251214,0.43959793701167915,0.11425969637657657,0.28133530885231667,sitting
40,1.1943941401085723,0.7440933288591872,1.0148229381669247,0.4969591885004216,1.3584320856519638,1.026253098235371,0.6577627937458349,0.6080395960163376,walking
1,0.25616292859857603,0.0,0.119380787121972,0.0,0.5336992000340688,0.17806866310094044,0.0962062522552072,0.3980566755374183,sitting
12,1.0801186373546972,0.7660636571759333,0.6497977681626927,0.3965602938298615,1.7464649960645147,1.1396844510493938,0.5354860554164902,0.4765301200801647,walking
34,0.21501817688489133,0.15710130889134433,0.09130284076221327,0.012847642029934438,0.0,0.17036943000544136,0.0,0.1633966201882623,lying
5,0.21766882266632692,0.012460753503835867,0.017347602276892277,0.0,0.07487641074396904,0.3708776963206145,0.0,0.35974094314347943,sitting
13,0.04626424440640191,0.17867542397109573,0.08179716681178012,0.05687528415700634,0.26255030662222417,0.0,0.04704140043510757,0.32281555198030376,lying
22,0.0,0.07982414308052585,0.0,0.035458323932787326,0.0295999125769053,0.3947244114672613,0.0,0.3052139243834996,sitting
15,0.31189938880406715,0.132815945474324,0.14548293224420408,0.04708412753827972,0.09134596591347244,0.21835081388403074,0.09507544242956735,0.4126632487327921,standing
33,1.6988354383717188,0.8387972043414345,0.777760410326058,0.5870237030432132,2.3617694311407695,1.271869377678173,0.9589557551608784,0.5616126942287356,stairs
6,1.3417676111495624,0.6037369545789493,0.806353824811688,0.44745189872797503,1.8371062380014664,1.2070556994909594,0.6911959342326442,0.5071962599930631,walking
29,0.10527807204142739,0.2571454364411301,0.10663079621979937,0.0,0.156633670796593,0.21170461344819153,0.0,0.3651149729932721,sitting
20,0.30231008379152635,0.08078324830089227,0.18763443426488924,0.24332007480604528,0.00037941937677454796,0.37821434169365037,0.011052294551381472,0.3835594626293103,standing
11,0.42118316217086904,0.13926742582385523,0.21052933971766885,0.03228192133691794,0.054021352493841844,0.2843632902004265,0.11884183991092995,0.23949824822501292,standing
18,1.6422954967972405,0.7862270552658053,1.0571600990664685,0.5446567499486749,1.6434843989992873,1.1749528611582547,0.6182477008093695,0.591958949954229,walking
30,0.2982794431027492,0.10676295734835856,0.29395049514555643,0.1274279786696925,0.049110117287610194,0.29439836885082704,0.10559317462041405,0.25074298749104235,standing
7,0.19984146598566677,0.11875700554412916,0.0,0.060739402330087996,0.12775739401287903,0.0,0.06024842994439292,0.25467896804930307,sitting
1,0.0,0.14149462103902183,0.12144963143307624,0.06467582432301508,0.032666337819047556,0.11605859102644812,0.05533073154912507,0.17128055554235463,lying
35,1.0934595590543577,0.5771564209266241,0.6906437389902657,0.576163090816608,1.488081611330616,1.1377684011386746,0.6265390297247614,0.49570782343435243,walking
31,1.6648383121133241,0.808632993182341,1.0658332533958876,0.6809765815068071,2.497192436331385,1.4143109092181598,0.9207546392893352,0.6619857630275467,stairs
40,1.0995358854452448,0.6887128246192924,0.9779730348969079,0.5004304861536181,1.5860019705435178,1.1569539587109408,0.74489597925752,0.5433234506620209,walking
16,0.4551048825839915,0.13358234593694174,0.15211389727731958,0.08649274587724466,0.17293364092798624,0.24629794736944718,0.10780816921319826,0.25655371295344537,standing
33,0.07548143687666,0.0,0.04870543543313016,0.07354871567992685,0.0,0.13353162139789942,0.0030677532902725207,0.3387420811813078,lying
2,1.9552670889291008,0.8113335644851053,1.0125738070624122,0.6449328445943887,2.065913288047983,1.5187174510107153,0.9071448394143069,0.6588820914880645,stairs
40,1.1688198155970013,0.7272834305440139,0.7867818900453311,0.4617758468207842,1.9472947299168684,1.0746401881508971,0.6298972741101994,0.4424375390465697,walking
37,0.15620471767617397,0.0,0.18690107587491966,0.0,0.3724226866216577,0.24961130884048138,0.028253391696114863,0.280824763807196,sitting
32,1.5290759419431343,1.0236331473990101,1.2788600226516413,0.7564301901470086,2.466597272202768,1.167802324902829,0.6970672098134563,0.4786610430690027,stairs
35,0.041695039691827536,0.11475546775608478,0.06158566153456876,0.0,0.0,0.02453475715451736,0.0658142412341284,0.31671275446736663,lying
37,1.561228904483852,0.9418954308715686,1.3713026670644775,0.7075449723355628,2.3229063497431075,1.5167798445085916,0.8587966359877021,0.6000975427167821,stairs
22,1.1659476587451192,0.7278859239505954,0.8458077280755496,0.51367739142841,1.4474075646255415,1.1741959609879755,0.6812860472768726,0.5806661711203,walking
35,2.198317444733993,0.9399565345815643,1.2383856822726922,0.5921347729218206,2.362396585111546,1.409283018260473,0.854451036285094,0.6981675041098557,stairs
5,1.1586610512891906,0.5211085293034462,0.779949960817198,0.4457248587240348,1.5581045783791438,1.1716316897239356,0.5815264906195281,0.5569464773041122,walking
4,0.35916325090366097,0.1252256468999288,0.011271564941659873,0.0,0.20567200749842968,0.16917938034497843,0.0857661837150959,0.289243623643721,sitting
39,1.6872544754775363,0.8792220327441032,1.0298649613685555,0.6027651185234667,2.1833572776032906,1.2278936977000747,0.8175022314057093,0.7591104803956683,stairs
20,0.30557720068356364,0.28272922077151497,0.08002316042010364,0.0,0.0,0.24710430469715827,0.12792765338533535,0.3287567374342526,sitting
18,0.09599803644853748,0.07368402815814531,0.10211548388298818,0.0,0.0,0.19953940734774842,0.05081062611231993,0.2633767313225678,lying
15,0.3225735270960322,0.1510341270003609,0.08691350132752945,0.11293622626313204,0.022263961986757008,0.4671199633296025,0.0,0.43527625386500596,standing
21,0.26394903516422025,0.049842335464365645,0.13824675926930946,0.18742546404309746,0.3161507306479144,0.09542564936271543,0.1748309749723827,0.30170634038417754,sitting
11,1.7767669828073234,0.9733659967008956,0.6242446888148099,0.5409594509681992,2.2781578742194664,1.3924429786648915,0.9799178886818067,0.6149987417286376,stairs
35,1.247214143759249,0.7697415697499632,0.7107183339039952,0.45161533975762735,1.7342452815701281,1.321466120018656,0.6333667629276493,0.3456920581205499,walking
17,1.0413776443345015,0.5911540745646262,0.7297289877478507,0.4686332527740397,1.6559581882727614,1.0787971358924504,0.4673397653998071,0.5187189825880474,walking
1,0.1675118670363684,0.08252929247006474,0.16402056319705594,0.11502280830654808,0.011725075893289728,0.16964843291114357,0.06378935570637782,0.1984449626120502,sitting
29,0.09398924080960107,0.006894644899225852,0.022963700824454324,0.0,0.01974553134915076,0.22565279946217628,0.0006602589002625905,0.19375761468926617,lying
33,0.22420209505396044,0.0,0.0951747464191766,0.039083558369514604,0.20394512074158763,0.13049348912689507,0.02917938703286275,0.17628811710182152,sitting
14,1.0795067724891596,0.6796529148061112,0.7140170686922919,0.40123696015352406,1.6533921988280231,1.058164461195717,0.5197067788894916,0.399020112027386,walking
32,0.20983079902464197,0.0,0.025204554260273654,0.09563632515478313,0.0501600113213201,0.0,0.056607689078625234,0.4111211346737298,lying
13,0.2595191882682028,0.15280623639095353,0.041567821124725124,0.28511448110696225,0.4524775859942809,0.5424116697826776,0.1364867279755893,0.26200215840525704,standing
26,0.0,0.07700818401557905,0.0,0.04304507320155726,0.0,0.2898420824829282,0.11459056748303244,0.3633846934591888,sitting
8,0.19913633683296234,0.024140020984743327,0.07797366044137108,0.07254996230889782,0.10409748543030076,0.45619421011029615,0.1144060266552986,0.26060094082993457,standing
3,1.6460984726897234,0.9980697068760558,1.321439295536815,0.6826111231132904,2.271841638069111,1.4724341716523754,0.799428888441446,0.6746149108625912,stairs
4,1.9819765854266835,0.9133273878565364,1.089407023847885,0.667514069993392,2.389092012760868,1.5430846912436684,0.8874666028359286,0.6781123682361925,stairs
16,0.03033429187931723,0.1787298222829304,0.0741584191986851,0.1350249549493728,0.28932159889560183,0.0875587634826449,0.1035269499513514,0.3476490500368532,lying
12,0.2813974888431811,0.0,0.04277554162525476,0.0,0.16721997947381811,0.0,0.07432504865452941,0.2524894032700649,sitting
18,1.2800299111377884,1.0147834424869684,1.0298259249594905,0.689605792948502,2.158006006623427,1.6016922995355451,0.7572263410782494,0.6391121157270547,stairs
9,0.07380777524878539,0.3603317969991441,0.1430720289180542,0.0,0.3196473711330851,0.1287067656632334,0.00706928407712544,0.13931207565657386,sitting
3,1.4745521107179875,0.6690975797136901,0.5970156325943604,0.43902091530504544,1.3607164342959164,1.017722793934744,0.6182153126303224,0.5018740789674332,walking
34,1.0333604451795722,0.5491063812027729,0.758610552571756,0.40532370732523065,1.5709519303045738,1.221883138102482,0.6372331306649499,0.6515214009905838,walking
40,1.741507092368481,0.9051459920154092,1.1667923355282128,0.4441987932370601,2.218995167771071,1.3926726564460945,0.8253845181783765,0.5890952963050795,stairs
3,0.24481005338814338,0.25196384176927766,0.14734711271435205,0.30248159989160706,0.0629101782316969,0.43649162878882264,0.2537745951248244,0.266780229037755,standing
1,0.36583226024957216,0.33859361897520635,0.03308461014621818,0.08377787134975599,0.0,0.32689870638311486,0.07375278560200471,0.29016649659150356,standing
22,1.2947696521479422,0.5518657549039351,0.7237048268644012,0.5583156015593327,1.6517178991441774,1.3318416657654581,0.6364192538417952,0.4463867435638944,walking
37,1.4910033913041392,0.6988744393097704,0.7036260092348234,0.455394095209929,1.5408682398051585,0.9140027773438212,0.6239964583589105,0.41507912401401237,walking
33,0.2097583170936045,0.15471148308440247,0.10742089433863843,0.09692751789169624,0.0,0.4673292675712174,0.0,0.27875957344110874,sitting
25,0.044049056599586286,0.22327440528686587,0.040192551808770696,0.03877026087520717,0.0,0.0,0.05415641876242164,0.3604161617787183,lying
20,1.026015007619078,0.6616995786097231,1.0218502646231216,0.5309585973474233,1.6274379829488905,0.935767831415359,0.6177981393594546,0.5426424422571843,walking
3,0.0,0.0,0.18305995218288956,0.025398527246029902,0.14575353440823816,0.3528040193092264,0.0,0.31505433257224674,sitting
25,0.45490467992513683,0.14431390325062157,0.2666556995929613,0.0,0.0,0.486817266679775,0.17532344121271332,0.26123744803438154,standing
28,0.13924866829318883,0.0,0.0,0.14631206553455436,0.1221193310443982,0.16596640007698696,0.0,0.23197181927587116,lying
20,1.929578144164735,0.7570880078678026,1.124313098273908,0.7291321878946939,2.224402074016646,1.3526178730131249,0.8509190900693813,0.546916472999347,stairs
30,1.7503090479917172,1.0409299618495576,0.988032640144354,0.7535774898705742,2.267231443531569,1.5273658286299838,0.8827814818293827,0.5596909047577017,stairs
11,1.8504834789016416,0.9540165661078035,1.0526201722691364,0.6513528984235983,2.12915899342937,1.58508712177464,0.8712244365260072,0.5475976470921169,stairs
4,1.7019691902094651,0.9060593784130978,1.3980900392442257,0.7791760234536131,2.329117092019501,1.5306336441981545,0.9443601429177916,0.6105165733881959,stairs
35,0.020305815250886504,0.014151101738829216,0.13997571056033373,0.0031787284287655565,0.0,0.11579313854428681,0.1005104007041957,0.2687646116107674,lying
23,0.4452920782607296,0.2954589698679529,0.09792443646634978,0.07668852704683367,0.43341578101396816,0.17896132080164145,0.1605963548544339,0.29739170103895524,standing
30,0.1865914500029901,0.0013990473801047537,0.11631556342347549,0.09547898834737831,0.0,0.03703022864279551,0.1453822118844472,0.29395933584060563,lying
19,1.986795889842496,0.9960201826683008,1.4810325992614974,0.7343472094216796,2.1227704550147264,1.368111984716548,0.7825364559669952,0.6022953038786317,stairs
3,0.28622782594364826,0.03568201335621114,0.06083190062232601,0.05943667657960475,0.012765284353088609,0.319347681414002,0.09871378669326555,0.27497224264981857,sitting
34,0.23062743422093623,0.0,0.006089989314715855,0.070153548932921,0.48464103029287336,0.25372513631775223,0.18199706277454197,0.32407307700628474,sitting
35,0.32061877504127356,0.22696291474404529,0.07454889682002655,0.020988084586032747,0.3136710306350313,0.47345077003855435,0.08336322556182224,0.2648149348991638,standing
35,1.843131235398733,0.8752358917697307,1.3844641530782038,0.6755251198821902,2.159876920887408,1.387962042916527,1.0567025105537642,0.6894056289022595,stairs
4,0.4062013180583306,0.0,0.0,0.0,0.19816258851874666,0.1547068637635181,0.06548350786212363,0.20669260872693135,sitting
2,1.040538582588504,0.8020388315231577,0.7763149574326138,0.44390144419220245,1.8948969867785244,0.9443988948012946,0.5574115090547198,0.6047015568805749,walking
4,0.24638076413788385,0.02692010279660864,0.10748589848896918,0.03522436751824407,0.25942562017198667,0.25047069950524253,0.08231358619077316,0.2585539358350153,standing
1,0.2294515105198517,0.15788722298215574,0.12087696793447687,0.18873273572486443,0.3890130799079572,0.5823818042916361,0.0972799226625165,0.3601546249790187,standing
2,0.14945708850390516,0.11892492462336313,0.0,0.023002062185065876,0.0,0.0,0.1065777434591752,0.22137421355481374,lying
4,1.5348852804364626,0.597702896783108,0.8108138698505344,0.5058409526855455,1.555180999994549,1.0216082732359975,0.3514037472563338,0.5330591938539532,walking
15,0.226634477803823,0.21636439799670468,0.011245969745209958,0.03415739689971788,0.15882001253968184,0.30534537488785896,0.0,0.14492955633649984,sitting
9,0.09643508980708934,0.06325551956761757,0.06629195047767258,0.0,0.11232780939498103,0.24477613291303243,0.0,0.24088958908436725,lying
30,0.1928343346228214,0.03247732245885124,0.09582238832668352,0.01592860875858877,0.18266200338058627,0.0,0.09532235242585599,0.29669962255523397,lying
40,1.4193963740085775,0.6409181956525972,0.8755409731930308,0.480854744579273,1.4012279781546868,0.9132932450161542,0.5980787428993602,0.4604720963094916,walking
13,0.17391205024112308,0.0,0.029762103204353976,0.0,0.33405740104872805,0.5502847959686243,0.19184040277992265,0.4323024343170069,standing
20,0.1529447662890807,0.23220086104137339,0.055055001851472704,0.0,0.0,0.09517687995819489,0.06695217567109304,0.3480498007050334,lying
26,0.01837183397208441,0.05847203438117156,0.0,0.0,0.18440833622547495,0.0,0.10026806055663412,0.2296844170086285,lying
6,0.10068099416317451,0.0,0.1869090684064083,0.0,0.0,0.13595401700714232,0.11106259233092412,0.3498854677732481,sitting
18,1.2955419449214385,0.7020690936916437,0.6613190561151097,0.4558818635283311,1.4105028147256542,1.0214952756486206,0.5765116613826615,0.47159506437884235,walking
40,1.0201451526449534,0.8018442942097141,0.7463023104213243,0.4593452744015025,1.6619312256794263,1.0304234120760343,0.7259401328801451,0.5352748591694533,walking
13,0.0,0.2623922154143585,0.10432935203575469,0.09997354859420482,0.0,0.0,0.012120071973909644,0.27134808869903104,lying
28,0.2175167929182996,0.08355015581380365,0.11501589870134177,0.0,0.24321644396655923,0.45757312362588276,0.2800202564430179,0.26260033169821345,standing
22,1.5872924344594,0.788503960767855,0.9670641496086099,0.5297725591119862,2.206076591935785,1.2752114005622783,0.8199971466797732,0.5895011574319312,stairs
7,0.9348836902944573,0.5867535631997505,0.9490445125658521,0.4214490352242602,1.7679349133678115,1.4150554149597692,0.6719424337417037,0.6229657411448223,walking
23,0.3231145907541789,0.023694660003561574,0.10999874931222632,0.0,0.0,0.2600313989691156,0.07479420539503456,0.3107511343051038,standing
36,1.7676408744697083,0.9611851365971664,1.1113760927205132,0.7000654803476783,2.2201596514625086,1.471309018063411,0.7375756657504484,0.6173086405507914,stairs
1,1.1256106960001697,0.6593358373728033,0.5647258039800518,0.5829411470226528,1.6623346548359974,1.079696308784551,0.6083813252257769,0.497411489357946,walking
14,0.1856933940748247,0.2581632063785778,0.14779043590168728,0.028517446444093,0.25523580791890194,0.12596396810433214,0.13096056995517896,0.2575606006691711,standing
17,1.4584553994945604,0.876527851868606,1.1233167232688546,0.7262515844255191,2.240133221395708,1.2316226176792533,0.9274660937906586,0.5437724515760234,stairs
13,0.24075087380748816,0.0,0.1985238910424632,0.19260473355240718,0.06005214636282818,0.643101091066939,0.14906447892601887,0.332283540127388,standing
5,0.10702835132198904,0.014507874535879397,0.10929050423273198,0.21352459609628313,0.12733499259893163,0.12729119559045238,0.08146808761644209,0.2276204166878155,lying
11,1.288057567549217,0.968050624341363,1.3648827661717249,0.6771744693262046,2.6670063223077944,1.5146532683317802,0.9381475268979675,0.5528426394027454,stairs
1,1.148786263415421,0.6032152957471453,0.8496678330669735,0.37932369927192344,1.6746561010092051,1.0964389759393651,0.641109007259599,0.5180581559099449,walking
15,0.202008125889346,0.14368311631856723,0.024569688922988123,0.00467009150229622,0.2907479913175907,0.6141370772840221,0.15373553755526354,0.32543386387200973,standing
9,0.06061973865598033,0.0,0.05984125264418444,0.0,0.09244390120362635,0.0,0.05481264121402234,0.30917179618811164,lying
3,1.257406734219193,0.879927315570741,1.0593485656271908,0.6499655665029774,2.3485870566181952,1.3374988579286526,0.834208282505673,0.5436492689582245,stairs
1,1.623863658116457,1.049349744080759,1.2884308342690092,0.7067492017068684,2.298027834905635,1.567386819432707,0.8510915229740053,0.6205153330325697,stairs
34,0.0,0.19159656040354156,0.14696813948194015,0.0,0.0,0.0,0.001368216244821946,0.252002524740048,sitting
36,0.1294116855103768,0.17275382913542953,0.0806455235265137,0.029943762039050328,0.03629620792408973,0.12296440355823819,0.0,0.313011352972742,sitting
1,0.14083129944381412,0.10473408913926475,0.1455248194354034,0.11023756838252861,0.4990049599123013,0.3599100603867385,0.15353956475333375,0.45780017713721544,standing
18,0.12492878103951811,0.20375701642359617,0.0874917068668871,0.0,0.004781790864014146,0.0,0.11687260763974723,0.08850855723988738,sitting
30,0.2421846560000809,0.15049142663538526,0.0956738683443409,0.095888643781287,0.1493545162943611,0.39699347690788245,0.14502675020714956,0.32724447776112464,standing
26,0.2901888275251242,0.23770297701668275,0.07340139076113256,0.1414791504872156,0.2043848375890888,0.39199282484242,0.0,0.24660179255892356,sitting
26,1.1448120087657996,0.6753890098878248,0.8259624152355257,0.4956699228068705,1.77866758513485,1.2116673802329818,0.5986711289214192,0.4212278885287515,walking
28,0.2585391439461695,0.026854455784107154,0.1110627084276902,0.17486596781135083,0.0,0.3669337141714676,0.10995204584083038,0.22714630843224964,sitting
9,0.5040601819344812,0.34004296447036675,0.0,0.19820295049381392,0.08990101288918954,0.5125301080455726,0.20527217611592075,0.37782348819674655,standing
13,0.00417353205275478,0.1497551084829655,0.0,0.0,0.22327091704996732,0.149635096567225,0.02373458624121591,0.2082375606116128,lying
29,0.31030606984959574,0.07877297341417934,0.02948270126381944,0.0,0.5841740366222822,0.4492308647453921,0.06364500633641845,0.41838181758412396,standing
35,0.9991072770998087,0.8057438327059327,0.48240752885881033,0.5799028258250397,1.65690394623231,0.9846631763757674,0.47320412996641303,0.5217337693727201,walking
10,0.26206710553389956,0.28240417852278277,0.2467970027900525,0.15239122047697773,0.0,0.5009612302413616,0.05861004264459209,0.30784072434950455,standing
35,0.3101916313002459,0.14938780713430636,0.04466144445841297,4.3927701473947534e-05,0.2759687990635809,0.34599198977353335,0.1898375991161581,0.4609371940764508,standing
40,0.35464163693128425,0.10524457637034418,0.061993660402728155,0.0,0.10506466282496207,0.18334306837915498,0.08343447378768445,0.31351836246584514,sitting
27,0.09013392909732124,0.03478518315230666,0.14693658210128002,0.0,0.20662798580570832,0.1055203085838001,0.00730983294586602,0.1280056792530961,lying
39,0.2372286477321024,0.09473167170989043,0.12446847385037868,0.13057902333868426,0.21884946890767032,0.11252839967239325,0.0308850383270401,0.29300342590166367,sitting
36,1.3644206941502017,0.6545952421567399,1.0033680368041755,0.5070321589327831,1.7214683976009986,0.9987308910275912,0.5428959265013591,0.41823135234020115,walking
31,0.9777520676793426,0.7310571761717277,0.964996355621342,0.590770175535587,1.453338082397521,1.1253465616791802,0.6341864707091909,0.6729399184188258,walking
7,1.1383692077913474,0.7278668956578648,0.8359454945304967,0.47433684050254227,1.730580647162849,1.242401500916137,0.47669987422354776,0.6058039461631721,walking
40,1.171176458052902,0.6578777921553244,0.9561052597426912,0.3895936164144615,1.4135986912813154,0.9816398958068016,0.5937727401956001,0.5842997587115609,walking
26,0.20763432366083814,0.0945389383695186,0.0648761005984573,0.09091474747312907,0.0,0.17454266923670042,0.09999004856298019,0.2337086800216166,sitting
5,0.3054011373377362,0.16990397691307144,0.09418418356838316,0.13555686180344795,0.07194757972912438,0.15056544224660437,0.0,0.27532742752115724,sitting
9,1.1093118492864216,0.688683534552613,0.9986680050520761,0.44685063512793677,1.566515423936894,1.1630459710644867,0.6857264505602867,0.42309204841479403,walking
30,0.07596531956276524,0.0308315456395839,0.0,0.0833545998429795,0.16638940804503977,0.061568366813673975,0.10223764784225459,0.2318003113191931,sitting
13,1.2056080616320646,0.8627939643825313,1.2901528511164015,0.5346899289131416,2.152796451308684,1.4940054469154973,0.7338708962028412,0.5552342950746894,stairs
36,0.9587395619279644,0.6304642193064754,0.8206197719900509,0.47640766886068675,1.8706374727360453,1.150599750912945,0.59671073461714,0.526644237971815,walking
8,0.11645270043123129,0.0,0.10242378246307221,0.0,0.08491476573820954,0.00045058260292640817,0.15922381666031035,0.2956373236188252,lying
38,0.0,0.18506365550613782,0.07994870486575104,0.10441224738464902,0.0,0.0913861872320042,0.06200542734115018,0.2142651039926044,lying
15,0.17092237640938782,0.09720686383481414,0.13988935352799156,0.19205030951676144,0.0,0.2976710556266773,0.08723234989456835,0.3388156615164025,standing
30,1.7697634299350946,0.8623569650870192,0.6512439560970669,0.7555209387617776,2.2621413441666394,1.398390362485937,0.8971320129773203,0.6388152866687232,stairs
13,0.036751541254957665,0.18070962301800006,0.11313072516129231,0.13528326738100233,0.02363522042453066,0.356589132467349,0.19816398685203887,0.3820596594302923,sitting
32,0.2538769399518184,0.14338757212962622,0.002370353099464456,0.0357058140618828,0.0,0.4258087049604757,0.13451419955389501,0.30832550194077146,standing
6,0.32816020095464304,0.2321972525870519,0.0,0.034611122877343845,0.12970912590533595,0.14788755918907986,0.1472458392535813,0.06734998805321327,lying
5,0.20406072207677048,0.10653489565352409,0.07101046738167628,0.014601219506527227,0.0533494042494716,0.08214810272384988,0.0,0.0981221673734673,lying
4,1.9485599029488267,0.9493247336801741,1.1735526643817877,0.48526903871109317,2.4269663223880444,1.5217638686982355,0.8902267281895839,0.6675992512135814,stairs
39,1.9548983202229813,0.7418321180273679,1.0148046942541782,0.6978275948157945,2.348425229042809,1.5325543868498896,0.8559486540666464,0.5755315702215386,stairs
13,0.22036721279800076,0.01795070739434801,0.005823639982950449,0.05828205930002419,0.28069156977413545,0.1577632693057392,0.03719148107967869,0.2600908884829869,sitting
35,0.0,0.10328265583971241,0.08055502688583657,0.10362674699003421,0.16715559154904078,0.0,0.0,0.2888315759850846,lying
35,1.4941525432726186,0.7138824479723399,0.7951115744300409,0.4597906013588975,1.6733684797654411,1.1574741856409934,0.6531863715598342,0.5355633953270729,walking
39,0.10145052943683201,0.1303492996278332,0.0423915150103274,0.13147349965582059,0.11638039001784453,0.08310860972954712,0.05836409804204762,0.3593650168611841,sitting
9,0.9974350791263606,1.0618742444266844,1.00486287715222,0.5226858711448962,2.394123511396187,1.4850704298200965,0.9392619738701745,0.5530435927201854,stairs
5,1.8038614608323846,1.0386015578769652,1.06174220945424,0.6316240004532262,2.2559708498971016,1.6286316076692835,0.8926777434331087,0.5492144646384068,stairs
40,1.8947994462067212,0.8387820657516963,0.8942990670121821,0.7216572978550304,2.212263729650945,1.2520403843132275,1.0293010953062736,0.6528715350157616,stairs
20,0.08002151740997157,0.0,0.0,0.05837568847802658,0.0,0.0,0.08055273783044273,0.26804697338964834,lying
25,0.33122444223769526,0.06889049993589186,0.119762665760714,0.1832334741894756,0.20116208389331774,0.16442253931113388,0.019155683538680468,0.20873342271053447,standing
33,0.35023430217222606,0.09875437239178829,0.08089212651779337,0.18579362030471203,0.6180384319144281,0.4016052442793382,0.0001558204798048357,0.3155647981040097,standing
30,0.27301421691775785,0.0020645991889946674,0.22928950342406573,0.06745304815108427,0.0,0.36876634995186747,0.02517828012102402,0.258897112628774,sitting
9,0.10151499796599303,0.15894687557309797,0.06730831215911173,0.11130330975271387,0.08702075919857927,0.3839737922921775,0.17359207550404607,0.3455920882305852,standing
17,0.40071561585827997,0.106048133943143,0.03007693486798714,0.13206958332876845,0.0052391895252304616,0.3683734549824523,0.16778915830920477,0.2972327747503769,standing
31,1.1894342891185414,0.8750978513677931,0.9600484270261187,0.5221163788733868,2.26584257863626,1.5710504616033154,0.8185503110380348,0.6559172465267087,stairs
13,1.2184661902419789,0.727687118469014,0.8310139709677419,0.41794714034075015,1.6261552859121224,0.950765836592346,0.7686572903733357,0.48830678299501395,walking
12,1.1751289728668792,0.7047098815452646,0.6438603333509576,0.5858533142571674,1.6295617598564012,1.3189537251548313,0.57467735222027,0.5770850014878844,walking
32,1.297431211697928,0.7803450335454042,0.6388060233660051,0.5144688379021172,1.3154880251167016,1.1322776102429397,0.7779185652328799,0.5579129761537936,walking
40,0.15279259038815374,0.0,0.15906349449791252,0.10769447223673065,0.2493229407347769,0.3430609727998451,0.06993137682078228,0.3073137197591415,sitting
28,0.03224598990675127,0.16509788124658195,0.0,0.09437104461216367,0.14255372344253936,0.1304460979731198,0.05163831131566882,0.31137305959687245,lying
16,0.24890154770182166,0.1086718976686516,0.0840745229232819,0.04614621909578457,0.0,0.19284581923966873,0.07433525611239049,0.42000751046372375,sitting
20,1.3715027344091615,0.5709024918019789,0.8833150376625458,0.5028551845518812,1.6444287886441245,1.0733096787046421,0.6523478689837897,0.5958291678107916,walking
16,0.004714642382615153,0.06149846270911225,0.07693393187207975,0.0,0.0,0.05099036432511694,0.0,0.24462167800482287,lying
7,1.1412185175713592,0.5860019249231685,0.9937132305244385,0.506205480629382,1.564425248566064,1.1302711379673804,0.7211378655508786,0.4855830287931995,walking
1,0.0,0.0,0.05551681487232646,0.0,0.0,0.1692341785943535,0.06194180627328599,0.3143846331848672,lying
8,0.2069753915207314,0.0030062448117954554,0.13212979140579784,0.23039938335151383,0.0,0.5910032670097386,0.26337774282385024,0.44075259043268883,standing
35,1.1793942743043093,0.9123692738661531,0.7628116710588827,0.45416099014068606,1.5549937805826666,0.9199471026912895,0.6342743476937798,0.5519638284796303,walking
12,0.10325094889518653,0.06772958947921383,0.0,0.18522265732351179,0.0,0.29468141260154623,0.17528597090582473,0.4476284998776276,sitting
7,0.10579488858363603,0.1416878670025964,0.003016594590654398,0.17402198462016305,0.0,0.283808757960195,0.21357968027241153,0.36243068518480753,sitting
9,1.496822318035806,0.9313833213910587,1.3769050268319745,0.7066912986698334,2.2468232276719307,1.2920422322327731,0.9256400967668854,0.7671094578868904,stairs
39,0.28980452167259846,0.4099827929205537,0.0,0.17682540713386613,0.04206638873029754,0.5610884448182629,0.19432075279571076,0.4100010043066913,standing
26,1.4492661743302806,0.9451768726135916,0.9556676784998536,0.557311027446558,2.138982347945915,1.5331742622731832,0.9509564741617017,0.6286858963464689,stairs
39,1.4819693724968381,0.8337602127815663,1.0293697725895563,0.661541186417556,2.0989471984652224,1.4504084023097035,0.810945524639462,0.5367035734994561,stairs
5,0.1938325379838089,0.0,0.06131252512305589,0.2418104340830326,0.04025717756275434,0.2213819984485474,0.0,0.23418267912405633,lying
34,1.3845461882441468,0.6808163731595911,0.6448398128132171,0.5607556633760019,1.7054916500709538,1.003160964535569,0.6053165966205851,0.4662270860636301,walking
28,0.11128727209499269,0.042759012369077976,0.06947551156970957,0.0,0.0,0.18264847528513878,0.19117618482417909,0.22096535786871696,lying
18,1.7960582141565467,0.8907569828084905,1.0593159558433185,0.6142793296196043,2.2391551929485534,1.219591136756159,0.8189898719636204,0.6072627744738568,stairs
34,1.348524143078428,0.6411744256633448,0.9034000127645588,0.4704098996451547,1.5078276084424027,1.1278682632596448,0.6604201163924058,0.5029291851899031,walking
5,0.23942144750412048,0.2506015125931576,0.0,0.057942625470898235,0.0,0.24062936681629968,0.09592232828498742,0.27289625605037987,lying
14,1.8812678148130773,1.1169122638568239,1.123510701711204,0.5695391362250598,2.143556455593107,1.3021437145867516,0.817925485913059,0.7620618882762453,stairs
24,0.09859076916631981,0.15427011502332075,0.18533410830871475,0.0693407705774467,0.0,0.09641620751613611,0.0,0.19700509823955248,lying
15,0.19748341265329,0.37403854509577705,0.127432049308196,0.00037361034512966435,0.12747735519911157,0.3179276950887856,0.0,0.2815347715781657,sitting
20,0.1939235113886909,0.0,0.19061187430493196,0.0,0.1200073546088688,0.17520738919180995,0.06078956427386845,0.19296013103038057,sitting
33,0.48967410233737785,0.10990640812561243,0.14668338191270847,0.045430693454589735,0.28399167869619535,0.34609007928123536,0.1750673982708619,0.4411735109646123,standing
12,0.06572939640750827,0.32389272167138394,0.051935991012867964,0.015291637213476782,0.14949121363033352,0.15277984186171903,0.07140346624717543,0.2486277556786737,sitting
12,0.29175687302394576,0.0,0.04595487878133321,0.10555665529248631,0.0,0.0,0.04585206091683861,0.2641847121314241,lying
29,1.195490962158264,0.6630860810315048,0.8705876192000181,0.43362159015450974,1.1914707806070084,1.1633797950456495,0.5716856014697289,0.5808180950571631,walking
33,1.1896409207941254,0.574918564231387,0.8230806767392804,0.6088898275937935,1.528808605801586,0.8775409967451377,0.5166198940222319,0.5196681013393392,walking
16,1.614860301542578,0.9113537637779803,1.5663815911156502,0.5547989689913705,2.6043673171078634,1.6304935362905628,0.8096899270844262,0.628098870282031,stairs
10,0.17550636114687668,0.0,0.06683720951225533,0.2373674830298459,0.0,0.09822097584601126,0.0,0.3160202715377941,sitting
23,1.1638634622301727,0.7043994833955958,0.6486287058138495,0.40336899617980665,1.5462539412600314,1.3866399015925803,0.49573699436208096,0.5170489691671489,walking
8,1.3949073275518802,0.8634103422063731,1.0067773599204033,0.7579426339042841,2.1730421815735985,1.256480082318895,0.9490720484752899,0.5827230696313673,stairs
2,1.2268746925814726,0.8552444350143334,1.1823760229261149,0.6031967402261572,2.067638647079778,1.4655510140082164,0.8150811412612381,0.5206943931672643,stairs
28,1.857456765589478,0.830296867139309,1.2904362153175135,0.8634265579024702,2.3066462085809225,1.606577444076265,0.743544500615862,0.65411551009449,stairs
1,0.40415842703038457,0.169326682074899,0.21344840511455082,0.14497094795585697,0.13278402133304798,0.47884215327715807,0.043801210684498534,0.36257698553924506,standing
5,0.13301469263522964,0.12881285566376588,0.0,0.20838107540933354,0.2821911900026739,0.13992058955117403,0.005969758566678571,0.3063252906373011,sitting
36,1.835577671986728,1.041443835601878,1.212820948549051,0.7068627038041472,2.2414909050507683,1.4246234748587132,1.01320386029013,0.6131715831297362,stairs
17,0.1374190022098657,0.07292065561464983,0.07098540795168974,0.040284778154449884,0.10822143391925451,0.35080897704145964,0.23797371642302378,0.2137047977137127,sitting
5,1.4647282900832488,0.918031279170389,0.9790773090204538,0.6950587897368312,2.141300645012582,1.3387628326987415,0.6970271975406634,0.6532347730615091,stairs
39,0.07132773109863921,0.2793009596303657,0.0806344212691497,0.07332398765952729,0.1993240182024334,0.3864353285822578,0.10653569568289437,0.3026390279714954,sitting
37,1.2653652530024695,0.6863210601548383,0.7469859404112387,0.4271221160266174,1.309216935808641,1.1739014379699413,0.5992999061990105,0.5421328919069854,walking
18,1.1840631801819999,0.5660933094696585,1.0341732026026336,0.41528688976817785,1.7090370211712627,1.0238557849814272,0.6393923310628491,0.6450438200092241,walking
33,0.20782895581931216,0.07249040626282538,0.0,0.03262394464310431,0.0,0.0,0.06121323146300012,0.31176703368470515,lying
4,0.18183862204307188,0.0,0.0,0.031755078620361886,0.2884002675607007,0.0,0.0,0.26681390837224467,lying
8,0.0858603722831631,0.023321734727899224,0.08314224312745233,0.14547069488054415,0.20536683989398052,0.43895265060079064,0.26491778702038665,0.3277604801027711,standing
26,0.16324632984491602,0.005034508700748591,0.13839402871556086,0.00746147172045776,0.0,0.5061487406623602,0.10781146192904507,0.27925296082597223,standing
8,0.18074423107345766,0.10478841493304182,0.1707863501999305,0.0,0.19644048272065995,0.5012729106510446,0.10542810846546989,0.35773405664692715,standing
31,0.15755438920977882,0.29520157523702695,0.14698393620271777,0.20929186349930107,0.19889308812837395,0.5740631929162147,0.2978867610365731,0.3270803522794893,standing
32,0.2740704108214136,0.09355612725799602,0.0,0.008439147287964445,0.07377743277781248,0.1406653800704839,0.11501841981990546,0.27709276310869996,sitting
22,0.26545664926875845,0.06511381987925362,0.10254552773830669,0.0,0.0,0.3208405401795684,0.10069735712148448,0.31755102347104813,standing
21,0.2493233012441113,0.225349692028546,0.001940225341122051,0.199387244555439,0.0,0.4680904660634547,0.1435566542773396,0.23316005020457986,standing
6,0.07093952478456175,0.0,0.11683172062046168,0.0,0.0,0.06623909821821479,0.1228738964371884,0.30326138984246687,lying
17,1.371669763514975,0.6271940743026851,0.7573940959670694,0.5667428711706506,1.7552832903382571,1.024213417470747,0.47215564898197304,0.3884695862805769,walking
35,0.1457063231141157,0.2731877245780062,0.06321000683857883,0.03933813730028005,0.0,0.16758056231480517,0.07639765845097131,0.4020548159710423,sitting
23,0.16303387259736943,0.0,0.015310077344507515,0.008678359245472443,0.0,0.0,0.04790968386293105,0.26618483171030627,lying
20,0.0,0.04122558496566532,0.027006272585724113,0.0,0.07061938443724021,0.18563633737409455,0.049466000925033185,0.3011746751122148,lying
6,0.17804637075915491,0.2466534268733458,0.060831621698500704,0.12269282080026936,0.20836388294251088,0.43168764741115456,0.2259580536773943,0.28687857231398817,standing
37,0.25305016088217613,0.07874536517777592,0.133923683705792,0.1050945492289435,0.08379455509788772,0.17445569826475377,0.13950851218285426,0.2560554255370675,sitting
7,0.0,0.0,0.045164813907820386,0.024422042042213602,0.024388910995621904,0.28581879422646744,0.012469176742218355,0.297574115408397,lying
15,0.3875901902465132,0.1511453965889757,0.14512910108447086,0.013282391190808401,0.0,0.22198119381128883,0.084637214355891,0.2131867493201163,standing
1,0.4080290625331685,0.27204965178109974,0.1288229969742724,0.0,0.0,0.4779935927826725,0.18359764350963326,0.43451430467099716,standing
7,1.5995348194142123,0.8242813138571466,1.2129640014386782,0.543665294548937,2.2797288534075864,1.3901175395185654,0.7137589385478254,0.583977773104691,stairs
19,1.6436499486645457,1.0374086814288042,1.4248803870696993,0.79750051395156,2.15413827224051,1.256259212294911,0.7910830187444605,0.7500084345760536,stairs
28,0.7650785625755103,0.6533507738667622,0.7463154451024988,0.41711772848196027,1.6517065391154335,1.0090532724062253,0.6050960937522453,0.5333801628211283,walking
21,1.1853037860301547,0.5376018514524554,0.5505104248581381,0.3993256938197658,1.8054119381854006,1.39393930150745,0.5328127877642441,0.4834288833932589,walking
27,0.2753307132324002,0.10101213472738865,0.22404911330701271,0.18651516294812126,0.272212809986609,0.38018233822695324,0.3124929503120222,0.25186546468512183,standing
28,1.2017923719792607,0.8199498346611087,0.8662728960608364,0.46005506768804966,1.4231987977780696,1.4493388324273189,0.5884881892703052,0.6146548179063672,walking
12,0.023905772981847817,0.1622902140590985,0.1444522355345167,0.04155069887033888,0.2903465201708557,0.2645567332858508,0.04652739608394249,0.25868500033997965,sitting
23,0.1006658783930445,0.0,0.06203894705236111,0.0,0.03552070515315105,0.0,0.07793130427945266,0.43373976531017044,lying
16,0.20802500201650187,0.0334263661254427,0.06695907275076779,0.24757482250054058,0.0,0.3216806342543238,0.07808990972924407,0.2209117506859603,standing
39,1.37335350755909,0.9163957495167008,1.1989834486368127,0.823167263739108,2.181454877732887,1.5055492222967275,0.8462241106140184,0.7023706683971862,stairs
1,0.0,0.015074192150200866,0.08181044284406445,0.13176916366672958,0.02166502048248336,0.09828786905843209,0.0,0.2697882261351957,sitting
20,1.0572594277339915,0.5850382107167791,0.7443328020976508,0.505026002336031,1.7136689974163395,1.1432353794960968,0.6651064057865852,0.49749455922922203,walking
23,1.59315289644903,0.807342927526412,1.0655002526246946,0.6836728774101619,2.3408892301252973,1.370489394945631,0.8732123161020625,0.6090676349886888,stairs
19,0.22985701468619518,0.2212448997028928,0.1341636037999596,0.03524018558063373,0.09395397398126629,0.06534386130033498,0.028013390028906467,0.13859703803829837,sitting
39,1.8068837963596343,0.6888870678945056,1.1929873329873522,0.5777791464730363,2.1557722021382495,1.3621150166408622,0.8045446352565822,0.6631388726269377,stairs
26,0.3860757012998137,0.20196671851789713,0.09033300732483764,0.003986407944466211,0.0,0.46454699822180734,0.0,0.3442515307101629,standing
10,0.31375131712946935,0.2519148758645602,0.08549482813079473,0.02679227189586087,0.01810462872126338,0.3651779735935952,0.06426105091709564,0.2279752285100134,standing
32,0.40081524238157984,0.03721936889167318,0.2821191707435063,0.08078404713267678,0.022540327453129422,0.45969536634436214,0.10353605562258707,0.3314768309512699,standing
24,0.9444427223487135,0.7370408535684585,1.274710507860959,0.6862339396911213,1.6194063090414665,1.0026797810341748,0.708496156195392,0.46001019186340336,walking
34,1.4662348305434982,0.8475571084662054,1.237594875246002,0.6700486302987547,2.6339193119738966,1.3916682273030683,0.7663825055063929,0.6900910949512472,stairs
37,1.0048029872766264,0.6585716007349491,0.6482624708233071,0.5200251952600815,1.420169283289244,1.0772092232328963,0.5755276472652029,0.5198127729640308,walking
24,0.1315472728969826,0.0,0.08113927777661027,0.054531899769223735,0.0,0.13914140561310542,0.12719017184895492,0.18698429186830912,sitting
20,1.5833731959698019,1.0919765384089977,0.874264745585239,0.615885155065328,2.4688479062488913,1.5486971584839022,0.8328606429500598,0.6024546923700003,stairs
34,0.04358307962938232,0.20346745304608055,0.10856276771241677,0.11366212804381368,0.07104427378561293,0.19888251627224546,0.11955122972961552,0.17388064201627065,lying
38,0.16677379101026463,0.12462439063939423,0.12321091285479982,0.18190944337135073,0.22724781727792148,0.12514635879250904,0.07639132912909978,0.3493151386403624,sitting
15,0.1618018142937897,0.18501208209609696,0.02318323315756223,0.0,0.15874482053327588,0.16327389728398517,0.06047195807451815,0.3951111467151761,sitting
13,0.12251620907235247,0.1720204377182017,0.04610521213915359,0.0,0.00916901290304311,0.3170285005995233,0.17699742853789088,0.3510511850268567,lying
5,0.0,0.06351891470593596,0.014585146882818485,0.0,0.0726192769837337,0.0,0.04314888030667156,0.28237668805727983,lying
37,1.4295653181436099,0.622392273356073,0.6586472918009805,0.540819434253491,1.4245074246693679,0.9123301076685512,0.641109069448261,0.6333603503620988,walking
34,1.1514524528039192,0.7169790082661079,0.8100871702389854,0.5180398938885455,1.6031371345130707,0.9565354186979861,0.5804739820170282,0.4938004263446457,walking
18,0.11219449577125845,0.08792221695185273,0.08412484545438714,0.0,0.0,0.21586779986175103,0.26138406361131294,0.3468871576910126,sitting
5,0.2155328839457304,0.20349003639082566,0.14945140654848094,0.0,0.15621390322462228,0.24303582116362854,0.23538645470240477,0.34984164116687366,sitting
38,1.4133720815047728,0.5632743460731419,0.9587139590002496,0.3328899247435867,1.7645617183674303,1.4611769804758437,0.6232231449119636,0.5946127747414707,walking
2,1.578380849888764,0.7122748983299663,1.031194148748663,0.6488408132831154,2.0291442988579913,1.354143288155926,0.7716702604472209,0.5786864872744591,stairs
1,0.0879966350708578,0.0076098421385329615,0.07814148373044782,0.172273438778359,0.2013076546959952,0.0013755123788311147,0.11111310435099642,0.21712772771289168,lying
6,2.123604282465229,0.8954082027689864,1.195664295606694,0.5895641452995738,2.1187729991016386,1.4866640043386745,0.7697248243429736,0.7017580264292755,stairs
1,1.4855708044236788,0.5935071418065815,0.58199592247542,0.6090457777305751,1.6786380441717899,1.2763350034259804,0.6090354195292296,0.5423885858752111,walking
26,0.10174104851323043,0.0,0.0,0.0606134497555822,0.0,0.2791421750797207,0.0,0.17589029198266648,lying
25,0.06538193123285407,0.0,0.0445145967426059,0.10369434658983862,0.0,0.16471112025651552,0.01850459741416748,0.2181232614426853,lying
28,1.4545450824545594,0.8501568735724231,0.9273844566154553,0.5157725487395746,1.7013630691256854,1.048989354458418,0.5792281796602525,0.5222628677179066,walking
31,0.2004168697894546,0.0905883618206265,0.0661479750197213,0.1283772968069846,0.5205312808116953,0.4616305265545718,0.1341972616727509,0.2968331041587595,standing
9,1.318369382444149,0.8679359504519444,1.0620283717272299,0.6527299639972908,2.2344250142277633,1.3653478574641127,0.8490864606573122,0.6280614299355914,stairs
7,0.11221055134353664,0.06559073081845661,0.16860801473897385,0.21084123987526288,0.0,0.34789522746429147,0.10924585831672447,0.3462581187102633,sitting
14,1.4146965885772267,0.7980269775873637,1.1106932958629256,0.5975272617240673,1.5107448264986887,1.018186929974624,0.5684182806573336,0.5275048197395623,walking
8,1.6559286724600897,0.810849228844918,1.2299012306535562,0.6475350458342904,2.1554835589029024,1.2815251990557335,0.8586159723937997,0.5800847345992611,stairs
22,0.362094621667315,0.11346993563675806,0.2555741930991306,0.12464997045660897,0.0,0.634554865776217,0.1080025559022263,0.34186858385044894,standing
5,0.28062690449943056,0.24746501629491796,0.0,0.13210033714183467,0.09866144763422585,0.1656202002471461,0.13805173676365887,0.25560496705930547,sitting
34,0.06909110211550215,0.09075815082366201,0.11353355594792996,0.0,0.23606261022032052,0.05999626035833358,0.007871728226553798,0.21969282471812945,sitting
32,1.9957606130670151,0.806201620277662,1.2001982697811018,0.5454401583865949,2.2423411810490115,1.6674917864848995,0.7618137740689715,0.6220807969724712,stairs
19,0.2094162951023055,0.19611526503140242,0.056153417600748684,0.12185811143263162,0.2679842873832082,0.35907810280657715,0.17468138616118203,0.30472435126539255,standing
25,0.527881627760426,0.14597607637655408,0.12000811239543738,0.18901334399916037,0.0,0.42176931061737344,0.19597521820381059,0.2591424836936819,standing
17,0.26570286513385566,0.07406544461030432,0.03622221170089063,0.12951931893518326,0.056164847634400855,0.33702906809055255,0.12009428075491069,0.2644031312175633,standing
7,0.06478316003820694,0.27238291317846247,0.18042916751557111,0.1119345811602836,0.251486207308273,0.4149714441650102,0.08427397770051143,0.3306325343004076,standing
25,0.22724974721999747,0.0,0.10967497344649285,0.033053545217873605,0.18891187273948926,0.24989606775340645,0.032379846011156524,0.2928534216235891,sitting
31,0.17998256548837266,0.11016338777291332,0.12468248545688744,0.0,0.17099843077120108,0.4535127459462529,0.10022472528114951,0.4628707592069395,standing
14,0.29430254060116134,0.10224103365917034,0.4046793076890668,0.0015037525118420936,0.01157551413694223,0.4421627385442669,0.16204482362439712,0.23605731387491088,standing
20,0.16775740915564277,0.12594382106513252,0.036063283072292264,0.04822476837210675,0.48279290209204984,0.034660075684778274,0.12582089648771005,0.23173584513313356,sitting
8,1.932589772544316,0.8996233913404746,1.1991731487173598,0.5459311633717573,2.267110429074359,1.3321358641480787,0.786043238660022,0.5701592297858115,stairs
4,0.24625278839592366,0.029368151023178163,0.17587066076537944,0.041011258963429595,0.09936989016732745,0.38089878213394784,0.0,0.1851876351816368,standing
15,0.04359502439567816,0.12508706599142982,0.03477553915245077,0.053325532707341576,0.012362348499043017,0.09536955132835599,0.022675552403652103,0.17322155309881865,lying
21,0.2504335482397163,0.012781579871918497,0.23048868535409928,0.1810922345825673,0.14460180054519572,0.21034264133361885,0.08399043980222151,0.3226329777194402,sitting
16,0.24059374671774647,0.22559252744592548,0.038673166549139604,0.20523867434091175,0.14131234189594902,0.3839518365834142,0.0,0.3513758501472042,standing
30,0.0564099137996206,0.2430357210386962,0.003450191458158766,0.0,0.0,0.1703415563449466,0.0,0.331437032480909,lying
31,0.2641738202619944,0.25089188863508904,0.0,0.0,0.0,0.31514283754081973,0.02100288940403812,0.4094208455508022,sitting
11,1.360782973594327,0.9157378146583237,0.724125805649688,0.3991624740478286,1.6174905255100123,1.4614010230875654,0.5749978376946733,0.5883701892438107,walking
12,0.18312416511599394,0.08994690186059827,0.0,0.05334242490364577,0.0,0.36201575053534474,0.06848761902566858,0.48846455879142936,standing
40,0.283004834874402,0.2583912634759023,0.19187640567356554,0.14077433119828867,0.05338106039134465,0.40644760922109724,0.15609906587275793,0.32936687235558865,standing
10,1.1095296960758207,0.6891978451698895,0.7700374899092812,0.48018753143326276,1.4716111260949523,1.1741067732058292,0.8118499001701747,0.5186396201313132,walking
23,0.09167376427939786,0.2199095587896297,0.05868790407907201,0.12384252228645298,0.0,0.34529983842473305,0.001753577921459637,0.3385164119496824,sitting
22,0.22120518593977742,0.05915358715639912,0.0,0.13744708875556633,0.0,0.3684778896759283,0.04191780727473761,0.2554391041771327,sitting
37,0.17088591550815574,0.06768451428513506,0.0625802961017311,0.0,0.0,0.1295670885517374,0.11623592333038538,0.19459230331216287,lying
19,1.8326583409929968,0.9440924012159623,1.330389297230851,0.7463890859092904,2.2514339755858277,1.5727796770812223,0.6771644042048369,0.6476969841136159,stairs
1,0.2106701986754151,0.21050365078831207,0.01452325752589688,0.0872116409006222,0.0,0.06625723941868641,0.09083643843798185,0.32131853387488607,sitting
16,1.0596932554402942,0.7674144449801026,1.0095507650228532,0.43784809854930046,1.3311166126207896,1.0423820290590664,0.5729532936870345,0.5429689270545744,walking
39,0.5675227281368505,0.21725605693708255,0.0,0.11818879522825539,0.2645506932137819,0.5255247390254003,0.1226647284098242,0.29838723301799874,standing
37,0.40617799921999886,0.03933828095095754,0.18123673147613456,0.041037258426121756,0.015691789824747976,0.37638293242699755,0.06299826815247282,0.4317771678496567,standing
32,0.06618927678077303,0.01942606778414347,0.0,0.0988087269754496,0.04311486470744159,0.06196419809608342,0.14067029494386782,0.15788000180754874,lying
36,1.5690094190126413,0.8838389808364723,1.349543073594595,0.7961255253368852,2.2329678429580495,1.5285898580838533,0.8449960137697622,0.4744989802625016,stairs
14,0.0,0.0,0.10905364815548449,0.024581014260966833,0.009263710919959277,0.18110816306232586,0.028377338073566797,0.2807425544702024,lying
21,0.20861587205826637,0.04447665502320333,0.12217590492014882,0.0,0.3881951924381949,0.288588907337255,0.14720756557479012,0.36022242787891834,standing
27,0.4367437421073608,0.21507779201175564,0.23490034018397987,0.0,0.1273952186045067,0.22478801359660108,0.024488748179362738,0.3123232757853225,standing
3,1.273595460140401,0.7871300862616673,0.784693630863048,0.37064218494329715,1.7727511439471155,0.919462242399697,0.8203531363662667,0.5389601912514583,walking
14,0.05007826686446623,0.11241610944245292,0.05121952263159517,0.12404574476264332,0.0,0.0,0.08150676030337003,0.38987774199297226,lying
10,1.6861007455814034,0.8624047347231317,1.2311490255741269,0.5306686058280603,2.2395363703537767,1.4891295888654295,0.8346263959336383,0.5480365053017628,stairs
16,0.23023588612763246,0.12656482989708837,0.10351816890764313,0.05165649094506076,0.04166655985331196,0.19310997076385877,0.107681236968112,0.42815860371323067,sitting
8,1.6476228218571756,0.9082535903212703,1.1180123133813433,0.5886732964918985,2.2958085167984863,1.365520170904102,0.7532359819348237,0.5705532056662661,stairs
34,1.6103834930562517,1.010468847537775,1.135255778996022,0.7322401663066656,2.001094862829253,1.392973693724042,0.7782245246851616,0.7558784112817953,stairs
31,0.3844568848755464,0.22173785990199618,0.05852614189308184,0.0,0.12760916247741957,0.11196655761406343,0.2285489515683456,0.3865131756492805,standing
35,0.3379776654120104,0.27621327046636435,0.1040308176131225,0.18259116556611943,0.0,0.3238366668885947,0.0,0.20537384453529328,standing
24,0.2852441328837835,0.2194483900235609,0.19115596906600976,0.0067892483021346345,0.14068449080296944,0.34683195097648195,0.19937782619612973,0.26423883558497846,standing
7,0.0397050374829207,0.05337492442494626,0.06435942900593976,0.14187014313503948,0.13561302296153777,0.36900221342132955,0.0937061200562025,0.3359800103268731,sitting
32,0.09426385309742823,0.16432469152169585,0.1270683568132762,0.0,0.32705730425161866,0.040182594939237565,0.13152373629853079,0.232942882380976,sitting
35,0.16336137163386993,0.055031552279192555,0.12308608655223421,0.20651657902537285,0.0,0.36599832666032023,0.0,0.38286904415667333,standing
15,1.540465965913012,0.8264894929505701,1.2872286133636235,0.6254016375277124,2.035144781126935,1.3347335540451408,0.8888514386568993,0.546287773391358,stairs
29,1.1659555899487901,0.7092186397184074,1.039654198127101,0.5062641337719445,1.4879596305352516,0.8731622665524653,0.7194347824462276,0.5555261226642573,walking
12,0.21426459646999946,0.12153335890642467,0.08281829106043655,0.0,0.05868397912038466,0.13916832399452703,0.0,0.24394800486270612,lying
25,1.4314203928722347,1.0931813262061392,1.3545964723532589,0.832115395986341,1.8250033431305719,1.413880244932431,0.7667093253154851,0.56731126534035,stairs
13,0.3727028961029156,0.21845831101137195,0.08946454403524852,0.027372676387730305,0.3470124673895988,0.610519049026631,0.3133002358695327,0.2889279464117796,standing
29,0.16147513529327262,0.14588989048537332,0.0900025971819042,0.0,0.07814289186887766,0.28812376067193535,0.24677712232356902,0.36806508578691227,standing
9,1.0862478579404677,1.034111635896811,1.3226873611473393,0.7165390633471999,1.9384352870954884,1.2841260669040162,0.8817168698891857,0.6521428632160265,stairs
2,1.5554531488741996,0.8731367987986437,1.0247633941131438,0.6573397824928401,2.3583327039433946,1.4321905458512643,0.7604782600273776,0.6222758668490299,stairs
33,1.6802160027835786,0.8958934294708184,1.0401180862749655,0.6862789012677046,2.2496125276582712,1.2924054898293658,0.9534071700962328,0.5669462782666261,stairs
1,0.19376076008915066,0.07585144216767128,0.20703825180780094,0.0,0.0,0.3208689613607195,0.07069016133130869,0.22953026624923137,sitting
39,0.02563938333712222,0.03381023112023548,0.0720966743949254,0.17885847744859995,0.3784017434317247,0.4646831049590735,0.0,0.11301498295570833,lying
28,0.2979080785415146,0.19816261698948226,0.05014724151247402,0.1745933589987535,0.2007467303502685,0.4111334890000008,0.08413060295527108,0.21582367410029707,standing
10,1.8756080636136576,1.0447560307622643,1.1749588655632488,0.6767414938550282,2.113236257527546,1.383515255792044,0.9202649816725509,0.6112728372312188,stairs
34,0.14989191863901963,0.0,0.0014839961686686914,0.0,0.23476593687876665,0.20951131409490575,0.1534271189926732,0.43363520404332223,lying
31,1.7152939891862646,0.8550359744566848,1.009949376206269,0.7279253717309989,2.2521039702897037,1.6112405357819675,0.8912831492954044,0.6089539479898858,stairs
32,2.167421955481485,0.7640005192482018,1.5520965731145484,0.8274462235738673,2.3723695419655098,1.3220625233365026,0.8465281116592138,0.6288612503984483,stairs
14,0.13126965968636467,0.1235465188693274,0.03807865008401989,0.0,0.311503404113725,0.1554264152479236,0.14038102933978255,0.22332149975544646,sitting
31,0.0015225123851967531,0.13524592449207537,0.059172574048770965,0.0035258151499668634,0.029242420716028925,0.036397602764392925,0.04125044665792779,0.30655302256999534,lying
9,0.21886445491042028,0.18173297807684197,0.14776765630421115,0.18434615997107506,0.14640270867334845,0.34319297565190887,0.19627098343859725,0.3134619778216891,standing
27,1.8594177557467513,1.0964008037444506,0.9710446013380852,0.46919170198998694,2.285219787459275,1.0376831667545203,0.6798056671213185,0.6918754526123861,stairs
33,0.3121475612907323,0.047337435168399805,0.0,0.04949062978773888,0.0,0.32188563502064216,0.09800842910125569,0.2640040145755273,sitting
9,1.3408085659310953,0.6726260489098983,0.8389139882999831,0.3388548404479398,1.3024440964556256,1.086497028372624,0.6256134882779808,0.6121078104755735,walking
17,1.1882150625600567,0.7939436436119245,0.8721054324073287,0.6002966642753341,1.717627139568715,1.091565280301842,0.6737032815044839,0.5223553202818573,walking
31,0.41331867536853756,0.12438224589246588,0.02865314689381796,0.020297555023126787,0.1243555919751224,0.04060130137061274,0.024415628869718743,0.2762092817788956,sitting
12,0.0,0.009429872798841665,0.12375520274589055,0.15044701154703977,0.0,0.0,0.003021092331110989,0.27551329766034555,lying
1,0.27113898194224495,0.17545499520033617,0.07905056204546686,0.1963478991213633,0.02673280003861428,0.30838610512403836,0.0009248814743919309,0.3303820678613402,standing
31,0.21944604459194872,0.0,0.12067377884770597,0.08192468000322264,0.10321961095285737,0.5194272929393341,0.0,0.2787617194642715,sitting
38,1.9334473848187366,1.0210974908972208,0.9168869013051393,0.5840191803586045,2.2543284033081536,1.4873918324891737,0.8047422476411519,0.7046435516933902,stairs
22,0.05068184791515268,0.25811556210160747,0.13765230921124785,0.0,0.2752222740260144,0.26597472454010707,0.0,0.26300735961043936,sitting
4,1.924655927297882,0.9174299722960326,1.0838362547426803,0.6894040514386959,2.3307600757493216,1.564461748915355,0.8857253394107428,0.65226463168136,stairs
16,0.4006504511781739,0.16511424165804445,0.12869649017479404,0.18503119071058743,0.0,0.523848051571434,0.1108669234028928,0.3158258765029573,standing
4,0.09822855162408896,0.1113171627501135,0.03254940658500805,0.04766600272079996,0.0,0.0,0.12843766889755517,0.14455507184391936,lying
13,2.061912955520068,0.9667572310490032,1.2046217473158147,0.6776466480110914,2.1757216790990195,1.4747142955279873,0.7472316359502942,0.5965086762883453,stairs
15,1.1821633247676695,0.6529156880209209,0.9669682156368579,0.6275731048143837,1.3415865909990765,1.6076643175468432,0.581086362630323,0.5105604320054385,walking
12,0.21361627679259404,0.07207776914056901,0.09058910136328392,0.07944924030331292,0.23496269880308615,0.291755430029894,0.2912965647880349,0.31455404994678265,standing
28,0.369276190389391,0.13100001781652226,0.05818888947459234,0.1292943250990593,0.0,0.29283619987742987,0.0,0.32940544200293637,standing
30,1.8847594818006417,0.8144052931634921,1.0783980150093573,0.7966734881339854,2.1218292897877764,1.2514618399206137,0.7622775867515144,0.6885357551880017,stairs
35,0.2737268765084387,0.07683032211509104,0.2209403690900642,0.0,0.027245099781915805,0.1552598328334347,0.043787148707462614,0.38724500942173185,standing
8,0.15447406859360452,0.10853788174122683,0.04091279169461338,0.14093641581776684,0.0,0.0,0.11365047187818206,0.3329711504245608,sitting
16,1.3318657682546524,0.3944184179281292,0.983610663147595,0.48459621402294917,1.811261289905422,1.289886887928243,0.7027551167338978,0.5408076114388346,walking
19,1.5654279924120265,0.8725557614242951,1.2714772051749161,0.6821385734868439,2.196897287514752,1.3409621125489959,1.0476865631886911,0.6577554715633589,stairs
14,1.70839074973255,0.9207100614960811,0.7023952192308198,0.5271107346097553,2.2276236779982903,1.5713843892513601,0.8806476792913791,0.6231348802764393,stairs
29,0.09675155584843174,0.17177370234830214,0.16350492506913444,0.0,0.13149567116838717,0.18765767716125906,0.11970376638074132,0.30157662193825696,sitting
12,0.18804479625777984,0.17187317342240493,0.036888866278570374,0.00021500597750945954,0.004808647885872271,0.0,0.05283557793135164,0.27247054588824715,sitting
3,0.5042592586730408,0.03547469052237151,0.06931903609183471,0.0,0.11531568513540753,0.4457501273980235,0.03685331431290831,0.24965650298067538,standing
35,0.21335818051950292,0.23027131964575825,0.14320474421804757,0.01257688773647244,0.0,0.048118698286639144,0.1328800939642516,0.26559623301617513,sitting
39,0.0,0.0743336452767414,0.0016116496466224775,0.061164093529877554,0.0,0.0,0.043397331998892806,0.3616018594051363,lying
14,1.4043953522742558,0.6369343594018997,0.6212743040529711,0.5786373457066366,1.8299046583588856,1.3394223937154435,0.5574828225611513,0.45299445536506955,walking
21,0.3326871377735915,0.12151160601126809,0.03827747691671535,0.07335614551087723,0.0,0.2747531888110088,0.09211419136363869,0.27601211970363737,standing
33,0.29036703259592633,0.2596557962110676,0.0854721400048201,0.004294918773663871,0.07977627272213184,0.0007006491562559503,0.17925158159934113,0.3470842323735723,sitting
37,0.34635736423520225,0.09312049218187272,0.18461172531528636,0.10534502563158091,0.09572892756066725,0.010467912778281463,0.07783680545694215,0.18999973981793677,sitting
18,1.7089889502958073,0.9667389896487986,1.2239111773621296,0.6077193163659628,2.452396117334822,1.242785578862149,0.7921023453577163,0.6339486301514805,stairs
20,1.4034972988317254,0.9510592352351283,1.2945233138461698,0.5283197999663962,2.4396024130769125,1.6596169574975967,0.8519155229270866,0.5741777259457694,stairs
10,1.3800041389373323,1.0787789857764687,1.4706803585657686,0.7295101264398087,2.3143098836150173,1.4959142544892567,0.7405978982664742,0.4987694558960421,stairs
33,0.35936329658704785,0.18264418552523676,0.0801029972484115,0.014068944678306897,0.0,0.41041845784591696,0.17705267093679272,0.424303579680308,standing
13,1.3057334600732338,0.7734443178954087,1.008901645547284,0.46020926233848475,1.544934729764934,1.104399081367651,0.5563170919314537,0.6346919639110001,walking
24,0.08488686029771127,0.0,0.010669981347372931,0.07305229697295497,0.29199701974932635,0.19361529609053235,0.06126628156530866,0.33892567691611675,lying
38,0.0,0.164040275338921,0.0,0.18730858861400254,0.0,0.1790404799312199,0.05470467723407909,0.20808744870327356,lying
20,1.3345542899542249,0.7649108272668881,0.6296820329709159,0.672393320787281,1.2272397848725403,1.1592891089281485,0.5865054695317649,0.48433692155376085,walking
15,1.6164256447182175,0.7493682736260634,1.247096137028452,0.5819833530535169,2.305640920874057,1.570580604858622,0.7851066249326327,0.5989737116989164,stairs
20,1.414626125792653,1.0326293204655834,1.1013221062229104,0.7310744443063955,2.469288384014783,1.3944986183648926,0.8316281618417777,0.6205913281938106,stairs
17,0.06623226253389031,0.2489007223834164,0.14553238026520324,0.050079432905382686,0.3024126102804756,0.2546774283012416,0.17799197806198744,0.08874734049464689,lying
17,1.2729435746570794,0.6256182986027906,0.8163324062562056,0.5899382906332178,1.9780591535656342,1.0771000064635408,0.6205911985640398,0.5358645469808953,walking
18,0.0,0.1454845394133725,0.013320474162217572,0.18333716288044755,0.0,0.0,0.043909552835773254,0.21944336331343406,sitting
9,0.4348598390009494,0.1775325603272285,0.05379619008309093,0.08221132572525527,0.20752491807029738,0.49748310930055223,0.18083886790249445,0.32834195065889227,standing
27,1.8398439527208252,0.8958763192291853,0.9166443281949822,0.7295063145369634,2.3886794089324583,1.218523649122977,0.8372455818589151,0.5443536333746142,stairs
35,0.0987289485744699,0.0,0.0863975749189441,0.0,0.0007120723785487698,0.29487893966681794,0.023560702002255754,0.20312644303509597,lying
1,1.3386635889288074,0.8320060939734211,1.1817295196553437,0.7780621618458693,2.530074298363405,1.6032387118909954,0.8384171584141956,0.6195904550812399,stairs
11,1.4842051397503266,0.7191615992669786,1.1602825543373245,0.6461216994526395,2.0514786779081913,1.624849180128487,0.7870144852320383,0.6737052269787207,stairs
13,1.4877210941376617,0.8466578261534915,0.8226165062107569,0.7806308122973985,2.668876670577749,1.6075865417143373,0.8091727826491982,0.7104350840171224,stairs
25,0.9999991966149948,0.6449317680656301,0.7622053837134998,0.4810266872208956,1.5087945556334954,1.0861338588523444,0.6772934626787319,0.576633901642557,walking
29,0.05739110911889301,0.1707523256404478,0.05000512996505313,0.0,0.0,0.06752912500087845,0.009335143205994663,0.19615519305149218,lying
22,1.557951732878488,1.0230030575688696,0.8576612598079777,0.6908436234081743,2.2873469566989066,1.5551913082173925,0.888551007105419,0.5549078482016858,stairs
23,0.221931502632006,0.21367664021697635,0.08153777084469552,0.02702380429048165,0.0,0.4798159226568942,0.1478783182819484,0.25548206733176854,standing
7,1.872189321416332,0.8505210270633314,0.8573893647431771,0.783434694838036,2.0150695215188272,1.483284986795451,0.6472143632216141,0.6177497590068448,stairs
14,0.11979510618875072,0.061260020548716314,0.21053287499504814,0.05432388607759549,0.09596070417033595,0.04438845086962556,0.0501290876452755,0.2467030977172716,sitting
27,1.9192786885079713,1.0321237118238111,1.0634410317538256,0.671890807854241,2.2499702764418203,1.6043467026140612,0.7818369572046777,0.6513689443016061,stairs
20,0.16776161581827845,0.0,0.0,0.07894697802722023,0.07424849453002783,0.0817701214038146,0.0,0.25997260374090647,sitting
1,1.2709109163423,0.8066544558429329,1.506043459745397,0.6280507617438243,2.1678290959290534,1.2303915536996874,0.9129894930728543,0.6757986748811518,stairs
37,0.16419273179134805,0.0873477931678059,0.0,0.0,0.09612412342682368,0.3646785512322829,0.02627368166102885,0.2270650069061796,sitting
12,1.838552445170787,0.8260723184551373,1.2015799378782004,0.5778365723465256,2.3531537134894993,1.1926685182927712,0.7905214777543966,0.6935642844775309,stairs
4,1.2474507023463368,1.023164591985896,1.1378996727617654,0.5790807940737297,2.1759278614161426,1.6068273266253383,0.844700959793456,0.6142946134848134,stairs
2,1.566608388166974,0.7517337750994258,0.9969866109085844,0.7112794881453743,2.032871130274246,1.1130528505949995,0.8766082140155251,0.6620777459264644,stairs
26,1.136367651176656,0.6710555683038806,0.8697991906148642,0.6874866781579603,1.6026940638615101,1.1140899637696722,0.5841325496907167,0.5307474181045743,walking
9,1.9783331012207244,1.0009715034810127,1.0652238613836256,0.739374671499437,2.23902202666615,1.516670726492042,0.7829397234120945,0.5645603144717118,stairs
29,1.433635103434204,0.8495137711333102,0.7863600061107866,0.4984327730544203,1.4972424923322065,1.6004563322343084,0.8035067433090378,0.6190078018294128,walking
5,1.2934644858464823,0.6821835028548361,0.6362990863029766,0.3371996246491672,1.3790475922148828,1.35360635875154,0.500078412843126,0.5668206850070844,walking
6,0.07428644256504606,0.24025842425092245,0.13042717546660287,0.0,0.0,0.1356899286506179,0.0,0.24793305480036434,lying
18,0.19542562322958218,0.14581522044641612,0.11996805840917682,0.08344576394535735,0.10296295729119502,0.15146359005414337,0.04751113616994902,0.3530624481136423,sitting
39,0.14158923625199082,0.04216056505274936,0.03762541924801161,0.14971125369069538,0.07812099284629569,0.3340892166210748,0.11688703586317326,0.4365725290763222,sitting
32,1.89201829948624,1.0171419152938552,0.8166587873852033,0.6988121493416358,2.5740983617621884,1.5668964020871203,0.9586706424479219,0.6854012887488812,stairs
17,0.35717943966085447,0.09542031666591928,0.11008815639252556,0.0642315497090822,0.0,0.16004767210179163,0.14306867728366512,0.35064976184046415,standing
19,0.06777522453550247,0.0,0.0,0.018803937982890262,0.26850600339879444,0.0,0.059178888552649606,0.2705918506796265,lying
10,0.11415491102439806,0.20900691705483743,0.051971094271659385,0.0870815025460869,0.2031293563729769,0.06808542053391527,0.0,0.44674119685940583,lying
4,1.2457076538434158,0.7797740707560452,0.7499399350587592,0.39593775969565037,1.6920255353273828,1.2972857513465919,0.6737574646765414,0.5668806214765131,walking
29,1.5498486815892738,0.9025053454945414,0.4859556271588795,0.5355120287760294,1.404938015283203,0.9952110942109205,0.5723585358109262,0.4142805590727493,walking
15,2.047567353164017,0.9161516208386327,1.2510019959114607,0.6014050448476849,2.2736971965236576,1.3772902404206322,0.8459671780209128,0.6071928026977437,stairs
4,1.7300239778338522,0.8476171848222981,1.0589753847424594,0.7157340582135379,2.3862101138176444,1.6931741799061601,0.8248097022400394,0.541295862883863,stairs
34,0.12034082790848863,0.2452697473946097,0.0,0.02178078053217622,0.06318428118573426,0.07751321672325118,0.14842726702336256,0.32539299485646617,sitting
17,0.0565647086991652,0.08718930212332453,0.0,0.0,0.07198754673861227,0.2024412488624307,0.0,0.2670326604794672,lying
21,0.16654036332076688,0.05981076097093328,0.029173567871712047,0.13663532770703493,0.03135966336951682,0.2756828008610689,0.24369848114432482,0.2811973461807249,lying
35,1.2545285614919337,0.8361915933461602,0.9299023395034601,0.5225576289538607,2.6582166582820075,1.4501437988036607,1.0517856302035375,0.5512979686210217,stairs
23,0.16644844404412393,0.11895113513616566,0.09096740187030601,0.15411639228499502,0.0,0.13603547368949492,0.0319083827812693,0.2549589122295012,sitting
25,1.9659368062379086,0.8338786018443978,1.242316754515314,0.6488323419182804,2.109831172102796,1.3876090511853187,0.7286705016678088,0.49856015492192274,stairs
30,0.0,0.08535441660041915,0.07842529501681918,3.91658049125887e-06,0.0,0.3850429712881489,0.006917730781783836,0.19779213613901778,lying
23,0.2929494953050543,0.0,0.02808003535385866,0.08345631635429376,0.17404997956598933,0.249483192897434,0.07827759083852337,0.27872862090212575,sitting
28,0.3038414581192628,0.18090051013743558,0.10663607642791224,0.13851952912820398,0.11382735668627839,0.2996892489857509,0.17581137044468087,0.2608453415183149,standing
5,0.049769909692825104,0.0,0.047305720323419995,0.0,0.0,0.17404504458645173,0.15139907477745193,0.3900402742365723,lying
12,0.11723108568081689,0.10813976374162035,0.08953434517814696,0.045107050889003214,0.0,0.08479545251350491,0.0,0.31924427834310454,lying
37,0.044666037795214525,0.21013436089542306,0.001547845375353886,0.026702727652989495,0.24802696968179494,0.0,0.0,0.30957912822237627,lying
26,0.24342881625508342,0.04956032673282021,0.16495722140715313,0.0036072340328716923,0.4488134789441901,0.33420646237716795,0.13992122011640593,0.272284951362173,standing
10,1.2482253744926963,0.7227693879201934,0.6523507808657603,0.4823740413704483,1.538902595906194,0.9529536105067008,0.6571651224086436,0.5943319157262986,walking
1,0.12880801249435417,0.0,0.049859862452254,0.15931068835229917,0.19747831342553887,0.27749538100533094,0.05029634843043418,0.34438782199394125,sitting
13,2.139680367220973,0.8953231410747603,1.0752036681688204,0.5557066801861608,2.2856382645520363,1.5405066320603964,0.7737292834857238,0.5659377189349778,stairs
32,0.0022490913569291476,0.11054832307845117,0.08329928420003982,0.030282843895276766,0.17722557327376182,0.0,0.0,0.1624382634853177,lying
5,1.3657445314153271,0.6645334807394221,0.9246220098884615,0.46869562489678235,1.6119754369352268,1.1280846442791213,0.5564075264963815,0.6134793558050335,walking
6,0.0,0.0,0.026020013444474792,0.1322773207761893,0.10668850066160072,0.09456078227080812,0.0,0.24477713625011152,lying
12,0.040617288969350664,0.04200475072684782,0.0798915446160196,0.19212050383986806,0.0,0.08997689301597984,0.00367900590543567,0.3466529183642195,lying
20,0.03545947957297335,0.09891857216735311,0.013704409079018137,0.008343301936028853,0.0,0.17586316867295063,0.0,0.2823575902210718,lying
16,1.343493308570508,0.7843791123863759,0.9519559379465594,0.4054229608625707,1.4599413339302616,1.3659776498025227,0.5842352008740223,0.5938897717663044,walking
15,0.30405758696941965,0.10864147000206159,0.034925301562724984,0.0,0.0657744835875088,0.3675517232499303,0.1343639342127256,0.3116580065994011,standing
21,1.422875432895258,0.7960674094919784,0.9659420424140157,0.5520770056698063,1.599544237449777,1.271407321317604,0.6096217949663967,0.4193967049303876,walking
12,0.32936352583911244,0.20994510004089306,0.24328004999614275,0.04859083495495148,0.3139847953745758,0.5687066576607875,0.12802331280635412,0.4300957799677666,standing
2,1.3833679808324373,0.7450789365635643,0.46588182827507835,0.6403691125697968,1.7135154730596742,1.0547925412084378,0.5445109744503808,0.577137602905232,walking
20,1.3008317042491995,0.7056622297000096,0.8129175131974624,0.5414851673223239,1.6312470908643708,1.3533649150017064,0.6972593146374997,0.5217605010265643,walking
34,0.2000089375104103,0.25933129006783984,0.10304528687792229,0.0,0.06166568248475504,0.20238453773482595,0.10983625899910084,0.3346383156528202,standing
12,1.670588505873702,0.8884137844154164,1.3147812936044756,0.6426425289999408,2.206237848256956,1.4814681151640985,0.6715669747902313,0.5913179437261991,stairs
32,0.2601475040591851,0.10015943700294651,0.08179694269908752,0.0,0.0,0.09863269686891116,0.06249636531545735,0.24410014800755925,sitting
24,0.20185136294648065,0.022663906709771364,0.14518341364392726,0.0,0.0,0.35970107782746524,0.23753058779615677,0.3153484108770719,standing
5,0.2120330119362338,0.24178007680957644,0.047473904750390275,0.1617668477284953,0.24136259919190672,0.5260596699189948,0.08609743683834012,0.255558915308059,standing
23,1.7007565984510091,0.9102900098224435,1.3165219802960448,0.6469858708190211,2.2460058412742256,1.8341979126998678,0.815698438166408,0.6421890632377362,stairs
15,0.1845141732490628,0.005095900764957889,0.14766643494536189,0.0,0.0,0.42343257376169224,0.18682425620480106,0.28402067654167423,standing
37,1.676514656220284,0.9520687082354444,1.1594537756621042,0.6199626619291386,2.294283659748173,1.3744565989013753,0.7722535352290724,0.6544895722577136,stairs
23,0.15888761559736167,0.01613108085711823,0.21002172327192914,0.1671977764138875,0.13982371441753072,0.24071672975698147,0.0,0.3630184867914452,standing
9,1.062577039904653,0.8938752978867613,0.8253537036228863,0.4433086382667895,1.6603655504664974,1.2434024900144172,0.7730133840938583,0.5287188278236193,walking
21,0.3339969992791043,0.0,0.09003296834279209,0.05467648464453769,0.14688745536454953,0.3975789716754908,0.32515704300031945,0.3625574934354715,sitting
6,0.14633901177887054,0.040813092538943364,0.18173136305186333,0.0,0.20599687713632592,0.06640096512712437,0.10805955576065866,0.2838430045645332,sitting
16,0.2251862936566779,0.18478992706919398,0.047952442717190034,0.03643145892598424,0.0,0.10373057484786215,0.14639423809805296,0.2316235400603764,sitting
11,0.20022622418489672,0.19765451092824815,0.17131288858884708,0.0,0.0,0.3528104303817854,0.11157210034513576,0.3708127309155247,standing
16,0.09987293165664207,0.14093135208535176,0.13210034367510853,0.0025809570705699336,0.08651398441471991,0.2301445102018748,0.05065617014664807,0.28882410368268313,sitting
9,0.13726733430839827,0.0,0.11536494513506965,0.04602327462812039,0.0,0.2394103325844383,0.07098593184878393,0.11413296288288144,lying
21,0.18780292509986962,0.21895010963789024,0.1287260740161311,0.03690973738378559,0.10015395205585062,0.4444216927690897,0.18978454507995124,0.32466239843197536,standing
10,0.5237932346195164,0.0,0.05831282282500422,0.0,0.12692757532127974,0.39170618103577154,0.15044554724898415,0.33300669144404854,standing
38,1.1878188154904497,0.5389459471461019,0.69550394870818,0.3494840077590255,1.7666293007477978,1.160630530002376,0.48612084049075066,0.56468619168193,walking
19,1.8053887364247627,0.7123992184229027,1.2054758621703687,0.6532236202804539,1.888726616506641,1.5533567534422907,0.843769773241342,0.5710509449199124,stairs
36,0.03714305908162768,0.04321917164853353,0.27974022423119455,0.001961651084430943,0.36340416787960883,0.30269355679893517,0.0,0.3299806781220162,sitting
12,0.17767789835348485,0.0,0.021021645596272318,0.0644376840012655,0.05958951391477335,0.23011806518604078,0.0,0.2688326251699582,lying
10,0.1789083348906682,0.18344887361542497,0.024730560846563658,0.0,0.0,0.20407847796731182,0.0,0.43522066469324017,lying
12,0.07382861034162401,0.05163810233812066,0.07304064183511819,0.08967248348341043,0.3588380376877064,0.2644892243860762,0.13503730231119077,0.26199251009141883,sitting
26,1.145359314706053,0.8404224436128912,0.7955355609691003,0.6418053979291515,1.882906231311513,1.2064745041058258,0.5571072386228044,0.5668842861210821,walking
16,0.19288464707997752,0.2217518325065382,0.0704055059633328,0.0,0.19556973883454826,0.0,0.14088272716100161,0.2824390769753711,sitting
11,1.625914650761086,0.9553548074662834,1.0514127234550137,0.657984970390564,2.107765172150334,1.4687067014696542,0.8284212640531419,0.6522701948271034,stairs
1,0.41336579254597816,0.1401152039784496,0.12492303965637569,0.09773779252505121,0.24438998469135015,0.23549347130104306,0.049860727939481826,0.24231561832545762,sitting
30,0.07122865912842277,0.16662217902001572,0.23015935789372288,0.026205509033338566,0.0,0.07238482618980369,0.16573577457489444,0.20285563030036738,sitting
36,0.0,0.0,0.0,0.0,0.0,0.2114396021431846,0.15481698782423844,0.21117828339233866,lying
27,0.14094954674617247,0.0,0.08982399591470197,0.0876388737729322,0.04634809183459446,0.33659503556063963,0.18959409025777268,0.3149114817127224,sitting
31,0.17758808053043587,0.20401712544934794,0.0,0.0,0.06752777371276926,0.5438004239372268,0.0,0.32988254292183505,sitting
33,1.064389863611628,0.7951652155665527,0.8587600953709942,0.5094200832375039,1.7861750225134907,1.06996447524604,0.6507353384698342,0.5171834374466268,walking
16,1.4006420333891894,0.6829639804941388,0.7627157110251004,0.6062725710278738,1.3666354567863117,1.0940932533605063,0.5747811543008249,0.5384791434876823,walking
31,0.26368157907527934,0.147673430193261,0.09336222457654417,0.19193592543795568,0.0,0.2384582991875235,0.07318437779342898,0.3461098030886871,standing
39,0.04118063676573766,0.2211914718198842,0.1282245464530862,0.09725191072170142,0.0,0.6228978106134851,0.04618733938701874,0.28556556212502987,sitting
7,1.797142782653487,0.8131723234332301,1.1827574549617856,0.779396638514771,2.149333043384314,1.312747199906165,0.8410834935389356,0.5363752229473022,stairs
3,1.9276642383935962,0.9125463843129854,0.997043475663773,0.6678054788254746,2.649255477512741,1.3499161308179903,0.6566158764265242,0.5923959982779935,stairs
10,1.9025946303629306,1.1130966637106232,1.0992221868939276,0.6043024012797475,2.1406979167620825,1.5628253103562013,0.8880404573299817,0.7543115000012816,stairs
39,0.13503252005590582,0.0,0.0030933616667809458,0.0,0.0,0.0,0.0239927269934792,0.19237587988289695,lying
27,1.4022530002777442,1.0255733637477729,0.7921311016446424,0.5639802776360926,2.106446196292959,1.4677538038719207,0.8001642746935904,0.677268288328019,stairs
34,1.1153155444068876,0.6461318588168496,0.8723793964448976,0.4164804955179703,1.5399091604067006,1.1268311122285333,0.6321715530850008,0.5446351829555992,walking
11,2.006399220413032,1.0623701250403508,1.1778310843974695,0.5487542313044056,2.5657044020904785,1.3469538990476635,0.7843375150917052,0.663630646313167,stairs
3,1.1895426176307529,0.6521713122087686,0.45350465732184053,0.468939456638956,1.8278066802767419,1.069067215524694,0.6259471175790043,0.4283115614209836,walking
8,1.9365025475127253,1.025065181688443,1.2266737831880345,0.6635441092475931,2.1647868970828545,1.3030516186867882,0.8891852059399903,0.6929362886447633,stairs
37,0.2763191303828334,0.20856826041591614,0.07290921948272988,0.07688275966309027,0.06349336064091901,0.4443500818699788,0.20338020070737645,0.34670836790121184,standing
19,1.4104773882496793,0.9557056395850483,1.1864051704314817,0.6522543429878245,2.192429076331868,1.2348426588860537,0.8808879010711055,0.5756397668504092,stairs
40,1.6898270177740191,0.8971867281825145,1.1479670265471693,0.728418302972858,2.4165134319105124,1.3874503611044495,0.8334080102749521,0.6630022616975981,stairs
6,0.1821575806997791,0.0,0.1456611067709383,0.08321201830223623,0.0,0.007054023162632275,0.03877909859640649,0.25968191968072196,lying
2,0.3221143106758303,0.21814208879187053,0.05944974524671524,0.13302860083545842,0.1724528132065029,0.48933183741121344,0.03499590538640851,0.3661091886001331,standing
37,0.1408839704362691,0.206885137450139,0.025263067134938408,0.038073744994045026,0.03539641152636425,0.11869800244996404,0.09774489543137899,0.2817163220044852,lying
33,0.08575486713296784,0.19609748383487574,0.039684542737380854,0.0,0.38116491464766433,0.3744702423660992,0.1940572425509329,0.34337714705898914,standing
13,0.0,0.18243325975971134,0.05788141612718557,0.05472578894763254,0.24930957668786302,0.054525139051418654,0.080773970505756,0.14652810053868603,lying
33,1.5144857551646187,0.6862850005346006,0.9729169106412848,0.5146083008171569,1.781896905357731,1.1234449315792274,0.6068742915275519,0.6342441465229404,walking
39,0.9450681261530965,0.8083486330757056,1.3196655108779862,0.7883252225669073,2.037320852498619,1.6932260660048926,0.8419570232423946,0.6522677919444089,stairs
6,1.3035607947745467,0.7662026710763281,0.8021292262736323,0.468648360998899,1.8608813711802856,1.2110005149513698,0.5658728345740293,0.6108182726744861,walking
12,0.0,0.008053476129744622,0.03301183248484246,0.0,0.11682684887171878,0.1473190311455646,0.09113366527027084,0.19266764253594154,lying
27,0.28451183234451016,0.13621672879495997,0.1963899725691453,0.021465892621607394,0.15060335492927626,0.07261750992983074,0.019159883651962757,0.3957351133757885,sitting
5,0.0,0.0,0.03369289318380212,0.0,0.18214270626482734,0.05040469695312428,0.05278669791023151,0.28580650289754583,lying
20,1.1935298766721978,0.6024220680261825,1.0138521404196366,0.4368816917572867,1.2651293305927718,1.0692115944966876,0.6261958637584742,0.47559833824513764,walking
12,0.0,0.2871023740266562,0.04594991639215615,0.13397118724911045,0.0,0.12748550256840832,0.08593987064978476,0.21815626691266385,lying
27,1.0492613094569516,0.5555774937350831,0.725737242152345,0.4457456589021919,1.8137272864822864,1.3653033584245573,0.619782348197658,0.5809501578083986,walking
12,0.05237234525924714,0.0,0.01054690635302577,0.0,0.13222321140466492,0.29289365252758615,0.1535059529030277,0.21849196163403062,sitting
25,0.43149860819340635,0.26384927037787176,0.06189501575746083,0.07046814203028097,0.0,0.2980845266225979,0.18667949664196928,0.38897351531662006,standing
32,1.5766474739298748,0.8730477271937911,1.0319436299194737,0.6972148343315623,2.140809552409135,1.2940543506664144,0.7847961962809599,0.5572462199587906,stairs
19,0.0,0.14452793828357693,0.0,0.19156688802421665,0.3405081931542301,0.027448323645844278,0.0,0.2193940460429854,lying
5,1.0954281683616638,0.6457569679333669,0.47090771880262094,0.5077738238166796,1.5179336962580217,1.4811793834864153,0.6827633082248639,0.45434829239492397,walking
34,1.4332270252423545,0.6900763776141161,0.7980109375075675,0.4491235737344153,1.365918983763276,1.273293225296642,0.6046521561037005,0.6235916963835879,walking
4,0.3082993493435809,0.21466143406296556,0.15593111312035166,0.030881560507644214,0.0,0.3128684783888673,0.14624656736907862,0.31496163166992863,standing
21,1.3202942877232657,0.6122509617877226,0.4475994236788327,0.36017148064618176,1.9621802838623421,1.064253185728946,0.7419875806404731,0.5154128831334357,walking
32,0.0,0.0,0.0005074439102540212,0.0,0.0,0.12680342485464452,0.02036846245550159,0.332568258722678,lying
13,0.0,0.0,0.16141455851938588,0.1458831601289754,0.06786957276651825,0.31001500515961006,0.0,0.3904280868629328,lying
26,1.6193061686339139,0.9048089476505439,1.152186594383735,0.6235717506563314,2.347442545129675,1.4146196132062319,0.8138088052974312,0.6020424205064333,stairs
40,0.20495578962233502,0.15338308270578174,0.15499283461980776,0.07291263261341674,0.0,0.42150664456684184,0.0367902024809294,0.38132638677427527,standing
34,1.617573479185305,0.9628833561697892,0.7106364608497715,0.5581971226414223,2.103564842972356,1.5647217988321995,0.9096111458812676,0.6494065098894961,stairs
36,0.0,0.08163099131426033,0.0,0.0,0.0,0.1497006406005502,0.0,0.2793493256359102,lying
28,1.4703397962329137,1.1745692491702375,1.0996839148311388,0.6784463003447372,1.8483112455382051,1.6739427338874944,0.7443906673688911,0.5920274920021681,stairs
27,1.2723412175996474,0.7205038782609063,1.1682298878305946,0.5583623076744961,2.356555990661582,1.7409741931814038,0.7985394282500732,0.5033369896042398,stairs
11,1.4350125340021913,0.8457979041522314,1.272609673850331,0.7571924799836567,2.2399388147519415,1.5122806888013376,0.9044816761473176,0.6231489447636993,stairs
26,0.44148685648079156,0.014497655271877283,0.0,0.1462668704674362,0.0,0.31854230203736433,0.16159219701808525,0.1701069046335551,sitting
19,0.2050310912373145,0.09534064593949554,0.21440580648361435,0.0279661575544937,0.22933782252392015,0.34261408708618535,0.018754706358484856,0.3522052417804341,sitting
39,1.6153396842352656,0.8826895563758637,1.048269458917912,0.7488755372506827,2.3347986698038494,1.6259958443321483,0.8670810329001579,0.5942412692954839,stairs
14,0.1556483307950822,0.150674696282608,0.1472039010367553,0.11369460511459754,0.3665311906256755,0.5419373592601335,0.10863430898028467,0.41717975428120346,standing
14,1.371464109285612,0.5952607881943007,0.9099264821050276,0.5322097228681412,1.7259229426563405,0.9546150481826234,0.5737613539163569,0.618690450236917,walking
2,0.11508294965331786,0.055912582839918006,0.1109575199746618,0.0,0.14887384072107637,0.11254863567496352,0.08670976864004121,0.21699360643497323,lying
38,0.09278822717180114,0.0,0.1085657802977344,0.0,0.0,0.2939801277286054,0.0,0.1879154814022588,lying
15,0.0,0.026016187540780143,0.09747306574247638,0.13144256323667147,0.07660580026885219,0.19526965551099318,0.06564779660539442,0.23948587634456264,lying
14,1.041995488581498,0.6474648592881995,0.6463134746688579,0.4763953046933728,1.63649069905521,0.9068421105075615,0.46289989832419254,0.47549471820962647,walking
12,1.1868228224977058,0.7264900991307369,1.050711709761318,0.4927665498004254,1.896092245619011,1.1916269829690693,0.7194322344894388,0.5319372353595612,walking
15,0.22426390563438797,0.0,0.10850341134022573,0.05542946961844262,0.0,0.16077893122928733,0.21408156666490252,0.3327533037188575,lying
37,0.08409707415697956,0.3000485123525046,0.020243224644299215,0.0,0.14905595129156868,0.09455403548429353,0.09821898642822069,0.33756926266202797,sitting
3,0.1726121842773535,0.11155965585594091,0.03054723617327991,0.0,0.15625358597772054,0.19315863932847352,0.20677284785549582,0.41536308712724335,sitting
14,1.3009926756852288,0.8694961180241076,0.6384971341733918,0.5382346902505036,1.5502598212580416,1.3102614439281886,0.5244323689188992,0.4807907561680563,walking
17,1.6669273689518278,0.721128914749404,1.280041063037153,0.9488334745906013,2.2987249790492057,1.4193686702389587,0.8212611808457324,0.6332346843421,stairs
3,1.737019828132934,0.9246425220206548,1.2781558472463619,0.6437991782431078,2.2868113999285247,1.4699421091086324,0.7878987799461178,0.6680547297058929,stairs
25,1.6849966903622913,0.9879518628030173,1.3076550242259644,0.6231530607495631,2.388121115351809,1.3486949550419238,0.802281554269984,0.5581098995537739,stairs
18,1.570734672330643,0.9021572559241917,1.337035082445207,0.6908892355740722,1.8985630028002238,1.6432013608526066,0.8583919095840611,0.6304464179769234,stairs
25,0.19202253645762318,0.0,0.05122921550101166,0.1183853451065098,0.1922741804746405,0.2035536979755243,0.0,0.301291471798054,lying
5,0.0755374323812318,0.0,0.08543618349037978,0.2036530863709792,0.23820973980166138,0.22311009836801862,0.03653423828618666,0.1563319347881602,lying
32,1.1782787091611835,0.7751699983441346,0.9835938910545073,0.40347416299595534,1.546802162340132,0.8455158098445366,0.6075602505333109,0.5002109896760152,walking
40,1.4858050816596096,0.763791311431386,1.2384661276371496,0.35234633741152255,1.679371631860134,1.1709852425105198,0.5359777190492299,0.5985091849502941,walking
8,2.1730754883372327,0.8620458539843344,1.0264966864083678,0.6051139352158129,2.156264903732201,1.6766326096100403,0.8036467504407765,0.6003965522007535,stairs
38,1.2937872063099725,0.6358383772351215,0.7043529650111959,0.29877538485744937,1.499647070622813,1.288437955101535,0.48968231943548074,0.5757932182130912,walking
25,0.2681797885370071,0.13028895566434323,0.08090147749116125,0.017195303475821613,0.057933557924644975,0.31771819640150534,0.10600560652030738,0.30973654655225685,standing
19,1.494710759317933,0.7619529595509724,1.035101842909424,0.7420191191248224,2.455528271866903,1.4849426894130198,0.8459328951192633,0.570108065593837,stairs
25,0.375717925048353,0.14064026803887378,0.08692711037153654,0.12205077962636725,0.0021555741652502652,0.0,0.07475700250862795,0.29758145280142123,sitting
35,0.2307224633932462,0.3905916239535893,0.12476285969451807,0.0,0.0,0.3321459031907472,0.08601191946953225,0.19922223271271033,standing
9,0.2102246021465471,0.05780607232058314,0.05354249456370734,0.18551531234892116,0.0859871457706568,0.24835809782064486,0.14170511633982988,0.2382228458550167,lying
23,0.07598331045585732,0.1222144810832562,0.0,0.020597616831997876,0.18143168005176163,0.0,0.053638763211304716,0.13113754691073712,lying
10,1.5937898049158181,0.9088484694137725,1.1348871547097596,0.7355645241413225,2.4624325086256174,1.4130522264486236,0.7939250315918366,0.628266071739671,stairs
35,1.4677796897316244,0.8554711099443552,0.9998521066424378,0.6557563624787546,2.6154707829390316,1.7519021269234956,0.9137508603591831,0.535811005168603,stairs
27,0.38730624413261683,0.4100988302059113,0.1171573319502095,0.11399046359008021,0.14563363050179984,0.34837820079400467,0.0,0.3711833176610969,sitting
10,1.5447449910598139,0.7696459427252628,0.9589794207917115,0.7594175706830182,1.9877962075265785,1.3763724380748927,0.904558650365324,0.5868698484037452,stairs
22,1.5267207522615749,0.626494689659039,0.7539100369920736,0.5291731506889363,1.4997457749720549,1.011957729517184,0.6099198515963027,0.5182153712995475,walking
33,1.649832629287778,0.8935894910584403,0.8499883111967674,0.7941608651420936,2.2982119466893423,1.547446657300203,0.8115325046539399,0.6156360547874745,stairs
1,0.09162971499148413,0.03483058021752872,0.043844681853164424,0.10979753274237752,0.0,0.0,0.0,0.32006987147167154,lying
19,1.908964460896205,0.7047531374691188,1.1979743116229464,0.8200266631346351,2.4976905910751075,1.3335397910175495,0.9365607189234807,0.5958824761034326,stairs
33,1.5527321499495808,0.9723924205444915,0.9372859484056802,0.7761548234031812,2.250248963926847,1.5940294262852621,0.7937009943499863,0.5745932238396912,stairs
13,0.09062046640258549,0.1278341245208844,0.08153224273708734,0.09240880839906612,0.05896157073159057,0.1333243706208057,0.1360468554204414,0.13012576614138188,lying
19,1.2097517994778568,0.7718543398526856,1.0971521132037614,0.5512063938260844,1.5626327909795776,1.2882541617196444,0.6954310350231139,0.5791571322069698,walking
20,0.3796000531675296,0.18040072021921216,0.1156081606938339,0.06564881289882424,0.0,0.26630663634540286,0.07846937369154915,0.25727384236158285,sitting
24,0.1269866818665069,0.07816189434450102,0.003349917504101213,0.04271036053156024,0.0,0.31987048741425794,0.05064670374157615,0.3612603162432475,lying
33,0.43349436728995394,0.15696273271854191,0.1316790012151434,0.16186272510634347,0.15127110704658409,0.600090267910331,0.17063583261023169,0.48630223234857994,standing
2,0.13534281909916937,0.0,0.0,0.0,0.0,0.20578427645684103,0.079275061234589,0.1453726064140268,lying
20,0.25714827740864,0.16267170782670426,0.08904663277613954,0.2635785458513761,0.16114439493600313,0.10507909045186545,0.03788708109283292,0.1630329764087616,sitting
9,0.0749140321653965,0.08432192485619322,0.1263911478792696,0.30185979859786205,0.060782859012952106,0.09277449757762313,0.2903776244345684,0.16603612474380344,sitting
17,1.1760118153685915,0.5007434223393976,1.0068301467850953,0.581686799935702,1.5196437707858712,1.0773924944995885,0.49681211540580683,0.4338130968461299,walking
29,1.588315459879745,0.9578107789077901,1.1109324694010585,0.7317565286129122,2.141615455585392,1.666472577613685,0.9035540235962671,0.44805228152939985,stairs
26,1.4259685725556315,1.0138528813584173,0.870813766628999,0.729845731774301,2.660408632023668,1.3640268117765193,0.7279989294634706,0.7198100808454081,stairs
21,1.4007781152838323,0.6549441174540223,0.8993868514167426,0.48924475372404774,1.5363882333131793,1.0104142186377185,0.6328496325124741,0.5277235892299218,walking
34,1.3170677535997948,0.7689226601676478,0.8767154467876248,0.4410050511945825,1.6799555832892732,1.0900583868494813,0.6229918706277582,0.5026673838409961,walking
23,0.08375372702422121,0.11394368755465058,0.0,0.08943317700326273,0.17031575761783288,0.6874532302502299,0.27531134079811537,0.3760934243868165,standing
16,1.2896912136883323,1.060192169294456,1.3607396167274206,0.5656502465237571,2.0805051628187066,1.2571317882841762,0.8336273093525853,0.5724686811708235,stairs
27,0.035700040995842716,0.0,0.08964426000324005,0.051534666458366823,0.0,0.0,0.11873240797239284,0.40333006345890937,lying
2,0.0,0.03755619015543663,0.04362921049448822,0.0,0.0,0.28996925494614423,0.09963797009651087,0.2431701330684818,lying
8,1.6284121822033513,0.8615403876163364,0.9183109024663907,0.7037115787163327,2.245031690016942,1.6909791332202435,0.7660442261232777,0.5385962269205394,stairs
26,1.3086333250720295,0.5786707539229043,0.7617573980568286,0.4433633363355022,1.5610502683997673,1.3370938355172255,0.6050726807327667,0.5995620595409892,walking
27,1.3552208675699065,0.8202998142553749,1.0500028511644117,0.605247022114961,1.7801426085492604,1.3414275078171984,0.7912567074104229,0.525622119180788,walking
32,1.4172566891962304,0.690176169498994,0.8548763637452865,0.47621454586106304,1.505944807349122,0.9001795429291721,0.6101576346665625,0.5657813191040048,walking
24,0.46976046125284265,0.08770708930819653,0.09893404820459856,0.053981827204991284,0.22084810716003714,0.04504601238564593,0.004598449124292137,0.33416508258340305,standing
38,0.36310474541478677,0.1635451903022049,0.10002654934711393,0.0,0.0,0.43301185232800554,0.14788049149431476,0.3303723235506941,standing
17,0.37863480140028627,0.04920956732001516,0.05752766718623778,0.0,0.5104385470572156,0.6640109562183165,0.11495844831367848,0.28325672251784534,standing
13,0.0,0.055349928862077395,0.0,0.15885905985263157,0.2565401963700982,0.0,0.04431195610803018,0.20105401628091907,lying
2,1.1738029908896788,0.6976614836218505,0.7381306657867546,0.5357701490315325,1.7085934154838402,1.0542194834155771,0.7003668354992076,0.5720865320072691,walking
38,1.8561414538363117,0.6774810520785447,0.9460812444947186,0.6125310980050148,2.1730150041785037,1.4863157586839666,0.8157134541376032,0.6851288363771924,stairs
15,0.3664952985808446,0.14423974485765492,0.09063464815880604,0.0,0.32817918491406567,0.22659383125895322,0.08997813353596612,0.22844693784186235,sitting
17,0.12672210378910934,0.0,0.06693509138406867,0.08473818324008087,0.0,0.217938568714786,0.07173313576268253,0.2718125505997915,lying
28,0.10794428496516673,0.3102326601878632,0.12859352143897104,0.027454431198861047,0.1389378458479119,0.37370832620427913,0.12768462345105636,0.301331129412713,standing
24,0.18052309219802432,0.0,0.22391513560692544,0.11443447792978349,0.22435891831317908,0.3598517286640457,0.24385297339098194,0.2387741670452127,sitting
28,0.19799609321194278,0.10128173294713487,0.04363260311853926,0.0,0.0,0.38391831325760856,0.0693139706040182,0.22983908212908527,sitting
21,1.797210831170435,0.8922443200674064,1.098838931099062,0.6930713054571346,2.2139486061146005,1.3241173504613069,0.7291940471989368,0.4877962580740207,stairs
1,1.5001379306312126,0.6228410583200196,0.6004880248831839,0.5331067167201897,1.7775901266381986,1.1247552809178882,0.48203867013918833,0.4727571577041186,walking
39,1.307384846157039,0.5130040642187313,0.895357597004928,0.5838166925189816,1.667095511503929,1.5088103457545499,0.7854323639141939,0.538644266437736,walking
29,1.134313930468827,0.6997834303535644,0.7740517224438337,0.5287023681957114,1.4344679055969456,0.9051843986717536,0.6044120335180301,0.40671526415171666,walking
23,1.0074794871257768,0.5760104869032564,0.6256151373449136,0.5167702736394713,1.6294624579603718,1.2519731176313336,0.7329428910949451,0.5695219651502159,walking
38,1.3548025945756752,0.8598355804032931,0.798013224189642,0.6229452801069417,1.59619194036131,1.1097476036102802,0.6541765458998199,0.5369004609096426,walking
14,1.2161213506375215,0.6393360067659833,0.9614989573496346,0.2890745107648113,1.5517977378473178,1.301777931864122,0.7145047402927954,0.6347238511234696,walking
34,0.20941443129712842,0.018414002625333187,0.10206199540033929,0.1528984518548741,0.15479432352965966,0.3014128702528605,0.0,0.3921730382032158,standing
19,1.2517668550269059,0.7841967069529263,0.6202032797407305,0.4038669479592863,1.5657011890578612,1.3273640705224994,0.5390584423608651,0.5429451186102723,walking
21,1.5925005824864116,0.9164647594754045,0.7534171733571764,0.46703237306776363,1.66506159368092,1.217747688177427,0.6384805007951013,0.39960456924321797,walking
37,0.17659418447193712,0.0,0.2005778077762732,0.0736135138158808,0.009768881211921793,0.32435028967088164,0.1035436467349671,0.37097905445692636,standing
40,2.114907213031928,0.8352072627301108,0.7439550140753993,0.9067827280880973,2.284426624251055,1.5268466510631118,0.815110392046323,0.5137199379041663,stairs
16,0.04457040544044186,0.0857068494349438,0.0,0.03834731689655625,0.0,0.3030189778850737,0.015063672309391582,0.28893567971074396,sitting
39,0.02341269556640513,0.0,0.1199532014110431,0.2171771798949415,0.17736572874544665,0.19640553198320237,0.20521090339601877,0.2832818885480882,sitting
22,0.0,0.04532181382133609,0.08943622580606235,0.0,0.022073684526269302,0.1768147372248711,0.01310344939182298,0.3138336107532229,lying
29,1.4448183432588733,1.000236008324709,1.6153200819690698,0.7694007126414243,2.5488819190199554,1.614135332410961,0.7368985923332076,0.545503452458793,stairs
3,0.36231627008508227,0.2440755490183357,0.017758203279769,0.0,0.0,0.4253689463795394,0.09004427281981794,0.2013976286711166,standing
5,0.1640957493867182,0.17563363477251598,0.028558546208847277,0.0,0.048741864175838916,0.3221173313601762,0.0,0.34952999894507314,standing
12,0.27031896937654654,0.17414135299767106,0.07831915238064803,0.08603528465430009,0.30021910275296104,0.0,0.13197265517561016,0.2991088295164461,sitting
2,0.11534402468666971,0.0,0.0,0.07431849150772563,0.29031178764078225,0.04374586993453057,0.0,0.34846765040316635,lying
38,0.42290146320554856,0.1681504965175505,0.09780980159595164,0.22394563667032097,0.2813155474607457,0.4553254529566051,0.1791393507677553,0.2749726200823752,standing
39,0.29181401394028167,0.05536589101774926,0.13144888912699873,0.0,0.445789488596936,0.2389886237359013,0.07429099776210032,0.32190201226268206,standing
22,0.2402734753145692,0.2805240688683695,0.08379960982713765,0.04640312003135831,0.11718107954284909,0.26983873294942284,0.09520495720143642,0.4720987449235301,standing
21,1.4198323120946934,0.8365018139741149,0.6365305472414619,0.36315475370808015,1.789302304967184,1.2810029854036364,0.5679181106318357,0.5926054841060093,walking
25,0.034454082287735735,0.02309171995335999,0.0,0.0,0.0,0.037706411246886604,0.035392581424411,0.3471371757825475,lying
5,1.644096468009976,0.8928419554565812,1.1918368254620928,0.7843518828020057,2.1350682268243295,1.5937003255059135,0.774596171163917,0.6877139023077156,stairs
18,1.0752007879792318,0.7715097557605984,1.24866013899868,0.8963086334063509,2.2716137466352766,1.592920778218398,0.8391854861607705,0.6620976474446938,stairs
2,0.147496777944575,0.013525748468672029,0.0018597557847168864,0.074123995247217,0.10199171202344184,0.11478828947164446,0.0,0.27121778441494976,lying
36,0.1400217920806527,0.0,0.14900548812415365,0.0,0.2008159520555446,0.0904882427094739,0.0,0.31415310833688076,lying
3,0.08671609820345637,0.0,0.029912230970407044,0.05233774738895621,0.08046184068757495,0.21578464120173027,0.061314356100346086,0.18868672440156398,sitting
23,0.08146858191698601,0.0,0.0,0.03612951985218303,0.11439376520045497,0.42472188267154076,0.1569390551804775,0.459534256324436,sitting
16,0.20622668572965897,0.11603979948970122,0.0,0.0,0.275845492428881,0.14256860517623,0.0,0.35661392086255356,lying
38,1.2772100354303155,0.7808873027811998,0.8898922878137843,0.46025450057097556,1.4330753682446944,1.167447284019086,0.6623116019117616,0.49868377654851953,walking
12,0.42462737626511515,0.23238919118738605,0.05954729977471613,0.13142448633349896,0.21690573626391083,0.19263888287025716,0.05748776882557852,0.29205506465510733,standing
7,0.08066855962463773,0.0,0.03895271942133387,0.0929403455668451,0.23926150982531066,0.15106668595476344,0.0,0.4453514874375383,sitting
33,0.3355159353533283,0.13679498446877675,0.1878992382793969,0.0,0.2117817662678736,0.3029762813427782,0.012468867106751824,0.3179735560725269,standing
2,1.466664900307244,0.6692557257785853,0.880433752800671,0.5011413812825971,1.3547119674933243,1.1438663576633743,0.613015993822145,0.4231319178861076,walking
5,0.16673880511290617,0.1151212822156787,0.20676676071747108,0.24406204384624774,0.0,0.22502805962485195,0.0,0.2350389619641305,sitting
8,0.0,0.2840921882592945,0.09035635806264797,0.06850335210652972,0.3566751725181937,0.2474291322503894,0.07903983046797859,0.31778102535282526,lying
19,0.0,0.0,0.0,0.037300458323862376,0.20921929781897644,0.199174231617722,0.05482943532206581,0.08758227140408598,lying
30,0.0,0.07876992898074268,0.012286822629123315,0.0,0.06402538927287885,0.30163520795306176,0.0,0.2620812459681445,lying
5,0.03749239085460363,0.08052379504266771,0.06592159565015224,0.061534307093778016,0.06086249542524891,0.0,0.021541151744035286,0.27040554150667345,lying
40,0.13284911805403912,0.0,0.0,0.0,0.1736188764294457,0.07666794668016119,0.0,0.2903490481637884,sitting
12,1.863066588196922,0.9394545334199332,1.0229685811587639,0.7869350220940192,2.07291065186687,1.2186094031560912,0.9001821835444819,0.5346838410034915,stairs
33,0.13987253034335048,0.1722197322635085,0.0422780670955128,0.0,0.13245716388046047,0.09788966210706719,0.06529669910917757,0.31362609209206255,sitting
26,1.513507276106763,1.0362139893244011,1.2060235081632795,0.6425623021284712,2.234957760279364,1.6595001355694092,0.9921781974362791,0.6278388249372262,stairs
2,1.7273559228569757,1.0431318185884217,0.8647416598982336,0.7233226992855838,2.4007686891068927,1.5438982939622055,0.7902215065433132,0.5278663684282161,stairs
23,0.2993305163002051,0.05500921536743275,0.11489690126946447,0.0,0.4599556209198157,0.18926607577995586,0.13535196793929197,0.28879657489191424,lying
40,1.4415313914099352,0.8586493495650904,1.01747484503874,0.44256899900764063,1.8819157458759102,1.0440485863699072,0.623872315247035,0.5437393974383506,walking
23,0.2768846354866409,0.027187596812649845,0.19194869313162122,0.046545423588635365,0.2271129853959511,0.3093308445366336,0.2561120248477753,0.3009386478243853,standing
26,0.062302792547167266,0.0,0.011902513497631578,0.004060752867349603,0.03528833620048137,0.1446743021937984,0.09875903125836752,0.289013201544563,sitting
40,0.4014679924267954,0.32710800293318953,0.2772389469723435,0.0,0.0,0.4638960741917835,0.1578840069923429,0.3698743572639504,standing
26,0.157986460933034,0.21324977946733903,0.04167191559180415,0.0,0.37428163279426035,0.051608887322211694,0.07376779848781442,0.24307503689696922,sitting
11,1.1430961170662588,0.6801311432317625,0.7797998860641062,0.43341589142610304,1.5130296745248566,1.0933282504837327,0.7056007280683414,0.577936609885572,walking
17,1.3886312778608467,0.7908681517815525,0.8201007022745423,0.5455365223256172,1.746054975571352,1.2823384055393805,0.6271124273602325,0.45218967663207055,walking
19,0.0,0.0,0.006443266724449552,0.0,0.0,0.0,0.033424363714070274,0.3452213528554696,lying
8,1.2678601870985682,0.6929319514665475,0.8526278802760237,0.44269179213314636,1.722322313952706,1.2896347661056238,0.7020970093390012,0.47898472257582037,walking
31,1.1068568176281204,0.5900433527078941,0.7402324481530445,0.4315408249192076,1.540286976889569,1.0158469856750671,0.6745277753283758,0.6470055566371745,walking
8,0.011302771627437619,0.1045337964342759,0.05117961415597941,0.10833923695903516,0.1767077717316224,0.238242201365707,0.09856065138705578,0.2029429571661949,lying
19,1.5429975099887638,0.7736669057534824,0.7954859042585571,0.4896930333606249,1.5410197914376607,0.9978453793721672,0.6908961418256329,0.4504603268765409,walking
21,1.1384238113112504,0.6364044780355268,0.7474385566264178,0.4149479815369441,1.4535715779883505,1.118852420831603,0.5775474133789043,0.5271401386461846,walking
18,0.08498875796393485,0.07997011210623178,0.0974029096627503,0.0,0.0,0.3554338891301526,0.07085254503782393,0.3226590099269616,sitting
38,0.440012213339682,0.19713100597908378,0.20671000536232192,0.0,0.0,0.43175938934563296,0.1475896137634449,0.14819208826761351,standing
37,0.0,0.11619123570349299,0.030185155627391158,0.1000816898917111,0.3342364137648951,0.31657223416364855,0.11490177598311954,0.2749246922133689,lying
33,0.24227419275132564,0.3700753069593702,0.12451488067333205,0.22094877971438764,0.006541946105291241,0.2824249515781667,0.1159580744915208,0.29599460777097947,standing
13,1.8855660196337276,0.8191687102699318,0.9085048879906679,0.7430501297482459,2.4152197595165936,1.4395839584033328,0.9846954286138816,0.5434363331337448,stairs
33,0.10714869787608354,0.21195266954047046,0.05105935813816802,0.056387598649260004,0.0,0.13929473029573775,0.09513474210103365,0.3031090672996384,sitting
27,1.8308910496518878,0.6993818405286232,1.251735735247403,0.482454998174221,2.3536432518582884,1.2703999371648873,0.9218556468569767,0.4778768443873302,stairs
27,0.2248536895493834,0.18461125598689768,0.09585250553731721,0.0,0.17487852883428204,0.3077948033922874,0.05345420942629174,0.23851866677883965,standing
40,0.09501395149020002,0.3720582003159947,0.13401543142546626,0.14817132953271725,0.0,0.20917054104212274,0.09009220756935292,0.2831720012072564,sitting
3,1.392531153033592,0.852635343395598,0.7840227320170711,0.38117859100736706,1.3786610737537783,1.15671747292779,0.6598996403804306,0.4038165905967526,walking
25,0.2879477527201776,0.15070781072126582,0.11819248430668769,0.16603286861411135,0.181852446962536,0.5021816757576871,0.10278802220385663,0.32486420332057125,standing
20,0.19441185594823618,0.0,0.0,0.0,0.0,0.24989607561156582,0.0,0.28518526107575853,lying
38,1.6563437340229341,0.9927946776272728,0.824818623090598,0.5677142096963319,2.2244941233941518,1.5920363068230805,0.824122909674172,0.6075349649197032,stairs
33,0.47601603991054187,0.04900043081896868,0.16791593081142436,0.0,0.29956476003387117,0.4601502901135392,0.10379456220223207,0.43680255651877575,standing
8,1.7687288496365867,1.038291640765225,1.1071617526966109,0.7078904890630275,2.3348194789492833,1.262493077411525,0.9529119643257373,0.6108105279842811,stairs
32,1.108145590417597,0.6441687799199877,0.7429628031955823,0.4266939734491186,1.4875110573081933,1.0767878043748929,0.5531427847952826,0.5537356282353015,walking
16,0.08590470599322025,0.08310593451797793,0.010904223455360837,0.0,0.0,0.0,0.0,0.2965230500741106,lying
26,0.20203076345698381,0.0434441216383774,0.08462851682236448,0.011643157520355878,0.0,0.3873378821472955,0.21984988543326722,0.2119596946145865,sitting
38,0.4095780168588006,0.37107211332250556,0.22125361137651772,0.11670278596971756,0.05095479962090123,0.3245287252294792,0.06403168048393333,0.2846521202434875,standing
25,0.06215006540582206,0.26734482824198164,0.0,0.3058678047531222,0.014871417454867739,0.0,0.15230593668900294,0.20692153130499497,sitting
30,1.435881112017849,0.688486878805573,0.8508604197756052,0.5639093562137772,1.5976625708661354,0.9637087717826799,0.6361640957329001,0.6873504496324899,walking
30,1.2328104550978556,0.8615617631167248,1.1734619216071973,0.49197993525271055,2.5614252463661753,1.4231685552532443,0.9242451506872111,0.6603687298121073,stairs
29,0.22697959367160858,0.2618950778585569,0.01998023279307362,0.0,0.0,0.0060322622788202,0.034612148057842546,0.17629766537099967,lying
24,0.04885167789823022,0.1770441953131189,0.0,0.12544223204147117,0.1997332638954273,0.05519023516841457,0.13306084786992622,0.30142937534613923,lying
18,0.10564714997947645,0.0,0.089118274537594,0.10728955974515286,0.0,0.3409208577087205,0.005862201394227218,0.30785061617067344,lying
4,0.25519210200054154,0.08264660052245364,0.2109727275096301,0.0,0.2049178292867424,0.35511179458804853,0.2023505527240608,0.3592605941971001,standing
26,1.2174736757436162,0.6755260982133573,0.6156353356604112,0.5212557864280281,1.57860329765045,1.3094361515120267,0.6404498156094368,0.5305641985899255,walking
35,1.4111864520740682,0.8201708879100353,0.8720439134257373,0.505669749460936,1.761198024906794,1.0165415282196522,0.5799933344767157,0.5299782934971166,walking
30,1.8914196731503639,0.74567906247803,1.1208422024884426,0.7455964415107739,2.1771002804171,1.4272099058784864,0.9769218071218702,0.4739895151571951,stairs
28,0.2261019677842545,0.17315502365473795,0.17366913973470238,0.15251185858836616,0.0,0.5395153849641438,0.13353480217902494,0.3133953000921139,standing
28,1.2918233425147032,0.6077338788903837,1.1823069103741282,0.5768024263435951,1.716924849580614,1.3095390525187807,0.6410187610441731,0.513648974275695,walking
25,2.236633577958978,0.8881966830352128,1.2708453761742615,0.7737349877503583,2.4450531110435905,1.2363414493657134,0.8167216861997284,0.6570124847442005,stairs
9,0.20166965257365102,0.23635544944363474,0.07783555054470626,0.033530622525615006,0.09150340484315451,0.18826911835692012,0.1670742786752631,0.3359111344605354,standing
27,0.21382927721570674,0.09598189484744797,0.01845267276241168,0.005584963931302429,0.44084560473023965,0.2974057042192644,0.18687634997870023,0.3797373084954258,sitting
22,0.18876314352122003,0.2677388596413099,0.12514028034431388,0.026517841159835534,0.0,0.40603711642517526,0.15460415119028992,0.3771080707088884,standing
8,1.2410229119217564,0.5160166909471554,0.7961080445956037,0.4437215818635972,1.5219320468669377,0.8659522355640588,0.540307990080053,0.5057956795437621,walking
21,0.3261299936292815,0.2395889686036008,0.14112732444689657,0.13095219728602886,0.0,0.4879061845637813,0.11659066909645144,0.4316128020528984,standing
15,1.4485124902481026,0.7953647186199314,1.147790228873972,0.4688498853052936,2.2219326120474454,1.5192973116958504,0.8325010742284855,0.49064513161197376,stairs
27,0.12214999761446649,0.024225448665198043,0.13173611682343203,0.0,0.1707494447607106,0.15778761618110462,0.00783603788767679,0.30747328121120165,lying
22,0.26457190382871465,0.10616692297716149,0.05958491551117787,0.12642608730892893,0.3406904394790716,0.27131269318208284,0.0,0.39215321713605167,lying
14,0.0,0.032204259756976814,0.058068835375199856,0.08418627743200113,0.136525219841535,0.36711476850797975,0.12711692250825496,0.44071676583967134,sitting
22,0.10638019909071188,0.049135901334672355,0.0,0.0,0.14737162168180729,0.2522808121992567,0.0,0.290174327813382,sitting
27,1.7489731791128962,0.9341430949745597,1.3802701416588552,0.7358217023383757,1.696829119910678,1.408487038648557,0.7386980109602626,0.6283044038962665,stairs
4,1.398457852724642,0.7768588671839516,0.852742936952302,0.4374433492048941,1.835168651902438,1.2588217186720736,0.773238379649371,0.6396009256798324,walking
25,0.11956041396815076,0.007690757969802217,0.0,0.028142778236488482,0.2726472169206718,0.0673659613069795,0.10044886715640561,0.33042544595540013,lying
26,0.19730218257477977,0.15414075657341963,0.23427500389708728,0.0862119497975081,0.08531138537638897,0.2253567597864456,0.0,0.3503240872454484,standing
17,1.186616906046965,0.6563385977364592,0.8873929681538434,0.5262884153004747,1.7385071250484805,1.205437728345747,0.6430439736544675,0.5259569765414229,walking
21,0.3329584876030807,0.08133710494025158,0.09840172700807073,0.23880329083665275,0.09200690868174939,0.2031693565557759,0.04962827879137066,0.28425998641669,standing
37,0.3342619911887753,0.034015543902962825,0.0,0.08039256904300174,0.0,0.3589467472462482,0.14226390659350113,0.2622150718098747,sitting
18,1.3886370779419517,0.7737104954916956,0.7967054770912585,0.5610371840298386,1.798697127680923,1.0561312881615874,0.5366668860139592,0.5927298702694056,walking
19,0.0,0.11671751196143054,0.0,0.03890707383592492,0.03279569549415566,0.0562955884138735,0.13124614658130332,0.16057735670176992,lying
12,0.20759710736051185,0.08568380380181136,0.07325365771290623,0.06951545669406058,0.0,0.2573059983270237,0.2480262850913365,0.26376323579649225,sitting
18,0.11458965260029354,0.0,0.1386574418625359,0.06106475939352537,0.2653684804792125,0.22723804578153284,0.058867237380071935,0.28974813641389846,sitting
11,1.3239513578045883,0.8571666061593453,1.1786577214862883,0.6976018883049161,2.463979104700644,1.4521315283202498,0.7595133652637741,0.6803248748173736,stairs
26,0.34321085997991646,0.2224348350424422,0.18605284526931448,0.011269505994947013,0.0,0.41439409482439193,0.25845056939704103,0.3541830780335874,standing
1,0.21352978428633407,0.24971456914385043,0.042304709735700885,0.17166925606426706,0.0032628124434726166,0.32786961894241967,0.15334345595127338,0.32837172058324604,sitting
17,0.2159651499216253,0.30815377955740897,0.12088428278672897,0.0,0.009940730033367262,0.3985776389390104,0.15262043013049478,0.2822071367540282,standing
30,0.2508048340319803,0.14016137740338344,0.07580523965455006,0.010839620645835234,0.0094061282839819,0.2600673632418143,0.1212560018967502,0.4379572587083014,sitting
13,1.2357556952023294,0.9392893667406036,1.1914247148839214,0.5830599731933997,2.579419392456444,1.289906538631899,0.7540891652491821,0.6598317127231814,stairs
12,0.3803082873562591,0.17158646282151893,0.18619094216633375,0.1670637479640587,0.13365656844671417,0.450756860189375,0.09674228046304585,0.33647320367420613,standing
3,0.5073219378822158,0.03776369261029058,0.14015849462359967,0.10423765169737306,0.08401531713985214,0.4715406069729005,0.08623273942474288,0.22458005042347254,standing
8,0.0,0.21999836673707987,0.0,0.030049226726269307,0.0,0.0,0.028359491767782186,0.2988064054424556,lying
15,0.19993006577767705,0.057752673256734825,0.06290835819750472,0.0,0.0,0.23973443660176363,0.09549826729628716,0.25450516821767516,lying
30,0.12144104385533804,0.025679003733241196,0.0,0.038659341312881366,0.05984773269657748,0.0,0.0,0.3186707272940214,lying
24,0.45310342553477545,0.07209339692948279,0.17899185502060505,0.0,0.0,0.4508377501792834,0.19903808037307183,0.2841144150631715,standing
8,1.9911089749939435,0.7471029599178393,1.1331631967415694,0.6223366900978364,2.2524875952894488,1.6610063115204028,0.8378075834818521,0.6059046685167389,stairs
24,0.2696810304322673,0.20056896589117057,0.07291991481014756,0.055938708081198524,0.0,0.49941509374514376,0.05718336026207453,0.270809310846142,standing
18,1.2868687420796316,0.6848294803940009,0.8236399231826734,0.517566673520687,1.7176806252467642,0.9821083809695859,0.709193235234538,0.48201192799611053,walking
1,0.29319697421965607,0.0,0.0318658262750299,0.064488521952945,0.0,0.1755776470162542,0.03648697711576217,0.2073333199184174,sitting
14,0.30022380274910354,0.1572160552279487,0.1129229915492126,0.07594130892464479,0.0,0.44280819894817625,0.10185432991637343,0.28754474801037044,standing
20,0.1475347890466509,0.0,0.055915640422428484,0.04304177561393627,0.0,0.0,0.0,0.2937711380670746,lying
17,1.283666356179751,0.5705686867806699,0.8490408394876675,0.5387718729537374,1.4329668011427559,0.9218440512798594,0.7767375495720288,0.4339009479328594,walking
14,1.6240918301287823,0.8479036913248889,0.6485782436747863,0.6232998818311657,1.934459989514755,1.3784091041507238,0.824292570264154,0.6311114359219335,stairs
27,0.019927210964429017,0.0,0.08529494273888719,0.0,0.0,0.0,0.07236869244400237,0.27639719854723155,lying
29,0.10607021940049689,0.16045339730372124,0.22927848112307614,0.11632240121423014,0.054421120370034264,0.2396159509174757,0.11837713951563257,0.32950586949726035,sitting
39,0.07220075116248535,0.14783479876070804,0.10528461832680802,0.04055368188871626,0.06350528308351874,0.43989695357088593,0.26359111035177035,0.3044380546438679,sitting
28,1.1434006307204387,0.6042771673419978,0.7907067323477556,0.35282398089552564,1.2811413017717246,1.272758492759737,0.6836154361918906,0.4087350952488171,walking
15,1.6006996097188078,0.8777141872670788,1.3640343721242518,0.739829463181406,2.267550933491332,1.507786318886589,0.7365527999291998,0.6330708029144996,stairs
25,0.9900221303249859,0.7818824262382795,0.7007237689797902,0.4532871688382182,1.5601211593311666,1.1337318160083227,0.6584712145117467,0.5831446753770428,walking
12,1.886777160145619,0.6839881756510734,0.9875758482332958,0.6537863443603168,2.338884701359802,1.3377783179185843,0.7729026519604039,0.6331634444078055,stairs
27,1.0742361769294577,0.5418798477062737,0.6309193517687659,0.5309823555654594,1.4884954144316043,1.194437180250071,0.5910928853639301,0.47903538848966415,walking
21,0.27932436912809516,0.010051523768385334,0.142308224412998,0.026680124874854216,0.26984887245998557,0.6422210031918862,0.1434020331340874,0.24476644994004368,standing
37,1.2650855478613285,0.6838731397908303,0.8659272481963883,0.5235731439289061,1.481758596152657,1.3111772339191512,0.7065574770000346,0.5881532429165528,walking
5,0.08787358989262763,0.0,0.0676888126421629,0.10377510059128117,0.0438757573987101,0.24393212026407418,0.13021100472609784,0.27868557652021564,lying
21,0.09759937349955929,0.10860993524497764,0.04200886853689132,0.0,0.20402207670305555,0.23780169353288183,0.0,0.30011355090112013,lying
12,0.060569706851149624,0.3339356592657955,0.10186000454659878,0.1417349225180322,0.0,0.6861245564348613,0.17216377915217704,0.24694556172228355,standing
12,0.05790277120499025,0.0,0.0,0.10586955996677114,0.0,0.0,0.1383925636159019,0.2203704355628833,lying
17,1.519803377746625,0.9007258688727582,1.0831374321341876,0.583366900220596,2.3033577160696908,1.4281065871820209,0.8698462728155347,0.555726955537036,stairs
24,1.183476838335444,0.7626338576256455,0.739719320555759,0.394903768837681,1.6639393896450336,1.169382586318084,0.46758554312474354,0.560553929696285,walking
13,1.2377252723265972,1.1025213997326426,1.3146248915257626,0.732543891703797,2.229279480108337,1.682985942930731,0.9468207857028004,0.5968123491990043,stairs
3,1.6420279547408871,0.9382702931973409,1.1730385428000485,0.5851801543049571,1.9933353633222581,1.4278592472791594,0.904985059423804,0.6760167487492941,stairs
8,1.6037750048995236,0.9300941854414952,1.3094737283039803,0.776927718081037,2.3985727116837547,1.475247665397991,0.8396087141955598,0.7130952731686987,stairs
23,1.5087698709197308,0.8333900871995142,0.7585353752361685,0.7026672696648092,2.273951338729689,1.5381452387200296,0.8531766744149744,0.7244160884822373,stairs
10,0.29508217452802565,0.1486154878284252,0.12160049858670878,0.10806689706297046,0.020470036180242526,0.4328997970642919,0.0,0.302422986620941,standing
14,1.6519080165558164,1.0284796349666334,1.204039204745261,0.6974576166904087,2.413977696246983,1.567389512556702,0.7997806091139288,0.6841744695888056,stairs
18,0.2328619862233371,0.0,0.0018265823036543796,0.0,0.13517793248703497,0.1974185407405668,0.018635878243680286,0.1874956235710057,lying
10,1.528809771916977,1.0659847658665962,0.9976491720982292,0.7532958042678004,2.496211156826504,1.6391391670284738,0.9015420606281636,0.6310857146288995,stairs
10,0.022469407721044887,0.2874687404605055,0.051332574120678445,0.0,0.0,0.39323472066216547,0.2496731832684903,0.27786200830769214,sitting
18,0.0005202359634559617,0.19286367991466702,0.06446546003635947,0.0,0.02348331900028943,0.0,0.04228365463582051,0.3014214854405869,sitting
2,0.217515563355257,0.11680219695456207,0.16470536711869962,0.051812602081009365,0.0,0.5072192293074287,0.0,0.2669109235766435,standing
3,1.3984767100602222,0.6046990621634427,0.8837354060582835,0.42889534700953247,1.646726213014331,1.1393917204056145,0.7033517869887109,0.5233524783435625,walking
22,0.02584450986483488,0.0,0.0,0.019025367803542255,0.11986250269453418,0.2053709219914257,0.03182550810968883,0.16463124066541235,lying
7,1.2054880555961438,0.6370290698798188,0.8285903966805576,0.6194518300417418,1.342566641357195,1.234967187707297,0.5061773185761107,0.39929854072411564,walking
1,0.10994061681631405,0.10073165327702563,0.0615889197432916,0.09851264906100128,0.05643018041482995,0.035361955581146354,0.08196669650634812,0.29803219347696575,sitting
28,1.5897113683329331,0.8335421183779737,1.0672149689385764,0.5288373662242614,2.3492644018041258,1.4647394647358722,0.8674198794612702,0.6440728390297942,stairs
23,1.8664302305925013,0.984484725782087,1.090252835044362,0.8131010745511468,2.519505668128349,1.5880863861109336,0.8414721144544572,0.5707100007620007,stairs
36,0.22046043303730403,0.258674018186392,0.002054500509768145,0.0644260574066492,0.20730453403508214,0.1044503061083572,0.1207894584879732,0.22301093560005564,sitting
11,0.12779164959235195,0.21236977511526162,0.11389420034723471,0.1043404095503511,0.0,0.29857140141456523,0.0795491967137929,0.2727148291677505,sitting
5,0.21127094232133908,0.19061163946579945,0.24351957037327934,0.18453329549144135,0.27795651234345836,0.5383606235894379,0.15566417807249525,0.2834530427967264,standing
19,0.09528833236285454,0.06538888555853987,0.04369269571521553,0.0,0.0,0.14878486058236573,0.03342069037714417,0.25021137741393545,sitting
39,0.320982740042106,0.014663515551567086,0.12613696181980444,0.1689075456250964,0.060445411298395035,0.10122760947152545,0.07739772294323115,0.27996336009036793,sitting
9,0.7300128465781288,0.5542731919203264,0.75666210103288,0.4480675363820406,1.5695722395568517,1.1350941540850972,0.5947946948693865,0.6281484891024252,walking
37,0.34723078485963466,0.07317292491547189,0.15442619764415236,0.0,0.0,0.15033872882348825,0.2777662547640588,0.4397786606974393,standing
32,1.331330121022995,0.5831265779953901,0.7469603054100636,0.5067127473500171,1.3926402762937358,1.1694213045941955,0.6594870533981071,0.3223534338634082,walking
13,0.4392203744962162,0.20090181120711445,0.09228941166470125,0.0864411876408362,0.0,0.3457349963000229,0.21963721965703165,0.3365513082416922,standing
18,1.3639548199583968,0.6309287837047521,0.7481501671373799,0.47250048860399596,1.8618656294569162,1.117045280348257,0.6487297514245508,0.5149085117427089,walking
8,0.30977633107224883,0.19455083925865674,0.058106202832685985,0.0,0.15391239560345638,0.2815133205572011,0.11945399561522017,0.34291967809142226,standing
25,0.29493878939086604,0.17548787454995735,0.09977812537761759,0.1658110727345024,0.33547833733677046,0.32462851540282633,0.11034570281422008,0.41764240577801964,standing
10,0.28681992377317955,0.13154169992063158,0.09545624801269612,0.2048240218183236,0.11045298720269442,0.6508450025443189,0.06552526940952876,0.39388045591461085,standing
39,0.23802069480123966,0.04614936867555202,0.08156705262277364,0.0,0.0,0.10220568424180408,0.21858425427042416,0.2966374407052556,lying
1,0.35917638279745157,0.09451399739808447,0.023751766335406613,0.04382944058291904,0.3180717389663917,0.41144079050013993,0.18647447766130643,0.30973826431682433,standing
4,1.1653611035385478,0.7315272763002874,0.7646182559953577,0.40204245482158785,1.4275951996036074,1.1502431804358804,0.5783136486278556,0.5883932325504994,walking
15,0.13466565074629236,0.12582956733095638,0.06317208088228587,0.01851599860839219,0.1795594639030186,0.6044368981034449,0.21471433012329721,0.305517538500374,standing
18,0.12123317021192254,0.031549631957181,0.10505656695632942,0.0,0.1462569372901269,0.1683732912789711,0.02444388350350074,0.2322878764737669,lying
27,0.2846899990823017,0.10429945084648551,0.06153758068198517,0.12633217189207246,0.3892851251523837,0.3660938064675627,0.05257617177130343,0.2593969646373806,sitting
19,1.7195479496729287,0.846020396883977,1.0154412633821912,0.6744745846063264,2.4643686798693665,1.6236513202031562,0.7418905092029726,0.5310957480543428,stairs
39,1.1449909698292173,1.047591631704448,1.1235707789710978,0.710041136753194,2.1331929369808473,1.2038184970356283,0.7853436205927409,0.7121977659780265,stairs
35,0.1380992318222805,0.06687972794610852,0.09960582002705497,0.06566774214823294,0.17534041718632148,0.3844338448575101,0.11228608802121443,0.3781740461556688,sitting
28,1.444254943303534,0.6858135463555831,0.6751304962387621,0.5728251402375674,1.989293943319625,1.3332424977533122,0.5586305159416644,0.48469113158735855,walking
32,0.0,0.07022390788765397,0.13222123215175727,0.0,0.0,0.11937540156761234,0.10845283252147692,0.20973493001024499,lying
18,1.737640657950504,1.0852418860802548,1.0833918700015903,0.6867795037706642,2.4695173232428402,1.3007011019040093,0.7961230100539534,0.6424904939248735,stairs
36,2.4137036170367203,0.8651736853880898,1.3748032787353759,0.7772116068021513,2.4326548833933694,1.269814435017579,0.8998936395450585,0.5045229684905086,stairs
2,0.0,0.2228069367298668,0.08786453818378268,0.025043355904687623,0.0,0.11292156279802994,0.08545446120367542,0.2659631916184376,lying
1,1.480552012427781,0.6845178381032533,1.1292808758966708,0.49480551547135554,1.52818437238404,1.0260848392293815,0.6620678528040806,0.4019118159286876,walking
14,0.08848756168693596,0.08809583169237098,0.05900829367178727,0.005415914813755494,0.1300113169377694,0.1336151605512268,0.07521538030853384,0.18337418036235614,lying
2,0.2964922855522022,0.03492930719651954,0.06466314049609226,0.1746492234300271,0.0,0.2959749183213649,0.18362434065534095,0.28285706289750057,standing
3,1.618741006777447,0.7334692939280675,0.6978715826626898,0.48254338469769825,1.8496330119469784,1.2170592351304395,0.4419325208527415,0.47902903455739765,walking
38,1.563514140585722,1.1399016999172058,1.0482474737108236,0.5168487459812361,2.3309667850594806,1.5498043979960956,0.7035871515445787,0.48497811110760725,stairs
38,0.15719264592679372,0.012935844374785867,0.0,0.1284222477708047,0.3415083670066865,0.02184355803844186,0.14462488563839201,0.23025485914776736,lying
34,0.09514185505573584,0.18166485450930547,0.1572014527725401,0.0,0.06415279041174704,0.08049074779836579,0.2000966439453147,0.40866769699434224,sitting
28,1.7420128920501339,0.8508008190636711,1.2250847524402773,0.5582101504828778,2.1353736899139366,1.5316676918902232,0.9899712708163744,0.6364343490660037,stairs
12,1.1854714078284736,0.6825875709656147,0.6133416898134025,0.6111633479941909,1.7512882529761051,1.1971412289522925,0.53266734399229,0.36795026415207277,walking
8,1.1080924530912744,0.6447384625624438,0.7970348678558382,0.5108357539954784,1.9085052769786275,1.441009610221728,0.7238607615526029,0.47419047728713726,walking
6,0.0,0.0,0.03592788898792563,0.0311744037344991,0.0,0.014314072900719343,0.044112325084373225,0.35265369026403204,lying
25,0.23014412507019338,0.07094526532913473,0.09376587164040462,0.0,0.0,0.5692656673782006,0.23157267532596765,0.3507172722891909,standing
20,0.24027477512563833,0.31561793783699826,0.020795454616087436,0.23960162090076986,0.0041700178633285595,0.6214699609320616,0.17168098421909708,0.42420083451508833,standing
26,0.374301782707521,0.2567488670839585,0.11885212664086008,0.0,0.0,0.5609695481758282,0.0,0.27620681791270274,standing
14,0.30378202190652887,0.02940788539082476,0.08626149728930269,0.029536827338020016,0.06347454010500683,0.0,0.010551797571601677,0.3022499082573315,lying
40,0.1615996898206843,0.18347302852445146,0.0953682512726045,0.0,0.2227756811410755,0.3573240198324642,0.16367236601139307,0.32883422579292126,sitting
31,0.15299988602368217,0.11019717851197743,0.08743885260204083,0.04533648645880591,0.1941120396533644,0.09998030570542485,0.06318703091250867,0.2544292627088614,sitting
23,2.1374250915283937,1.0736771905475533,1.358785444124436,0.6815972392236591,2.528262199899859,1.605673454624283,0.7846722560609368,0.5587646756578285,stairs
16,1.165402582803718,0.883363982950691,0.7674017572894684,0.5334292924505897,1.3015851212535408,1.1804582952849916,0.597667358773763,0.5162689770214967,walking
15,0.025450612701012544,0.0,0.0,0.011440691838184682,0.2880148158303698,0.49505281658586897,0.0,0.21369699743894288,lying
37,0.45414255913324086,0.20245316361526017,0.023891799818077555,0.08854989288696152,0.23731461521052777,0.3652138152970066,0.10718935954539274,0.4199115378426829,standing
26,0.16083530820745978,0.03162897801110946,0.08675869531460395,0.0,0.0,0.13523192176103363,0.03516614447709562,0.4110964227666396,lying
15,0.0,0.0,0.03435659963118523,0.0,0.06312060831401753,0.13734128720269945,0.0879118703229457,0.22593053456048984,lying
33,0.14449524888877785,0.20896674065297335,0.056836377479504596,0.11108885766365065,0.0,0.2763549431328842,0.0,0.3287037077777266,sitting
21,1.937741519578268,0.8048075924166302,1.1020907126119148,0.8009349102944958,2.0184074071058804,1.5490894412877039,0.8846611241271101,0.5779211078912584,stairs
30,0.31968177882410365,0.2905328952270966,0.11092496759422531,0.0,0.0,0.2915989588125548,0.22064947752467556,0.27177664158956627,sitting
25,0.08670473265176504,0.03938434522654425,0.0,0.14467558119467447,0.0,0.0,0.0,0.29505292807750555,lying
23,0.19854736344319887,0.1584308346944352,0.17473404788904956,0.16204200922360057,0.17923546490377484,0.22684959657958512,0.16872452219985895,0.3087505350432992,sitting
36,0.1769069871348417,0.03331294257414033,0.13583699464356944,0.08093536703648807,0.0,0.23086419005629416,0.0,0.2601513113409543,lying
32,1.2935434254760938,0.8309686508762814,0.8423238575827493,0.46852028247662475,1.6305117405318474,1.3047754378692398,0.6264669372230325,0.5971307084481962,walking
8,1.7531610275724214,1.1122260609718895,1.2075196470277167,0.7409489374168816,2.34004254257704,1.5022432109847166,0.8523349518243541,0.6349267501369736,stairs
3,1.4031939758877063,0.8079836266423974,0.8586956110555919,0.6943484927680367,2.0939350481666756,1.2194914632770042,0.7918749868937762,0.5979569533110825,stairs
35,0.25042277209850056,0.22680974306353352,0.07987829072612718,0.17838339481290783,0.0,0.46611440697954715,0.1189139737645812,0.34114240767178194,standing
3,0.26497300489730097,0.12760219318593022,0.08045732064493628,0.1392190888102472,0.04376723443618469,0.18481392214073755,0.19356502710225854,0.31233452854135374,sitting
25,1.6382028236980464,0.637108866487066,0.8964324773007057,0.5409034242364859,1.6280824346426201,1.3264789783783988,0.5571356969062348,0.5678923177602804,walking
29,0.30152889993799015,0.1278824636569303,0.1475498667482242,0.17654680178069465,0.0,0.46024423125501535,0.1879442749310502,0.21614286723273424,standing
36,1.197417301564299,0.6625302180592122,0.8419883208538589,0.41653612228515674,1.4565907091045198,1.0667909606845698,0.5693080610805855,0.5398788755539846,walking
11,0.24438316638452987,0.05762631037943304,0.11739049258822222,0.12676324857854931,0.10576270503905409,0.1011470789861219,0.06527025975332208,0.3273912093044043,sitting
9,0.09590600575428299,0.177046093793671,0.03901636925845096,0.041582165982359004,0.08700890195943436,0.0,0.022195225469326257,0.31611115584484284,lying
17,0.297626958411435,0.0,0.20108981903724865,0.061848880095197914,0.27321262113463063,0.783246137266214,0.2614021693934578,0.3158886294004725,standing
15,0.32268606253163973,0.05222225753609932,0.04325460739251874,0.0,0.2805906149690849,0.5734173801350622,0.03282371078871197,0.32720202692999173,sitting
21,0.255353839554326,0.3670249861310765,0.19255000304756203,0.0022068867012915577,0.43323188413033475,0.2769744418902221,0.12553599074162738,0.19384009363339022,standing
23,1.4104749098104625,0.6330867175145489,0.5576335852308305,0.4150428932489604,1.598484500216672,0.925867412558034,0.6148789372724927,0.5668552684637052,walking
19,1.644036449346238,0.9537935486926983,0.9508491608676884,0.8043957382408213,1.9568829883001768,1.4779545678462127,0.7400819764904549,0.5206370075555553,stairs
2,1.8958105634599238,0.998701902637593,1.0914730886986228,0.6627454145171644,2.0802260719531147,1.4500008346311049,0.9426303176270107,0.5647938169716231,stairs
37,1.721438781563707,1.0195613850372516,1.051353839167721,0.425447523233226,2.4400394514033246,1.353446727826575,0.8567274839810111,0.6803340678237414,stairs
1,0.10246099815396134,0.11750267539632187,0.1937210654559586,0.1890630891654157,0.0,0.290056768541842,0.03619519797673397,0.22162324588761184,sitting
34,0.0,0.19792145990447793,0.0,0.10883663748430614,0.0,0.0843480965429986,0.07459959935806632,0.1754265648353214,lying
13,0.3936028059882942,0.17031207408299903,0.2083684226407784,0.13571242884771306,0.13289549974437911,0.28232998976401164,0.23398145905329404,0.30137259952643625,standing
9,0.16833444488871946,0.1343364303356126,0.15223330128570017,0.17561717888214357,0.05097388721776454,0.12650600828421016,0.01392979787162521,0.2068978874762862,sitting
1,0.3373050704785603,0.10026675441798216,0.0,0.1621367377206086,0.0,0.4784132176860499,0.23317781728820425,0.3864597192645227,standing
30,0.33427275417685504,0.15151306500014347,0.01798827282150979,0.10075480110849355,0.004397881873728984,0.4934876202527747,0.18637087413485334,0.3596046702528606,standing
18,1.7919053870448947,0.6867577693662232,1.4674044335768275,0.7276412540619799,2.3398207671562083,1.4541363263054876,0.6440353874055603,0.5780549213232998,stairs
28,1.312434553692078,0.654739123847669,0.7273657349330115,0.5430313367530767,1.8305955186911138,1.0462930955211265,0.6981108220497195,0.5695494507241912,walking
10,0.0,0.1378922373533635,0.01963495221422302,0.16402781262916025,0.2985751269868654,0.08925048220126504,0.001575648664246844,0.21376217472806608,lying
25,0.05568515583604312,0.038858460650832975,0.0,0.04647856694535876,0.0370463179567292,0.0,0.08440516504643385,0.17809350097513865,lying
29,0.1560085900276873,0.24797777698136092,0.0,0.017432941132845867,0.10639817330201853,0.21280673692700788,0.12186733485751425,0.3416740864769229,sitting
6,0.3769149335139611,0.3225733407564083,0.1873611669994236,0.16049594247381194,0.002154545201816016,0.08796051110141367,0.10991419992914134,0.323057060733795,standing
30,0.06546505615908522,0.0,0.2701117244581897,0.019149312191315427,0.015924254375540903,0.3714752118346259,0.09422671161963461,0.33404434999876553,sitting
15,1.232623152047866,0.9067413040320644,1.335763911777503,0.46626029017955645,2.69157844894478,1.5310749742897303,0.8440053039583836,0.7284819950619705,stairs
39,1.4985514444590624,0.6693441652262421,0.7816091653377066,0.5953299913293244,1.4394950699611797,1.3493912569521038,0.534005524198224,0.4893323433572038,walking
32,1.8885379772181967,0.926943152217427,1.06803860309933,0.7383836083341573,2.281470957101882,1.4008905045337272,0.8804043458647155,0.7219390600149985,stairs
24,0.11174553394782066,0.0,0.00997890367503853,0.0,0.1317414772960151,0.0,0.08507266847423862,0.23891519770473743,lying
31,0.3505474493868162,0.02234626290532829,0.08249927605653998,0.07154365912873249,0.09624113766823086,0.28836518755044926,0.17918544362765274,0.28732237628708035,standing
19,0.09162265972860946,0.027648073548432503,0.05610928790621436,0.04388126965094128,0.0,0.43442733730630134,0.12847052838047002,0.3038651060796391,lying
20,1.7175280297422852,1.014408201649342,1.219221830158342,0.5444783608618643,2.2664085547975303,1.6177654063335043,0.8909095405648075,0.5445801315444847,stairs
33,1.485333921049405,0.8816243947140515,1.0220646706128687,0.7209041616019474,2.148217917443763,1.506883505395331,0.8341925174186516,0.7193233490390275,stairs
26,0.5604524502069914,0.1603769946882173,0.10079799496880985,0.0,0.25791776423996104,0.4595668636794856,0.26440377841168955,0.25757369408240527,standing
14,0.3699129739637246,0.1628449723040835,0.032698887950219316,0.18080829291778833,0.13132045953572494,0.2528783005837695,0.03512462051509145,0.22986886988885258,standing
14,0.1541046991156838,0.11468436650961004,0.13668499150226104,0.0,0.07863134753283854,0.2658950188125624,0.1711404687131769,0.2089313314806473,sitting
17,0.31819971724446244,0.07597606710628162,0.17569356623187837,0.04702377483433504,0.0,0.5676773939148492,0.11576790373353157,0.30179873035369537,standing
33,0.315150278383357,0.0,0.005890403705422084,0.0,0.24333332661246165,0.2217973372274012,0.0,0.2170376473119135,sitting
4,0.1619317038408179,0.0,0.021647789591163938,0.0,0.0,0.094868499959749,0.06342311349531142,0.24353392322675244,lying
40,0.2345739841181383,0.0,0.11913076615114018,0.010351091775300726,0.20378400975823158,0.5788056177886514,0.06803883073676059,0.3282506555972278,standing
11,0.23179910600112288,0.24519068704483712,0.10291555896452295,0.08344616492943986,0.0,0.6238060147346961,0.19500277016352377,0.25407693961900907,standing
2,0.18420604340526608,0.07591243317680499,0.2082371763211775,0.1735615784604413,0.11745801951461057,0.18100682519018957,0.0,0.31489527882538076,sitting
22,0.22271571681376445,0.0344809290247744,0.06350587017456376,0.1880751399619185,0.2533635016409733,0.3178477769409672,0.08669572753235633,0.32123367266688774,sitting
18,0.09210342628049709,0.0,0.05028319052993421,0.2035538844297509,0.44630601538168646,0.0,0.04752972132876592,0.2580076019159475,lying
25,1.2624737119270502,0.8853139216500046,1.0175738684283948,0.6466408010327988,1.4402353752596357,1.1367370619883623,0.5700802153884342,0.3805306933622534,walking
17,0.11011456666732561,0.11986495297182442,0.010724214697141563,0.0,0.27656000559041316,0.2624824472035806,0.0,0.3424719209940437,standing
7,0.1483534539986619,0.0,0.07613762220132374,0.05792964551778611,0.13909134324298283,0.09643364619810268,0.1593018804414089,0.2043782809203252,sitting
28,0.4441532369554726,0.22973192449726848,0.018776693995431484,0.07492941111638306,0.0,0.3860084733635104,0.1252138293161973,0.21866533313286374,standing
7,1.674661069553162,0.9150081629692095,1.1907708263277346,0.656458197843914,2.046863589350117,1.7055755315517267,0.8190082872104181,0.6110068276003138,stairs
25,0.20644473123869606,0.2523864976842534,0.12469831032772533,0.14069091319139662,0.25372246169781276,0.2633198870901452,0.10511630698442287,0.2638510904483219,standing
1,0.15065377048701306,0.09938582324461209,0.1287778226362227,0.12201700329635243,0.0647689086667135,0.0,0.15418074381478647,0.2849782600098015,lying
6,0.22316704274207583,0.08744514423862955,0.06923295671321099,0.08532031128466294,0.057292581302187555,0.4016191130088038,0.040465603419331794,0.23041828414100635,sitting
13,0.32099537441863385,0.21403889097670345,0.15666884086889363,0.0,0.27123971198220587,0.30355640643688137,0.07242211356062397,0.2614215731831108,standing
16,0.15762530186618118,0.10959583661278699,0.07517741674985574,0.0,0.0,0.2546445665236493,0.016954781686601063,0.3802632109959667,sitting
11,0.011275125781489662,0.0,0.061171817007555515,0.0,0.0,0.24824749397339888,0.0,0.144171683067809,lying
40,0.36758085098721927,0.1036701837014738,0.051014800690524664,0.07347019485298399,0.06537698669011606,0.3276479067196999,0.12835504443092036,0.2665914145185021,standing
36,0.28220323325749286,0.22397740085303441,0.15239189682401963,0.0,0.3474722740338042,0.42487527615325704,0.12437058813780431,0.2805748570165133,standing
9,1.1702509864874933,0.7608187720144508,0.9481178276037674,0.5622011311800004,1.787976294822429,1.1701364347023209,0.679962048070684,0.5172508184480429,walking
29,0.30097676286497593,0.04691649734770477,0.026123685720871884,0.1468231808445441,0.0,0.16818075219177714,0.1468077009838676,0.3989554561476415,sitting
31,0.24598318398173868,0.0807276437766318,0.12624639829556658,0.0,0.09315281218073791,0.43869091301625895,0.0,0.2095401932014273,sitting
18,2.007869662499926,1.039042175242137,1.1840672878510692,0.6731658367095472,2.3074156886834314,1.282016010841398,0.905504475220267,0.6744751121665313,stairs
13,1.8562417963306217,0.8153263221505883,1.106406193018188,0.62552486075896,2.5987680865661558,1.2898203262096575,0.9094526553575045,0.5491068872867049,stairs
40,1.2840063266280557,0.6879073792782057,0.7645542141925491,0.5060340535675041,1.6676020891178793,1.379615136133705,0.43244865774329777,0.5711653873290026,walking
19,1.3329851582116747e-05,0.0752991064459731,0.008491145522353458,0.16970892506806273,0.0,0.10363316368316296,0.10902832178174435,0.22901413768091738,sitting
7,0.3927530805942481,0.09386939610202644,0.16406631709083547,0.011142912481305632,0.044074949092080005,0.2704213836931071,0.0838334579545362,0.29945937105241444,standing
36,0.1471169890381286,0.16515418083213532,0.0915267648138206,0.04624035038466287,0.2517276865387399,0.0,0.01537116481899643,0.21221344300873327,lying
17,0.3986533294903064,0.21984988762758412,0.14540520027961942,0.0,0.15521857132775285,0.3528943748534104,0.03947023377688964,0.34273204944234376,standing
33,0.2744712999812097,0.043270739460913324,0.051312445994772055,0.16402283249321234,0.0,0.22518801409913347,0.1555442442486145,0.2894944941009192,sitting
23,1.6297485333748922,0.6922227176235947,1.2915051244547548,0.6007980386258557,2.4985595450094418,1.3763861506590727,0.7020410355311519,0.6598708476876428,stairs
6,0.0,0.0,0.06958285416167043,0.0,0.0,0.08311981919802752,0.049183180089554024,0.17331901710290232,lying
9,0.07890178772114907,0.13674378980963095,0.0,0.06655538879338885,0.0,0.2583919987328338,0.0569195687650554,0.19578315407454824,lying
37,1.3398228867418915,0.6873590195519524,0.5763788796595953,0.45966668617812917,1.8514573252759987,1.1273568900248006,0.5436947772645976,0.30587542146613445,walking
37,1.5613128136575203,1.0292141729444466,1.1817334423488974,0.5374154598487738,2.446700061680892,1.4258819530053088,0.8702699018100336,0.6056176537173666,stairs
14,1.6330422425501483,0.9054997173457942,1.5036504287087904,0.6119645296978595,2.239474003512147,1.388699332076435,0.7546290756572143,0.512086130663999,stairs
3,0.15653377426670134,0.0,0.1823715018709127,0.0,0.0,0.08823629952694109,0.15654431413421638,0.3885155367168812,lying
27,0.21865748626321285,0.251262562328235,0.16318713904656676,0.15976729946565962,0.2740503065465362,0.39415754564034505,0.0,0.1674784645037949,standing
13,1.1407917416657842,0.6865660402141675,0.8184101137949982,0.5842496987375823,1.6528059683724439,1.1126867789609916,0.7171822653832937,0.6261219351339711,walking
18,1.562361329821059,0.6756454575262258,0.9538196266597643,0.7185708096598307,1.9501596280434923,1.5197111078732186,0.93759127923683,0.57940581297198,stairs
34,0.14374231934976878,0.0900068314387557,0.0,0.06676961601360615,0.0,0.10706254516796146,0.11315221496512441,0.23406836381530818,sitting
18,0.299271191060225,0.23545571736192805,0.16206167122721002,0.13690523684321126,0.35409547752292503,0.23429945439612093,0.18327915872326447,0.49094819895413144,standing
37,1.2356030871180417,0.6482458613672499,0.6815584337075417,0.5717042881616807,1.787223976340223,1.1440499535047504,0.5784680290385411,0.3995248933145715,walking
21,0.11231409072532003,0.06883728958157374,0.05296332565031706,0.17760475931662745,0.09194161233550077,0.0,0.0,0.2348019867441659,lying
21,1.1404328301016695,0.7224088602906797,0.956323591027703,0.4226741798497139,1.4094448666254167,1.1399366562519277,0.5454174363458303,0.4687302155134011,walking
38,0.11176601635218322,0.0,0.008021044183235355,0.06800691396598856,0.0,0.12040188119539376,0.026321537813089733,0.3579556207456637,lying
39,0.2184467473832738,0.23351152122558136,0.012232128409219736,0.2169486791983966,0.21599904981212542,0.23562355645981567,0.15711330873061194,0.2891882885674233,sitting
33,1.1620292696096437,0.6866260796974503,1.0000235313311403,0.6067183688131316,2.0285109550506597,1.0904668823617096,0.6309930544539273,0.5451215703858489,walking
26,0.24576962090041515,0.23815823292344093,0.1825686924998916,0.0,0.0,0.24155665542542903,0.03755656492583959,0.20228953606103567,sitting
32,1.7728612354116158,0.8975407687645203,1.1739649045370557,0.6104442522725468,2.4717300515474148,1.4726844793964844,0.8813786173264123,0.5450822983553864,stairs
27,2.05009700998631,0.847137054841977,1.0059189557647792,0.761732587196237,2.4042090654076764,1.2617593071441768,0.7598451438806834,0.5766889805585412,stairs
8,1.5860948440289913,0.8023421142363913,0.938447581914823,0.39923103162857043,1.9163885829066505,1.4101551658510894,0.6572758401198929,0.5140414678462265,walking
38,0.10524606441088952,0.07290553235958887,0.04104444389496685,0.09764064760258748,0.0,0.1760835062852305,0.0,0.12733843541981196,lying
4,1.3183360536464062,0.8195235483566268,1.3371986415646195,0.6839327727123632,1.9450903499082617,1.3633545138118177,0.8215431789283021,0.5938032137680576,stairs
14,0.2867175957627025,0.029086988591681448,0.13234328495056383,0.0430872833491089,0.41001652493585167,0.32112305645983463,0.034895193029821296,0.29211326697452933,sitting
23,1.4199385816409533,0.7910499855461589,0.8390113316998377,0.5343608893789652,1.5746783153507165,1.1372271131331095,0.49911716028952363,0.5130764573686439,walking
1,0.1308975621114971,0.0,0.014584614021896633,0.10431095410566163,0.20058558170575888,0.1764387803766292,0.16433864561832834,0.33158878136342884,sitting
9,1.2481062980398248,0.5747863151541036,0.7827448182872314,0.3749110845938864,1.542643852952753,1.1102512482272597,0.5275460156303297,0.556057564776012,walking
13,0.2745453663966798,0.19141145200566417,0.16051033820376365,0.024791695259341162,0.2170445669714014,0.0730988003052988,0.03366422306843884,0.24915314983562165,sitting
23,1.027712231015248,0.5920175658196184,0.6744686796011584,0.6183491837003439,1.6169991344084589,0.8326132088547666,0.40563404395989955,0.41174761758757006,walking
40,1.0887591251898443,0.5744681441358204,0.8913350939846324,0.5890652373543952,1.6288728175719254,1.3292628337393333,0.5243114003168248,0.4161449978587164,walking
36,0.19818648021687574,0.11921400988189187,0.042320111094048034,0.08740273166522564,0.010508128950499313,0.259391903534418,0.0,0.400195583715158,lying
23,0.09037355253688148,0.0,0.0,0.012411392627555381,0.0,0.23465028836696122,0.0,0.3170944895618114,lying
26,0.2037470552552067,0.11737862707095495,0.18241052202547392,0.030621611687166005,0.5383569674999092,0.3165667755419631,0.07545730091260573,0.2368372187975081,standing
23,1.6446833897256665,0.7228147253305827,0.9553243423986204,0.5904783095675806,2.532232026608547,1.4500969089894993,0.8030417872621282,0.5997481127956421,stairs
14,0.19198559226639034,0.28185753495907073,0.13344421836665293,0.0295617057997147,0.1745318756093639,0.30512062076611224,0.06367148073595326,0.2150159686521848,sitting
13,1.2203852378170121,0.951418745561999,0.8293536412014935,0.4551631262885375,2.339207046099468,1.6113268231716231,0.7173590002313828,0.6458647696447425,stairs
38,0.40537162179094605,0.20908968336397105,0.19318286406363872,0.08063301706238482,0.0,0.4322523133658559,0.1677827789524575,0.3223199771796259,standing
31,1.1334911576485327,0.5163820034288285,0.8048125611430628,0.3916419960508683,1.6201164548621398,1.0609048993157004,0.527135364268407,0.644166364760031,walking
30,1.7383534104487586,1.2611283083100389,1.0156305175906892,0.5994890427894068,2.40724756227782,1.409280833460717,0.8294570002651143,0.6135429792716888,stairs
25,0.686331069327964,0.6282697140452929,0.6207891220167855,0.3561512754022338,1.4624124276351367,1.0067882287816905,0.48963584039488195,0.41303364719540536,walking
37,0.14465733522375768,0.028476007331557335,0.06687363594605626,0.015074387949128173,0.16042743932703454,0.21596505407218403,0.014093326689787685,0.19620091859393685,lying
40,2.0026917053655326,1.0202167249005205,0.8090958936849597,0.6055028655124524,2.323322930500985,1.4619110558854902,0.8946055065772957,0.49988118149714506,stairs
16,0.4026560640072221,0.09537538277761164,0.16898169772233246,0.037891550858119814,0.0,0.4141256392209996,0.12511541617137015,0.3067134554543412,standing
29,0.10829767439792344,0.09269695276998485,0.0,0.0,0.07460342894428548,0.28523982211439014,0.14870560139377031,0.2663178911143263,lying
8,0.18118948541840846,0.02735968440892247,0.0351661777051484,0.0633409784464078,0.0,0.039273287434601935,0.0,0.30405709819154964,lying
37,0.34152566213668345,0.013881228514804334,0.03787914645045112,0.0800466889179583,0.13412067904507702,0.4532814747313161,0.0,0.3241208594561592,standing
6,0.0,0.16781569040520422,0.08041148185773067,0.0,0.0,0.29699243843834267,0.0,0.33335562906064214,lying
3,1.288109563417135,0.7989620911568309,0.8531075888192589,0.4722057320615853,1.4410038857988645,1.0482690786659519,0.5986307654827286,0.5227468327580225,walking
36,1.7374671782610347,1.0583232921184451,1.0189594251016332,0.5854612824923034,2.5227784850436916,1.6273262253696752,0.7109301144821868,0.49926573815425473,stairs
11,1.289538640927387,0.6251039398848238,0.7958372812034682,0.44254685364347807,1.7461845841530634,1.1743095084600066,0.623094631879115,0.5553172872016866,walking
17,0.14901027695443225,0.3374859108567607,0.005376742034456858,0.0,0.28365660634534595,0.14061277051633747,0.21257865706106088,0.26268973865326545,sitting
12,0.0,0.12966026904274644,0.08511378180236366,0.036222191684712995,0.0,0.0,0.0,0.22707693837098222,lying
26,0.14397863193275182,0.12658387523038153,0.0,0.014958577710263453,0.22933272323546494,0.2892412982344409,0.02794508338145841,0.3053026335659677,sitting
26,0.34909483914833395,0.3573622500346171,0.08875182667102544,0.043171985404936344,0.15188061438205072,0.3466736435584073,0.05140190210568038,0.3253488154458738,standing
11,0.18605685630373914,0.0,0.14055880668367654,0.0,0.0,0.4467263913440403,0.14826404604245408,0.34822610057922054,standing
37,1.3465700087958754,0.572754066964525,0.3268468463601597,0.45558122745521173,1.7161868817473656,0.9926534638697507,0.631429452751053,0.45899673992092543,walking
32,0.07928595358221639,0.06182571525659888,0.1285243237031528,0.04435324375121068,0.0,0.0,0.0,0.36241437757496514,sitting
33,1.5375629482849966,0.7966926602960247,0.729752443168725,0.6607361100518796,1.6981448323044273,1.0705153786756305,0.7371309997654709,0.657288464345734,walking
8,1.231761248965915,0.8822125714473863,0.8937424664496625,0.6107562347155179,2.202681870154951,1.0113653474426052,0.8588254980690047,0.6257438826751835,stairs
17,1.3940703583133383,0.7415237296376072,0.7774021405415421,0.5021565651893865,1.6524900905293642,1.1082238486435345,0.7732181660045515,0.4492727785959366,walking
7,1.0507035569226468,0.6877358170378286,0.8511530970598666,0.5013067188724089,1.8474856372199795,0.9753530182555665,0.5553473136707212,0.565344078107153,walking
17,0.15986780621286453,0.2534945893242456,0.07009169478692283,0.09755674762820805,0.0,0.2227349472669248,0.20282408656347892,0.2758312820279912,sitting
28,0.23231547626859889,0.09938488411660078,0.08813787559602235,0.06814165355587426,0.29106749098597545,0.19320213883097087,0.1509408484318121,0.30084287233772716,sitting
22,0.381619266916303,0.015113587880598717,0.1182723469010531,0.17698560000434022,0.0,0.11446375251467017,0.0403083820454654,0.38327001310956677,sitting
10,0.8974556200426642,0.5841912372967997,0.8683824436660291,0.3922220037131043,1.5806601633234172,1.002323640220334,0.7011519345536222,0.6253664481506299,walking
16,0.26499968830137854,0.16235035708633452,0.11053523867683149,0.17284835277573163,0.5478326972461915,0.3674287736512167,0.190614116555966,0.2741259735823367,standing
17,0.1927149380394304,0.07774318615426426,0.019786041324035733,0.0,0.0,0.4038957099625053,0.033926426000476295,0.23399049079198123,standing
34,1.9684408391870911,0.9363938975195669,1.1840840089856928,0.5444014611216539,2.3559234707628467,1.6994330384141334,0.802873619048253,0.6621438344086057,stairs
14,0.21307453047769848,0.11222885460452597,0.06336553734654718,0.11272544757187761,0.0,0.0,0.13932448018162089,0.3275391298855108,lying
21,0.1951822692011806,0.21741395088600454,0.0,0.0,0.17964463279596163,0.17968972350968682,0.06181008422348758,0.2826745386692702,lying
37,1.8307943015338644,1.073887765499812,1.2606668526938094,0.6766010996738903,2.2483974976217405,1.4779245425858885,0.7317582291849422,0.5641104686051311,stairs
11,0.32625283324197507,0.0,0.06494649255099655,0.12806351943802868,0.33295802383242445,0.14686011095506835,0.11263071227151036,0.46534786971646014,standing
1,1.1007547856577604,0.7181253372906385,0.8078639580622266,0.5135623038251752,1.6412200657683915,1.3140211401438995,0.7200873006095057,0.5295521759021983,walking
24,0.0,0.3594347096935593,0.20902397726668698,0.011292210254517328,0.16214862160377486,0.6915484279964508,0.021797950001356634,0.18959596770421025,standing
26,0.25125510496903175,0.08415500655648527,0.07901088176797608,0.12526237918131933,0.0,0.19937963457065092,0.10745049237196816,0.30869342000472183,sitting
6,1.8155123515256701,0.8385404780647137,1.2695148407711458,0.6133794687950872,2.2373708362421554,1.4558679164053365,0.852708002700468,0.5392509328333812,stairs
1,1.1471769568961276,0.5891591571605174,0.4598135971556818,0.34729307829787204,1.7983387683566305,0.9687590550474414,0.5226021932741622,0.639361892955531,walking
1,0.2187988732663086,0.1533390693532327,0.2319218267057962,0.006935117812079408,0.1375322205544388,0.2769447210170617,0.09383942892508304,0.2753390263637743,standing
35,1.4902855201789176,0.5576870123497978,0.8620680368119652,0.5070081365032172,1.9117724861121483,1.1841166752371968,0.6601317403430776,0.6140141989844887,walking
12,1.2465530240838714,0.7530306655362531,0.7325505287607056,0.5743253136329319,1.1164787468093222,1.1344267234079384,0.572173215832494,0.3977050732691594,walking
1,0.11313747218602166,0.13021550753836902,0.03525834067444936,0.1120884148208833,0.004177869617148753,0.03087941162337686,0.1601586134593436,0.30981734057427285,lying
25,0.2562091938460571,0.2330539067995664,0.20076703231940246,0.11508571583905496,0.0,0.09711773027343051,0.053710580759488605,0.2977083558258331,sitting
4,0.3859576152850695,0.24757022591797906,0.06661134790653907,0.0,0.0,0.43230509077057594,0.08016677571618994,0.34800119922614176,standing
35,0.10556118943759267,0.1710485029968248,0.09711398485572224,0.08225156181178585,0.0,0.011378608583101427,0.05501140323133957,0.17081485186916207,lying
37,0.34382765475629284,0.15294539630653986,0.16716970101933623,0.1573742180632111,0.0,0.26574374350666435,0.08977398083722307,0.4079679207967744,standing
21,0.28966551947751085,0.12950488612105998,0.1837980081545723,0.0005571976142383223,0.1513848853943257,0.3649896445898425,0.22837924401421772,0.3422562299755121,standing
18,0.20273582915650018,0.20409183049767976,0.0,0.07166816487862393,0.2463434011471741,0.24838150309777496,0.10836047566765092,0.17627960786734775,sitting
17,0.19316849391904312,0.2018310119137814,0.12299669115674271,0.0,0.30468735563053717,0.25923147448072226,0.1965021056283801,0.23388800002755378,standing
27,0.45606987870560145,0.1691635951910329,0.08890248931212613,0.0024893335871656597,0.17045881803430768,0.20020172756550664,0.21820668394912973,0.2233184306520296,standing
14,0.37851334082325483,0.188767653580479,0.1511699479722863,0.00407279628821465,0.0,0.4824226492759672,0.2282919838011115,0.5021272872285386,standing
3,0.11269489842285449,0.10372421403528195,0.058474159498675196,0.14607216772291864,0.3179373315058879,0.08899544126989811,0.05095271034489323,0.34672570765004646,lying
9,1.8373887313080877,0.7961770145970788,1.2115190387789525,0.6250339277772479,2.529338146022936,1.2412537879764118,0.8675724548090261,0.6740728919166631,stairs
13,0.03897896977006971,0.10295651858076701,0.006080283898601095,0.0,0.04701974452408723,0.2829515254171847,0.011323994432050025,0.1609048055132123,lying
18,0.049714170065802116,0.006994778045388006,0.12956039455366278,0.0,0.0,0.2640524263635229,0.16434217932074882,0.23446489160654455,lying
4,0.1730937084660145,0.2446072441311884,0.0,0.1706002557844371,0.12561330175705393,0.3846026988026712,0.0,0.2709882233008575,standing
32,0.16289737242821795,0.07784251905582741,0.0,0.0,0.0,0.24297030592160704,0.12869067768116735,0.19326147600802746,lying
17,1.284131106723448,0.6494491082368727,0.7321676834662317,0.5883025381291322,1.5403490364094305,1.1204781678535005,0.6348513895400749,0.45291759161416956,walking
14,0.07427286189523805,0.17212645994502476,0.0,0.10337110941743793,0.0,0.2699177358050616,0.031042938769459297,0.28158205628145144,lying
33,0.24634872631975807,0.17837628259039373,0.0,0.0783617963383462,0.0968210733905488,0.21983779552218569,0.18293117284204216,0.2929242381396998,lying
39,0.16955225087173742,0.07557950679031553,0.1238582784325524,0.01965038020661417,0.0,0.30179804054905834,0.026755706269121216,0.13048004442656236,sitting
8,0.08715341842636011,0.07469305443885497,0.02315758070238727,0.0020190333815553324,0.0,0.3158680112483551,0.11922239602286008,0.21446045835360933,sitting
17,0.0,0.0,0.0326639836017895,0.0,0.238590216442747,0.0,0.009629629427258157,0.16951834035647245,lying
6,1.8862654747252006,0.9917739342396599,1.0024760586517645,0.513519729677425,2.3465515759411297,1.5702477200584295,0.8079597048718719,0.6268771522569474,stairs
29,1.6178961157302538,0.8795458677650881,1.2936783898908333,0.5192813075199201,2.4146451157406235,1.5567367958152485,0.6954112335272682,0.5461048915819449,stairs
2,1.6079990973165015,0.6834957535049372,0.7416044745432466,0.6110756859825595,1.8814604057280113,1.1863618917408327,0.5522991770627773,0.5095536700539149,walking
31,1.5739962617237735,1.1375761634609836,1.1595458506671175,0.6894938998262268,2.290784132441649,1.5261542641292145,0.8073793388570462,0.5420456632188415,stairs
37,1.7272380913777168,1.0472105864317671,1.0569869190054213,0.6750038551806122,2.167174692980394,1.6479747538559746,0.872849095462719,0.6935172714229653,stairs
39,1.4238895939929685,1.0869843446165959,1.0183509795202756,0.5367204057535545,2.241935661956297,1.5215778086037117,0.920955300201852,0.6814480283124623,stairs
12,0.18461642127481998,0.0,0.04026929228098599,0.0769168784036191,0.0,0.17738448966461606,0.0,0.3486501214104082,lying
37,0.2976043952782266,0.18206765509084213,0.1766710291711147,0.13484478305438372,0.05240621333307959,0.29825454467578755,0.13196301140548744,0.3671099809667613,sitting
7,0.32960133059605007,0.10079653211979797,0.0795600770589075,0.0,0.3028566372144256,0.3539408172920283,0.25839130905183605,0.26295192373023424,standing
12,0.2647208790794668,0.23113395460353423,0.10214681184375088,0.15072606426424157,0.18087092774444474,0.46483173634814956,0.13633971182654908,0.25788559499907726,standing
8,1.710718390793402,1.0308839310100737,1.0700937305431568,0.6499038432672127,1.8153259494472185,1.4776926308085083,0.8167136385752993,0.6485656302037554,stairs
36,0.1750701577918828,0.09520317628234712,0.13346644423259274,0.011137350592010826,0.0,0.21495828826683624,0.03959843011726271,0.28473750239105855,sitting
6,0.4586360470012185,0.1827315140272451,0.09346170625053578,0.0,0.0,0.2568328090105526,0.09069068743862324,0.3353497738870587,standing
31,1.0616144200426,0.5578263228114424,0.5794205311982307,0.5589282834460119,1.4830324745123107,1.1685043230942853,0.6288423470934352,0.5509821249336071,walking
7,1.3282199727832211,0.5495994491921726,1.0615661288694114,0.49553888267523916,1.2897000200598014,1.1246127719185905,0.6882181841964043,0.6560099772180628,walking
21,0.17023593234542933,0.31722753693082895,0.03758874732519483,0.08479223308665104,0.0,0.11129682020844923,0.13741490053157462,0.3643734980093579,sitting
9,0.15334499079634586,0.11535916131486175,0.06418453668481297,0.0,0.040433334578021715,0.33247555811709295,0.004721913923983814,0.25680997334881045,sitting
22,1.8534033582529164,0.6223384332679976,0.8402990025864604,0.449506720874089,1.802444233307138,1.29189969293095,0.703869145984754,0.45598269497142285,walking
5,0.37807310016219986,0.18965813673105142,0.14788086027396247,0.0,0.04375494013989514,0.2657639862072234,0.027906258560014496,0.47479509496522165,standing
29,0.0,0.0,0.0987847491838183,0.17988425345802292,0.0,0.290300661165066,0.07872092304463374,0.26614471063940964,lying
17,0.03824522656591249,0.13024878390010985,0.030044449331584216,0.09470529585514006,0.0,0.14587718741578334,0.09013240439517661,0.31610134366728554,lying
3,0.08277705822990591,0.22096021777857572,0.0007294489140038593,0.0,0.09834716688428063,0.0,0.0,0.23583967899008634,lying
32,0.2694720552519097,0.3504668817452851,0.2344154023462216,0.13194976570659087,0.0,0.38928388053403284,0.16167075680021664,0.3611820864604412,standing
17,0.0,0.07214504448373922,0.0,0.15416548161295146,0.022535925227487263,0.15441465609225305,0.08346014514587688,0.3421099271856191,lying
15,0.0,0.17382290602586442,0.15818864232260826,0.027174726185272835,0.37202054472689383,0.24372355006425508,0.027596523157390217,0.4073406375244194,sitting
28,0.13977777902690555,0.042079057032174044,0.0,0.19330372735320347,0.03765198865273739,0.09580140459835577,0.1479026931672685,0.36322461200022804,lying
25,0.3324443119219281,0.18668903673379,0.13294628068148484,0.024192004178467633,0.27759082304115523,0.36287954370754194,0.1909466753968279,0.25060062213175716,sitting
3,2.4157553269536853,0.8576264427011719,1.2972008573696656,0.5934651356756955,2.2833677517177184,1.3397439718637518,0.7462644531492673,0.5831629369710261,stairs
10,1.2372342560921759,0.5913257551269419,0.9968557834437342,0.7199292118476617,1.491145514438361,1.3047885136970283,0.5586571059943695,0.6348759134559253,walking
8,1.651456351099637,0.9060457945384017,1.0332219089495933,0.7655194905698893,2.4418625087821093,1.5465308954780037,0.8084867752598444,0.515093649304671,stairs
27,0.29829851068933194,0.3236121797441819,0.23238473602532034,0.05813994724556006,0.45833651659322694,0.39663737395662424,0.30051314046582533,0.22156247130427287,standing
1,1.5345590643956446,0.568663703188355,0.6304101385696756,0.4115214682256617,1.7713217915846735,1.1475420983298479,0.6016044435347158,0.42763686467233936,walking
6,0.3032067281867952,0.15419311868503371,0.1346314916077352,0.2582509117095155,0.019110274336815572,0.33790483771683055,0.3032270947783887,0.324200936377512,standing
38,0.03700799628645507,0.03978307377376896,0.0378779602579218,0.0,0.17477540147563125,0.0,0.0698134353187962,0.25824823741438563,lying
31,1.5625664794916108,0.6836874763816359,1.031096517633942,0.6140199846808257,2.2534888211079958,1.4702138865361667,0.714776262372865,0.5472998194948264,stairs
19,0.0,0.0,0.05450905364119487,0.0,0.0,0.4285921639327308,0.0752474758865519,0.398222835382927,lying
37,1.5875860094293492,0.7881624832349,1.0104900499266216,0.6932874510124043,2.327766211320443,1.692722211387836,0.9990636195947066,0.6089298895176225,stairs
33,0.06977910426341138,0.08466062911317393,0.17749056207226796,0.09324396492072823,0.03185570075590176,0.20219095788130856,0.08793285427488959,0.425668434852224,standing
4,1.2192678647425215,0.7451273213097496,0.8653500709995229,0.3553879283410157,1.396602096784749,1.0850789244874792,0.6048188366326375,0.484594186221308,walking
39,0.3044854215351247,0.09614237299410651,0.09141643740897411,0.05900936629105506,0.024883857188547673,0.6370287769944527,0.0,0.28742303237905215,standing
4,1.4725515582864663,1.0533031892409004,1.315584404820867,0.6494724456531915,2.178846477913073,1.4006803399183934,0.806653811467819,0.6022789414412963,stairs
9,1.3734221349835898,0.7114837999730309,1.0039745480177107,0.36106832947297035,1.6915742896921413,1.1793400288908118,0.5704918690644839,0.46072813047009953,walking
15,0.0,0.1447661027247665,0.11946279213325253,0.0,0.010090861292656954,0.0,0.1845759641412918,0.3392649210796965,sitting
2,0.09420379966458832,0.0,0.0,0.07264519551074,0.2625598002621212,0.0,0.0,0.28827664874121234,lying
35,0.08375200938832489,0.19627825764309814,0.11455329257333347,0.0,0.22240237839582946,0.09306013418869918,0.13663449365374514,0.2578075126743329,sitting
19,1.3970992315987167,0.624905613817547,0.7251527012708714,0.6007629408492852,1.7008438749100987,1.4046642648318826,0.5764136196163723,0.5835316825824793,walking
2,0.1986767552798051,0.05922104810351647,0.11405341531109014,0.03328488733814018,0.0,0.2056223503582028,0.0346547682551835,0.3754128495086552,lying
11,0.007951417976109876,0.0,0.05572100825095182,0.0,0.0,0.09967663993895283,0.0,0.2807146118319249,lying
11,1.6684945421489106,0.9255154204655377,1.2497629950849285,0.7620508295017598,2.37751433937285,1.3475307188634669,0.8437454077381583,0.7338884330736579,stairs
39,1.0199481787083329,0.7149112474146512,0.7027762880683657,0.4899586106139093,1.5950330577522616,1.0235700663957523,0.5484057539175907,0.457250204120378,walking
14,0.40137441429202914,0.0,0.14975124766199763,0.0,0.341118945122876,0.3149839062033953,0.13066341707006301,0.3962235454905415,standing
37,1.7041158363128601,0.873252376064143,0.9938445339806045,0.6125917461760207,2.5357592125055133,1.6176996936147052,0.768313929600297,0.51057370138227,stairs
27,0.2191893664161954,0.17849867727317978,0.1953303914429778,0.0,0.0,0.27994578461725156,0.06384436227625458,0.24888032352646888,sitting
21,0.08604925017484222,0.08596984243040984,0.0,0.05980525378540802,0.004747020409075375,0.0,0.1200855789497752,0.21854040930138102,lying
2,0.18411117730497983,0.019899030236778276,0.16550587832943914,0.0,0.1082908097496767,0.06133929120467582,0.21167198524388836,0.39173807406244254,sitting
36,0.3920880071028935,0.05657456204308188,0.03247650481157727,0.0,0.28304013623481283,0.44064483188145165,0.058522709562469674,0.2889397879951171,standing
27,1.1472292239643385,0.5881365513317683,0.8759842792777931,0.5093821284169993,1.4338249123710842,1.0516518440925997,0.5836758663655579,0.5409861631604661,walking
40,0.23559251836430656,0.23616058605757148,0.0,0.24158869121791432,0.0,0.23328361644011547,0.11549374956600064,0.4549898012264565,sitting
38,0.26839914222985445,0.06654046602066052,0.05754735109036215,0.09660635845736268,0.42392172625325,0.44637313133799456,0.09759516688151099,0.4455878747459515,standing
2,1.108125767356536,0.8107358031282816,1.243668494626729,0.697225091911845,2.1533614681883635,1.5276582317432796,0.7564418535571201,0.6768505110252305,stairs
16,0.4087738637699066,0.0,0.06852278794418744,0.08547404704276074,0.11021121958044261,0.3460770266948018,0.0964307909317681,0.24408154466493748,sitting
33,0.17434996556329474,0.0,0.16247910899603274,0.07955052041451266,0.0,0.05030744095548871,0.1101687304641581,0.22912415942739875,lying
4,0.17810114221830406,0.0,0.12174833743074193,0.0,0.10653812718258496,0.04072257558321021,0.051845927023619634,0.3027500158984006,sitting
28,0.9011396651714689,0.7879117590954409,0.5883192693191281,0.5219252304233098,1.5557899880308466,0.9105420109937254,0.7358813369093693,0.5570916648205175,walking
37,1.2694328805728483,0.7598685722323538,0.7649683212073866,0.4550160489317153,1.7366358138575944,0.9548150454737827,0.5857724282326098,0.5462389966231066,walking
17,0.10628494367052149,0.0973187946464751,0.0454087906325195,0.0,0.14403258838713484,0.30431397150190964,0.08326444853977072,0.4615949478665105,sitting
11,1.874275230264123,0.8795732004690637,0.925618029245538,0.6191229034428308,2.3129917402550726,1.5291389390135757,0.8227130569919016,0.6649181426794033,stairs
19,0.3236989824872739,0.18032385938476478,0.18878694948869915,0.0328292094483308,0.34726826098412705,0.18993571153859937,0.13232703038457894,0.2671988110720831,sitting
18,0.1259516649432084,0.07882525880957732,0.10527375527053748,0.1593877701186171,0.20345841341496912,0.387094991365471,0.1305318038108857,0.3205326313279094,sitting
34,0.06841405119182958,0.08280142050482243,0.09938264207793635,0.018159048417752417,0.0,0.0,0.0,0.264446055544315,lying
7,0.2914497133396931,0.14680753712511596,0.08551107830436529,0.1393914176408667,0.18788260076760144,0.2370721104658686,0.20590963084554426,0.21352289332586777,standing
23,0.2673258778199847,0.27427924935613507,0.14528662515382784,0.05467364358188295,0.32421053648691645,0.3953546986527589,0.06886358839868581,0.5171922966108196,standing
24,0.2256187189540773,0.22918137248384782,0.08444367379109041,0.0,0.0,0.01636780309405958,0.0779574255961389,0.2359420385922184,sitting
10,0.06342973732325424,0.04964929603427602,0.08493331451933633,0.06890457393904018,0.0,0.0,0.0,0.2298313528899933,lying
7,1.3607103700960694,0.9988579967906608,0.7804837798810372,0.7933279299779953,2.3473685370346367,1.3272956411696712,0.6813044340989307,0.5915001014842061,stairs
5,1.5415418546982365,0.6877126703034253,1.2561482127831165,0.5678821846426088,2.26925386208433,1.5286511726180698,0.6904512349206211,0.5174711252850428,stairs
37,1.8487904090173013,0.9261024418310858,1.2227574798372223,0.763188146264127,2.3961217695444392,1.2234433730029703,1.025293349503125,0.5602747240232776,stairs
4,1.6044244264786935,0.9631371005057731,1.0569151175680667,0.5603118229202543,2.5361294222931248,1.4247338010905597,0.8183662170650868,0.5437016098888972,stairs
16,1.649735989163385,0.9296107972888551,1.0326911030600525,0.6603436642061165,1.8763090058057266,1.0566760693904573,0.9789298041142727,0.6507342204039048,stairs
5,0.21091721910659236,0.0489761641451686,0.11666591835573147,0.0,0.2423454721767479,0.43563772009473295,0.11039442964569504,0.34499551012788454,sitting
22,0.04006668959887702,0.0,0.1843319861714039,0.07501330025538162,0.0,0.11090000942866142,0.12157546353617646,0.3229658858814401,sitting
6,1.5144430535999232,0.7589758335272501,1.381214347991512,0.7184251694453649,2.5806432992930834,1.5329266964688664,0.7638626361263801,0.6949439060821273,stairs
38,0.0,0.07157031035157183,0.01638929476256186,0.0,0.19607139179119568,0.037846680784745304,0.016536858311653458,0.31791730873388085,lying
33,0.254398630009599,0.1466187763491787,0.0,0.1713594733350281,0.09500935874717556,0.46605165088393674,0.050184339046376876,0.29491794412260686,sitting
24,0.0,0.00021934847657570367,0.05908369038370041,0.13347763862048148,0.0,0.2688192071133024,0.0444231039641172,0.42083958213718375,sitting
22,1.6151918991228569,0.770248609603827,1.2803877167068565,0.5806946327327962,2.3356077270471465,1.357964742688139,0.7946586165279971,0.6296041695264454,stairs
33,0.28587444336223256,0.15567882167760758,0.2131585064524562,0.0,0.0,0.25416076984711505,0.10363076420272872,0.18788196084661413,sitting
26,0.18405956048419322,0.08904597269492376,0.22432894291243882,0.12646404650923745,0.11887071190352994,0.19067762953873924,0.07134331524434338,0.29790630482200864,sitting
19,2.1347278557439324,0.8782006352422065,0.7485674051846855,0.5792927838490761,2.2430112824451225,1.5421516851902735,0.7430849112228655,0.6616797173376838,stairs
5,0.18141961337391999,0.09955675172571393,0.17731805647978288,0.0,0.0655212290511698,0.08662797311488238,0.0,0.1644259813147778,sitting
38,0.3994460966317873,0.13037182606409245,0.14000503110795387,0.12385224904619291,0.022019727655490692,0.3200505647262937,0.17750558304081984,0.38451668378889925,standing
39,0.16368266569493933,0.0,0.0,0.05814637722339184,0.0,0.16721340340345364,0.0,0.18804993472417464,lying
6,1.1475689566455738,0.6704318185412804,0.7473895762608825,0.5737859451603906,1.5686360254062908,1.1457106365196343,0.6253204788452115,0.4653220911933165,walking
21,1.4734885064570495,0.6892730039510647,0.9255375519899245,0.49281730677158747,1.796034578752549,1.231987110016789,0.6653381545472122,0.4757158182903537,walking
11,0.7697728422189654,0.7014527368388833,0.9330457825997446,0.611402543433413,1.4418984371668722,1.0735310798222262,0.5814401389118793,0.48336110765015633,walking
11,0.09119002725157403,0.040777508111006056,0.0,0.10113647090159711,0.0,0.20726708419489975,0.03331987989574281,0.36742616193238786,lying
3,0.0,0.09427466533724363,0.04014336023909258,0.10782653022127603,0.0,0.0,0.030835412826312622,0.24462058678914267,lying
35,0.23405314828788398,0.12685653045787776,0.07987359097071296,0.0,0.0,0.30250540120219094,0.21968253846783403,0.12847075180102382,sitting
37,0.0,0.0,0.03002488240174587,0.0,0.13754687874045912,0.15251448328428135,0.0,0.20183627507282825,lying
1,0.2392230906642146,0.10506011461440079,0.21580037905033347,0.12545506695777414,0.19149252235904363,0.4376351040629356,0.057952878288064794,0.34647990730622813,standing
9,1.5072857576674803,0.8263210200989792,0.792831467018621,0.6644365007845219,2.114133710516789,1.1816107489850662,0.7819106722652753,0.6352016663096774,stairs
21,1.6346651975783388,1.1251154426538408,1.2497086475633796,0.7043535676375188,2.2747211682541857,1.6481808037960601,0.7320632766074225,0.6090031009317486,stairs
24,0.053720380131340284,0.0,0.0,0.015546324880812798,0.16097439779595693,0.0,0.03563158679581975,0.2510495939834923,lying
19,1.7243598747261768,0.7794215199359817,0.9379465833929583,0.5644373712691967,2.425872301223515,1.5200741517197547,0.7147392067918854,0.6683916340598056,stairs
8,0.12219916955118004,0.0,0.18491902622977238,0.24950776626161492,0.0,0.3040899706867402,0.07206728579314095,0.2778565960777347,sitting
35,0.0,0.0071958604456808795,0.008277963864775584,0.018645986267355488,0.0,0.0,0.07089957534805358,0.3487916903827753,lying
17,0.8737667811662553,0.6821633197996199,0.9437048990544085,0.5465270191355076,1.5847586556905693,1.0792873141651982,0.717129886433678,0.4472987268073696,walking
30,1.421485198670886,1.0376501063684465,1.1584986834474054,0.6257489047830295,2.152128922094018,1.308407480056165,0.8360104009504323,0.6730099676884015,stairs
26,0.1695506668351679,0.04739478516620607,0.0075440856195025385,0.10492822006003052,0.0,0.13820034478788462,0.030838542167757395,0.15215574111209793,sitting
7,0.07558906469819768,0.0,0.0885538391179422,0.0,0.0,0.0,0.008612611752607361,0.31120843507741586,lying
7,1.7833906697861557,0.8284275561729314,0.8443770146501113,0.6338584254728774,2.487431913286254,1.2382018999515947,0.7568847977759854,0.7114039870979405,stairs
12,0.07643785934782385,0.1991004753796192,0.18685086059837902,0.12548553245677724,0.2515960981074934,0.18974421357699292,0.07027184182366131,0.12320858445631513,sitting
34,0.0,0.056062306451562814,0.0,0.0,0.0011774158508462834,0.0,0.11546267327783713,0.3561079393856278,lying
18,0.27989701832932845,0.2832216849776501,0.20142901056114768,0.08654535543147897,0.09914695036625912,0.49212659520453483,0.1050236781066562,0.28073300966701903,standing
11,0.8460401819145891,0.6393307054188156,0.8321676608822273,0.48846619191543644,1.589020746476415,0.7786657201308413,0.6305372743287015,0.5285976134361722,walking
6,1.3523595565188555,1.023906571726197,1.163404750654829,0.6695508357185971,2.254355327109724,1.499757965337627,0.8932484964125518,0.5853223352480438,stairs
6,0.07615975304960532,0.13144521355627609,0.10626194627428985,0.06076377462429898,0.09882707529710369,0.11641075384576248,0.17511280315425728,0.19488969572861614,sitting
24,0.16876341826508354,0.052589998443723515,0.04324913669039414,0.05344102271555226,0.0,0.1300550075387843,0.03472017824105264,0.3014204977166708,sitting
32,0.4262237163653436,0.0885655141905647,0.07826867469698434,0.14535261397131294,0.0,0.4931707194699768,0.0,0.2512040958132516,sitting
23,0.10963357218964728,0.13877481132707056,0.13086537491448386,0.010269498124683795,0.085434219364656,0.04742297198933486,0.0,0.08439871390220202,lying
6,0.16475662265744326,0.13928390442948324,0.16350824116694584,0.08108361256791405,0.24955862955006716,0.11452101923104528,0.13253368473050722,0.32178004311261127,sitting
36,0.15843405342322753,0.0,0.09867346786623479,0.0,0.3149352803655586,0.3389579261921491,0.17932665514715404,0.17963129544438938,lying
11,0.2691373766879988,0.20957138684014745,0.2514260153446508,0.04617667072158817,0.018895920777094607,0.41377008723082803,0.1427806248895151,0.3618391558056388,standing
26,0.1266370867209895,0.08465152487257796,0.058005954479530025,0.0008216732658826234,0.05556510591655833,0.1662647431655095,0.1316080085109416,0.23707290464626693,sitting
2,1.6279064373839038,0.7764973039378713,1.0046254706441184,0.6147948682638251,2.1824518622635685,1.4821739240558094,0.8520929178734122,0.6527751316378627,stairs
28,1.536172660554757,0.9959783245695706,1.4488450411408431,0.8100064254608279,2.1908928275154094,1.6054219254345423,0.8464261847664083,0.6080165336033837,stairs
11,0.0,0.0,0.026930372036724482,0.0,0.2586182233008128,0.24573967830289983,0.0,0.35373639594510936,lying
9,0.16041989822275066,0.13062918803046533,0.029466584554698902,0.23022198831336688,0.0452692840335452,0.23794224935259106,0.2674841788333665,0.08635244389716354,sitting
5,1.2891142061683434,1.0411944769629142,0.7336542488709905,0.5855619435820478,2.4638410625132554,1.4329390631390462,0.8061350867467036,0.621076308963067,stairs
20,1.022814686952293,0.5865043219065306,0.7784154645633836,0.5593112311986267,1.7638869890740487,1.1401301679429248,0.6260743014012505,0.4291001446652381,walking
5,1.8417833723818862,1.0098864228315445,1.1621478531376643,0.659686635812312,2.102886343763748,1.461522793963502,0.878663296875966,0.6168250101907704,stairs
31,0.16326328094914322,0.06549807530971258,0.035114970766450364,0.11602871156768481,0.2167743687526621,0.08243755720259618,0.11351291170412499,0.3361417791448545,sitting
13,0.11728082287050282,0.0,0.0,0.10324091149565379,0.05502998393488208,0.0,0.1211286414071664,0.23478306438780897,sitting
1,0.045958542954271306,0.041748151998076806,0.11654903620641693,0.02999157598638551,0.28871196216406203,0.4711170571760991,0.0654458357682222,0.48737965931502397,lying
8,0.029596230673502588,0.22111204748882596,0.017765961575481312,0.1148844101268133,0.25625288016739833,0.4835626944055092,0.32830278452821327,0.28492128058637695,standing
8,1.5564906109689434,0.6973229218868288,0.7026444387012112,0.5610578416343452,1.825262578814578,1.2260929647113794,0.6348106573922994,0.5285387590255435,walking
7,0.2892241769646691,0.19512586493291856,0.12306010074405728,0.013909019916688116,0.2700626202350084,0.4116198193993777,0.06438929108601481,0.36937636776435506,standing
3,0.44275903158509217,0.025995797413314883,0.21205674553529436,0.09935012166871468,0.0,0.0,0.09232546786565371,0.19415818766988202,sitting
18,1.4552294610028342,0.8646779860781155,0.9955726785522588,0.930705962070708,2.1887746266201127,1.6782834383136094,0.9474358310167356,0.5458075459440374,stairs
19,0.2524106423602963,0.20842832406469,0.0,0.20589946671390758,0.39905088663703936,0.2771359524183901,0.17201067548114723,0.3214614562221722,sitting
9,0.1662672350125828,0.1604584974981919,0.18268796840607052,0.0,0.0,0.2897548732258639,0.05675146297844831,0.3120173013781603,standing
19,1.4211909962068834,0.7908641275527387,1.228791791638737,0.6846706653483664,2.317929726214371,1.5545917115063899,0.8320894118417519,0.5401327994006377,stairs
2,1.485596886003422,0.669119523055558,0.905982149197595,0.44043202913946045,1.445495041780008,1.3501713629853982,0.4668915676175617,0.5610938171329367,walking
40,0.9948316321578321,0.6727819880218628,0.9427081867972852,0.5871866118731697,1.4818894389229635,1.2458832267324949,0.6993234661908552,0.5958417558152278,walking
37,0.23284109165611713,0.0,0.02101768390105066,0.04546824226242475,0.08926314215386551,0.29207801581479126,0.08581924564796126,0.2762972763277846,sitting
36,1.6963914376772633,0.8896719408375666,1.3602433873969935,0.666558086448733,2.534871763985264,1.552337449991197,0.859401227758355,0.5839803752964399,stairs
8,0.0,0.015030666712664977,0.1602069690917907,0.017308312338746298,0.03826603849143755,0.0,0.04011099005391264,0.3049819961664466,lying
39,0.2203074543726748,0.10265800993998486,0.1428674953410672,0.14704850102812372,0.24636325404800477,0.6142868289643717,0.015153795856430716,0.3665991422618786,standing
23,0.0715237749604231,0.06439845305058715,0.0,0.0,0.000443543795101628,0.16018938288484588,0.060300198160224944,0.15138164434507875,lying
5,1.4718017970502337,0.8091607056080398,1.0163345842887557,0.47801165072926577,1.5279554513893023,0.7320709827546974,0.6870555580281128,0.5642394631805525,walking
23,1.6911313704403594,0.9601957110151791,1.0497043733404519,0.6327579244992826,2.445991443245597,1.531542396719089,0.9402959286135054,0.6244507235287489,stairs
8,1.063081846486118,0.7764076034764704,0.9354075736278786,0.5446694701395357,1.670534663680186,1.2024615566258825,0.6974554559817863,0.5297070100778465,walking
14,1.1713789427837096,0.6209819680520405,0.9144336140057078,0.5085617959740134,1.738632060862693,1.2639420632166494,0.6605739639245265,0.4918521858157225,walking
9,0.25947318808370196,0.14415522680760243,0.08674086886414996,0.22422975830971315,0.0,0.44543375175896094,0.0225221782416396,0.32586226955675673,standing
10,0.13665441270398881,0.04820097339532365,0.0,0.022225019655774333,0.16150694857746123,0.000817773764558466,0.11244377003996858,0.19515688520990382,lying
9,0.2635870910366996,0.14698870290470029,0.015592374266783879,0.0934180884421269,0.0076764037813207425,0.3393729073058178,0.0,0.39103641625354646,standing
28,0.8447980765981704,0.5174721965334748,0.9756078438059814,0.5206356546470052,1.7349544705654445,1.1512662412932202,0.5928296357670456,0.5476689511254113,walking
9,0.06258321673395895,0.0,0.015672220188483833,0.0,0.09749063718298048,0.12069515478730929,0.14874051613614878,0.28903659672565374,lying
29,0.0,0.0,0.043464198389432086,0.0350854767203278,0.0,0.0,0.0,0.2917405500165976,lying
4,0.14197557469004932,0.1789852194937383,0.17468319747082084,0.10216072708576532,0.07552007007266136,0.38859804951545,0.15956303689076867,0.23152825017142237,standing
16,0.09027457475228895,0.20668268901177791,0.12332110816515882,0.0,0.0,0.1346111875182462,0.02045581937175598,0.426078789601088,sitting
13,0.23350503858950725,0.09404535059909137,0.019092904749813303,0.16426285205548571,0.08206847120225812,0.13159039335199768,0.1628181801787878,0.22101088559427315,sitting
34,1.3824258603951636,1.1176179541884967,1.2493334004515908,0.7123820527482372,2.1489209447610444,1.5463617546547348,0.843235008865566,0.6345923381717155,stairs
4,1.5356372226390222,0.907871775414139,1.285311667909372,0.6519338132440726,2.7536654169154757,1.534108809156719,0.7767790150683377,0.6015855199675748,stairs
25,0.15234900791431602,0.1614723208239912,0.0,0.0,0.0,0.3721939333619999,0.0,0.3021639078895545,lying
29,0.2933885013734461,0.08658717438669847,0.12138097530889862,0.026757098789134688,0.20076565878974273,0.37459232713479373,0.2150456953975174,0.46481442346567525,standing
2,1.1560251267552109,0.7394961788992555,0.893803177446431,0.3754651593733497,1.4699699906075185,1.1875509817536154,0.5909150647646445,0.5805380919661235,walking
21,1.9549481338925372,0.9013014626810996,1.2709491257130419,0.6593157033267301,2.222161720722369,1.5635669333953042,0.7168910559872882,0.5346559243897097,stairs
38,0.38406289011846684,0.19849020813811694,0.0,0.11618726926577276,0.0,0.46489452034190093,0.0,0.2882530391930279,sitting
39,0.0,0.20823967196783516,0.09671524829665831,0.005731819130225163,0.12572975265777886,0.0,0.06723580318441068,0.2137126720136616,lying
22,0.18336560601913454,0.2056606769521557,0.20958880848891492,0.052566960061275855,0.27060388541531505,0.43497242399997227,0.14309250267946502,0.2808814990969947,standing
9,1.862066475560844,0.8499472111900348,0.9770836113307775,0.6914570824640216,2.3334905590836508,1.294210624951027,0.9591984391661406,0.5995109585256776,stairs
39,0.16475980515450425,0.0,0.06554713847738924,0.03870082288804867,0.0,0.0,0.06592555837711854,0.27216615367337826,sitting
18,0.09314426667116474,0.2211995059897099,0.029072288445738455,0.1591279307433436,0.0,0.08085115526040833,0.1219487850014262,0.2896048847592245,lying
7,1.8767200409072329,0.8515790736339721,1.086324744163153,0.5837573836858208,2.549678819459679,1.2933352170635062,0.6295277984678926,0.6807838131785067,stairs
40,0.3156969039386721,0.16145537087350623,0.0426573615119855,0.04536452357830548,0.0,0.36282725806762284,0.12290244561996091,0.3482057169040872,standing
28,0.05625743151210101,0.10559134120131264,0.01109253048208753,0.013588218529031724,0.0,0.2727883765331516,0.17622991050978987,0.4066987680395396,lying
15,0.0,0.0,0.01420377723522184,0.21843105960799375,0.0,0.11743732959700304,0.0,0.24134701199749753,lying
18,0.30334444782933556,0.22981057954279516,0.04405030285094613,0.15571144358610017,0.3859191164344845,0.36126052638484574,0.2169954612163349,0.4275246685796259,standing
37,1.335371256822203,0.6069603717387811,0.7749478875818396,0.5632912435914752,1.5552050962681419,1.2301143715623053,0.5272878508781488,0.6197475614634489,walking
2,0.4878581513419512,0.2926620288902635,0.235911321418899,0.0,0.0,0.3366638173500668,0.0742560674935537,0.26978241111640494,standing
5,0.16250306870149137,0.17951563241842006,0.0,0.0,0.0,0.05146440027264712,0.03726598893397602,0.32449526098661857,sitting
2,0.359204771987303,0.2141052849541409,0.08105479519012002,0.0637772742142447,0.0,0.23884143881646278,0.18744019533373485,0.26109041072355643,standing
3,0.12309188536687064,0.10835204786030218,0.05259225252118557,0.0,0.0,0.19671540771509843,0.1955560733134577,0.39038899590762616,sitting
22,1.305799175538559,0.7218840463677072,0.7857098106511426,0.5097307224408543,1.5829532915734568,1.044787707791686,0.6590891401662294,0.5155642511752488,walking
5,0.20464673101639114,0.19959339889429548,0.11736360934808707,0.17787181983199984,0.0,0.48961171320196756,0.05826597937803607,0.15696212840490079,standing
2,1.1864331747809203,0.7997028235146164,0.777525007777672,0.5578854729315292,1.4334939614595688,1.2409293993692208,0.6480936771479279,0.4809828308512421,walking
2,0.5506485794145173,0.0802936536897342,0.14205791362171855,0.07842404830153342,0.0,0.2438690620716653,0.15663335414118226,0.2757449525560431,standing
27,0.19494438410009987,0.06990049534325003,0.0764013312054202,0.04003432320177708,0.3970465340440278,0.45191288423640114,0.16186097915168668,0.2958345228044557,standing
22,0.12145683495987311,0.02417123671813091,0.04977148952356452,0.09441976371173122,0.0,0.11360331598228542,0.049891957854209364,0.19747140369466537,lying
3,0.084160532689632,0.0,0.1373592222270663,0.05319054606105535,0.02786442955673294,0.3703970567448867,0.10020327711202602,0.30081140232287895,standing
5,0.14447026485815784,0.0,0.008974273797173443,0.02764687159524935,0.3079515278100844,0.1548997607291383,0.0,0.3955380857473325,sitting
14,1.0218111721430474,0.8246401973338722,0.8050047703672574,0.5240620823609008,1.5921212265640439,1.2866600261424397,0.46349459097155615,0.6044491389167054,walking
20,0.5020617085368212,0.38607855776729205,0.0682174695383505,0.12794079024456517,0.0,0.3429193989699345,0.03178897432036046,0.33140078135672035,standing
27,1.683684197860148,0.9353468089147036,0.8260433359615846,0.639994607631973,2.29758108435153,1.280037799637526,0.8199124224391783,0.7122584604345771,stairs
35,0.03736625789065772,0.0,0.006852693800802695,0.0,0.20210004089643582,0.040280189797327,0.0,0.29167345266641,lying
35,1.6079108720524717,0.9007284042123901,0.9913855481470593,0.5116695058686406,2.5486637702530217,1.4737312135871408,0.9058422337861707,0.5944111049954379,stairs
6,0.3849737949664932,0.0758750828476802,0.0,0.10429575863927487,0.0,0.3108659871017109,0.09540548915885966,0.23333038307733517,sitting
16,0.2936340433438558,0.16615104206952266,0.05669658533625896,0.061179237842640774,0.009794474121259306,0.19074068763466734,0.0,0.3003194315879319,standing
31,1.2838871016155657,0.586014692550755,0.5968084754442782,0.537547435900995,1.6575881557408323,1.0081480425858287,0.7555019592311106,0.5452406379417548,walking
25,0.14336236896454183,0.0,0.06541926836935773,0.0,0.0,0.12073692381419678,0.0,0.31270871405919565,sitting
2,1.5703129625102585,0.6891891116550256,0.76664173412636,0.506676581954769,1.8728162991918895,1.2128148852772336,0.5598222555320569,0.509930138314683,walking
8,1.2304399116429596,0.6613957487457485,0.49914818506955905,0.3971762292765892,1.784813375352964,0.9273093369029428,0.643954756961194,0.4547723972573257,walking
6,0.28680742737069476,0.20293704588909495,0.14525772704243353,0.034542703461753164,0.14900481597182091,0.7698223918948293,0.1277397567425899,0.3894975379131696,standing
33,0.4753789647908907,0.4265421845722458,0.18824394465049865,0.15649561921289493,0.15234683100434035,0.5574665503615945,0.20415560491328982,0.3292967994801759,standing
1,0.2043883822618451,0.11219779375099632,0.14812537180185817,0.1882645554963392,0.0,0.0173683415988041,0.1685105930681008,0.399275465045114,sitting
22,0.29865745465988525,0.17260173809164092,0.11416424681796719,0.09258441813758575,0.07562399551575984,0.2846933332332387,0.15129572462366944,0.301796816268387,standing
17,0.09203226492268436,0.012876947031643743,0.1497483544506341,0.05134648754843173,0.0,0.08671252202929558,0.16382349560630388,0.2389546708333313,sitting
13,0.05210869500427909,0.21495691940170447,0.1554994538802432,0.33156414779103566,0.0,0.5396989939525085,0.12114650297975321,0.422759886728338,standing
2,0.08752934119123101,0.0,0.0,0.0,0.018182343511265457,0.0925293997961981,0.06705436716822301,0.33802439908510196,lying
40,1.1169536783067977,0.6601127207806566,1.1996148340649813,0.4516944212391886,1.2668200157451484,0.9425014942480177,0.6668714404567755,0.5722413853869163,walking
3,0.17054530354908373,0.0,0.09239356339440002,0.0,0.28009618468442815,0.048266363460981954,0.09243804422854121,0.3264540472042915,sitting
38,0.14026421557776078,0.026732254366390637,0.10007730167126788,0.0,0.23780200281702096,0.32685164794842914,0.12355984438305193,0.37744995580386315,sitting
17,1.3054784608232008,0.667429196531844,0.8642823000935295,0.536489598985064,1.6043130691948444,1.3606670997751071,0.6469184910892866,0.5340646160751324,walking
1,1.5076993884353034,0.7678676242501998,0.8567420086253236,0.6505366618274666,2.174075339279688,1.3764674716920378,0.912126702044707,0.46604940520439636,stairs
35,0.17394117082111973,0.13512828219944759,0.013993122604010186,0.0,0.09092633473830299,0.4135117587881678,0.033372318984578056,0.23181142587089118,standing
30,0.06869648694583609,0.09304610769009532,0.10318547165378027,0.027739880372947195,0.0,0.24644403142641144,0.13736627880663863,0.37300447544914306,sitting
38,0.9808013750585254,0.7948123984545477,0.6068608276110186,0.454536530000172,1.9136496316569334,1.1666285464749804,0.6517914514589671,0.5384468639536388,walking
32,0.03512808996783534,0.20275128133372528,0.07846287963064592,0.11907789762952667,0.20770063934257796,0.1857682859632531,0.0,0.42629667097443885,sitting
3,0.2953121991626573,0.0,0.14311924100802537,0.04595104748264486,0.2079925939106002,0.05578294337793609,0.1280492384477965,0.19756640053642066,lying
2,1.411005295317727,0.4742046326711752,0.8566579035392133,0.7124802145160829,1.7158637648283974,1.2211517483555259,0.5214821954412842,0.5583175562796376,walking
23,1.4153308383719163,0.5646459372963697,0.6392888621136417,0.6609068477839709,1.7033690358524127,1.145678089097271,0.5312438007446748,0.44420238725569544,walking
29,0.932379811399527,0.42878647064228687,0.8291497065842997,0.5770437434474638,1.7421687227534282,1.1773284946003904,0.5951325380437955,0.5511808392208999,walking
1,0.216296620355235,0.07923939576551589,0.14323626093986153,0.0550848272656516,0.19421849928267326,0.4897266012743611,0.07398201395916432,0.40401344127073463,standing
25,1.43377597954417,0.7721825581864935,0.7180703027997682,0.4862240969222621,1.7844139522195006,1.3885678362349572,0.7968468893624977,0.43115768381944936,walking
1,0.11811721585763746,0.349312740542433,0.04624570371273566,0.15818049181290555,0.0,0.38333462539768237,0.01500901317615451,0.2015844858483647,standing
30,0.26299007352622183,0.2271059193606909,0.09693751998994447,0.07451348728956078,0.08462773045532769,0.3753932944286026,0.1562016200310425,0.3926368717555019,standing
32,1.5506982987661395,0.8430598605176949,1.0821889669185314,0.47228172740709595,2.2559194388916124,1.5796420588349214,0.7393349612460645,0.597699865038782,stairs
31,0.16893010268895253,0.048299390646468966,0.07591963416929896,0.0,0.0,0.1483055966179273,0.0585012663127471,0.25582812604143745,sitting
21,0.3425674739215181,0.18746230588017543,0.15882971202892224,0.027527228814102633,0.0,0.45292302869763845,0.026375834980934182,0.31108938109987494,standing
31,1.2704801554109393,1.0177508422319959,1.0935649886530088,0.690466760574226,1.8886962191440824,1.3967027241077024,0.7252229692466171,0.7405667767154619,stairs
17,1.2893124499507067,0.7753689422479251,0.9015769244471998,0.3057463640867813,1.2902000764260024,1.1696244205823432,0.7030441657946424,0.5197271335968158,walking
21,0.017839148127305554,0.0,0.24647175158996737,0.08389201874081982,0.174631924917789,0.27141031770446516,0.12850372858396922,0.2809906295926027,sitting
18,0.0,0.16694195341690313,0.19821277130094334,0.0689680612877438,0.014425648151361997,0.025089573365545348,0.09198145062180818,0.2220878238224855,lying
30,0.08553528943737125,0.0,0.030597795980621255,0.2728908752669643,0.0,0.2418740160140985,0.02415344332110531,0.2817020809550198,lying
3,1.192272222609204,0.687014964152708,0.7243411278435162,0.49978381141116157,1.4898836262018718,1.0976251939905344,0.6665436658773151,0.5775885321642387,walking
30,0.0,0.009530776938874073,0.0,0.03889512581292994,0.0,0.17178337140580294,0.03653780152948842,0.2855147674732714,lying
30,0.4004121121304526,0.20647337403203955,0.007701223998077544,0.0,0.0,0.5589154299878666,0.1572488276231143,0.4087593785710217,standing
3,1.3270447667952414,0.7849045983816366,0.7254508394840059,0.3991138983114055,1.4526964348574172,1.254781770297094,0.5604482737651885,0.3820844015651937,walking
22,0.16887428624532896,0.24406640772468396,0.0,0.0,0.0,0.1428027942894809,0.08913345103239242,0.3041692662508703,sitting
25,1.0260489712196679,0.6829425463128294,0.8017658675685848,0.45662060273711286,1.5819924422298803,1.1783539396910292,0.7417769984921111,0.5443013898997442,walking
27,1.2647725431873713,0.8508272715321202,0.773329435693327,0.5414543490992133,1.5515733993902168,1.3477598077976354,0.6525419363621963,0.5758926580971265,walking
21,1.4269535604311403,0.44861334991409063,0.650586830747869,0.5208787952333247,1.361763377472986,1.129763881919944,0.5971107074460709,0.6520688133929208,walking
23,0.15633135487360728,0.2488627202295276,0.016118811965271235,0.07852743118347794,0.0026159890932742694,0.0,0.029893584408787553,0.23641290974520016,sitting
23,0.24004630390395226,0.18906059420944327,0.09763963700028747,0.0,0.0,0.473421255825192,0.13291564661128488,0.4116899255987626,standing
24,0.4056531040567039,0.12046834220619357,0.22737476178271737,0.20763007046440768,0.0,0.4306766793592883,0.0924704305241241,0.33455875541775,standing
17,1.0023457834840894,0.5689831342336358,0.975776138046101,0.4233627867533627,1.2455417405733469,1.1200902654516884,0.6015882041750732,0.4851026889859766,walking
9,1.463537449807434,0.9374278457811606,0.8988351349018893,0.6528636558390901,2.2382857106957292,1.579101960092797,0.7737343425741822,0.5226639648660791,stairs
23,1.372064858232572,0.8933164679855717,1.1373951675743357,0.5707876310169744,2.127876813172237,1.2104039916985037,0.950961798857001,0.7756873044362176,stairs
28,0.2653933460592685,0.266726868343031,0.20068710251704414,0.14959829263915825,0.22602094199470762,0.3726482394187833,0.2339758209879172,0.3632925604186043,standing
23,1.113594086677577,0.4361490241224077,0.6237514219143397,0.3852342468263513,1.3906430593920323,1.1135722159520733,0.6580931175976861,0.5209049586805516,walking
39,0.31663589986423746,0.061133437624717485,0.13692688622941257,0.0,0.4408046676285733,0.47960984418431696,0.0,0.3349455874999321,standing
33,1.4028378656016725,0.9229104221203178,1.0937974389333365,0.7464471074863855,2.4768530038055316,1.4758174927261634,0.8610924349989255,0.6673626455104783,stairs
28,0.026282066399388307,0.0,0.13302085374458508,0.11584527058862853,0.11459882197808954,0.2729123241739835,0.06097030378770146,0.3571744545711324,lying
2,0.15482321292895557,0.1333608785739794,0.0,0.04836353870539388,0.05843854973783094,0.0,0.149165480918506,0.22571876227906013,sitting
12,0.09148211341452107,0.020947431826943474,0.06257559216131743,0.03282751541050277,0.0,0.33349486245253535,0.16746563596775968,0.18431402312677014,lying
20,0.19179340825307395,0.1654985090697491,0.10596707900204891,0.01581485772578984,0.08938468213103049,0.3263856207798249,0.0,0.3687567010265347,lying
23,0.3504873261902866,0.05367283450663839,0.059542926095629105,0.042034621042045084,0.3004422502806483,0.4302916651027676,0.1569235791495906,0.32664084225370926,standing
2,1.5103501312620025,0.8815966967953809,1.0558359614637702,0.7778685013796801,1.9728272894967385,1.354788275724464,0.8385336900292367,0.6317991361153841,stairs
7,0.19222070826144183,0.0,0.051787507895030935,0.14199065989539456,0.1933838229526389,0.4004849659667494,0.3521864698099201,0.34053343308589396,standing
10,1.3856055745798679,1.118746848882523,1.3410953781542894,0.7279669090833255,2.2590317581226387,1.3365402266423696,0.7954848417810868,0.4757206451146926,stairs
6,1.7481064501858306,0.8223386357007101,1.1688698098167132,0.5851825387146424,2.2106368331842363,1.3841236094315297,0.6685929811976594,0.6837312122065817,stairs
36,1.4323786020150835,0.8334661890205106,0.86990472604616,0.6713478351001931,2.1349910009405804,1.2106203159154365,1.0154077933427574,0.7008985091994294,stairs
18,1.401753418421083,0.63485432330905,0.7367042432978798,0.436258918419047,1.452597010851122,1.0051183430503183,0.5202605858411126,0.46844625426590736,walking
37,1.4018104181707125,0.6505887194941173,0.573856720376703,0.5636973919774555,1.7835491715575225,0.9488790325797309,0.6189952927089769,0.6705299935518712,walking
21,1.5371546883366507,1.085336902281444,0.9219017159852897,0.6952452785896204,2.0990124719228533,1.3841462402005125,0.801679817293274,0.6117362216656709,stairs
10,0.26757557395376663,0.0,0.1558203123710921,0.03095413836436094,0.1961807634941486,0.3469202331576452,0.0813843351075583,0.19553101120186778,sitting
20,0.09097626281181455,0.0,0.0,0.08642190501728017,0.0,0.31584438425762035,0.0,0.24745504245684022,lying
37,0.03378105793154271,0.028127877148666644,0.029068568144456075,0.04540865326248476,0.1642543211050357,0.5385533389835393,0.0,0.14336416272182953,sitting
19,0.16685243132963246,0.058249082750677895,0.08292517143491211,0.20693787676204156,0.0,0.2615782753480791,0.12595279166880283,0.32514901184882317,sitting
31,1.4760953322886667,0.6771954044675358,0.9003708092349517,0.48802089809367805,1.7962880347302106,1.094970635119605,0.6163651433348807,0.47178789342331146,walking
1,1.615367464355632,0.9599917984076664,1.3146264520719755,0.6612509282468249,2.2220171054167044,1.6710067862766786,0.7965549914594258,0.5625684171567501,stairs
23,0.2530079211700748,0.0,0.0159726501883152,0.24629768436160626,0.0,0.27518168584393293,0.12375857058905539,0.31075776077290307,sitting
28,0.06018018211353795,0.014703728264034956,0.0,0.06536237155722258,0.1366902916504874,0.0,0.0,0.3886489804929195,lying
34,0.19573467803963854,0.0,0.10215393247041189,0.0,0.0,0.37210585810015995,0.014339812954436176,0.34761697361614396,sitting
23,0.5944348396620018,0.13374860805238548,0.1474732335827764,0.0,0.0,0.2873304143515075,0.05755717924738353,0.4791962422721826,standing
13,1.15213976154471,0.7936555015053725,1.0234054136030832,0.5818145367284168,1.5595632616412263,1.2293089283907235,0.7480034164037261,0.5762197363230843,walking
26,1.8160695194723706,0.8972835953890311,1.1185079095060233,0.7517211841451475,2.1450722135892804,1.2461648706636383,0.7750995213023967,0.5937419286271101,stairs
4,1.0890215100854455,0.7426816862067813,0.9697392817450081,0.42998986614233803,1.500593291429951,1.0463700675581413,0.6177631875889877,0.40998215855861897,walking
16,0.0,0.027874904222462447,0.08746638914147617,0.0,0.005208489855268894,0.0,0.14318676046079254,0.26799255472471234,lying
23,0.2708953344304721,0.2630007613422963,0.12474575587875499,0.027530841327521968,0.0,0.3777263434943262,0.03542651743971231,0.300028858788207,standing
24,0.2756468526632422,0.35962620682381796,0.1412391793131083,0.0,0.012871839908400934,0.4792874852883533,0.0,0.38249008237326276,standing
19,0.22403126244754207,0.0,0.11947109171453499,0.10864178098440264,0.14494751704771863,0.0,0.042555099420783137,0.29379094106701037,lying
39,0.0982034526652178,0.0,0.05818154276537314,0.011891029461653296,0.2572899023519962,0.10369691355261876,0.2498145414659344,0.1831887416147294,sitting
15,0.27421548773850113,0.4708776732910186,0.014789796193581811,0.17132453066895376,0.0,0.4200902269284382,0.26190480184738396,0.29172240966181234,standing
37,0.0614509094623016,0.0,0.12815065399180695,0.01711992671029054,0.1949880583977602,0.0,0.0653984370329152,0.30208275075369834,sitting
27,0.0,0.032461011146139196,0.021764155828487876,0.0,0.0,0.017051196446590602,0.0,0.2857439193529298,lying
22,1.3543877752431073,0.7194231519844405,0.8969759844100732,0.4911219635790903,1.5174002245706963,1.0443064551733088,0.7143601684821744,0.4176384327806478,walking
36,0.0367650879709791,0.11393995483131836,0.014838979466302232,0.0510844429940617,0.1559026738912544,0.23997393451815813,0.16309346158802254,0.35397961102989695,lying
26,1.312670843071321,0.7221429231992268,0.5841372288465575,0.5259921096273478,1.595693049751106,1.0314860926933525,0.5639871646001178,0.706127322084757,walking
11,0.08015696889753667,0.07293137366801877,0.01441531558678474,0.11355178196647533,0.0,0.15451070619146468,0.0,0.2424084468263087,lying
16,1.6366707063960964,0.8804125962151956,0.9516074119138136,0.7473368724033473,2.2496373605022923,1.3320309515750448,0.7708152763510523,0.6353734656370059,stairs
36,0.16112097904468847,0.0,0.0,0.0,0.0,0.0780976791085214,0.0,0.15051752272649077,lying
36,1.77343468270644,1.1121737402290108,1.1430748317610582,0.688185922923977,2.273435761288129,1.4863292730467772,0.8204264316022692,0.44419403743914687,stairs
17,1.3253061008573743,0.6769104395490787,0.7736565175584307,0.3153366597909112,1.5248496054622078,1.3164682344406642,0.5443559753163338,0.42801440923210854,walking
32,0.04792020705334109,0.0,0.13151394622282783,0.08097301575193039,0.4573260351859415,0.0,0.0,0.403245171253794,lying
35,1.5657668378459744,1.0397351986475605,0.8614745405985186,0.7161660203834631,2.113252720136142,1.2355002706521896,0.6945194681798453,0.6527601257052862,stairs
10,1.433596367119674,0.9249697255389706,1.1897430451982245,0.7877238040570888,2.3284429853522424,1.2255479349614022,0.8668506587881903,0.6431193128516615,stairs
20,0.26189468032359253,0.08808038565101046,0.18467308994941473,0.132149646541693,0.0,0.3250856192604535,0.11214388917789236,0.3052460291709905,standing
25,0.1804007434999296,0.3411848066766656,0.1711247117252812,0.0,0.0,0.569502289080861,0.26151294771403133,0.29915480468383315,standing
26,1.630816311289455,0.7699118361702875,1.050461092120716,0.6857556274856607,2.4494496656829496,1.345644280010811,0.7756748647790247,0.7225330078501628,stairs
38,0.004046662959832359,0.13179970633390042,0.18364654105116718,0.12988243975080233,0.5167259891565175,0.5803954369459786,0.05874893908817773,0.28151625497307964,sitting
15,0.18807147256321743,0.0,0.08485306538374202,0.0,0.15116901616800346,0.0,0.10677702721158192,0.24623573999353582,lying
38,0.08372047286011873,0.0,0.01374786042438813,0.008691852017942689,0.0,0.0,0.0,0.27077227505711593,lying
36,0.049596963095874275,0.05737517819189456,0.052069919429550277,0.0,0.37889466836663266,0.27066967332148606,0.09285942042795581,0.3041540196299127,sitting
13,0.10141962731281547,0.07239159480937588,0.1098094984520477,0.0,0.0,0.21361365161868723,0.16523235658417565,0.33256663449085094,sitting
15,1.6616696862131612,0.9823609508825846,0.9539575953692314,0.5426196005600851,2.5596187980529086,1.6247718246997787,0.9473943309778681,0.4709252102073029,stairs
11,2.0659939575833906,0.9445694228768949,1.0555926289269781,0.7120676067133964,2.44409545549418,1.4715047274376927,0.6564253243436564,0.6493816192505724,stairs
11,0.12434978603762034,0.23816027005691956,0.1113336920718753,0.14944429093464723,0.0,0.1663126017026549,0.11778551693429065,0.36922400725108184,sitting
12,1.5259149968288273,0.8167695730421961,1.5403149477268538,0.6695090100302803,2.7062911345891294,1.357719403072728,0.7242775383276694,0.6814283359785189,stairs
6,0.38054147328603827,0.29755958583742625,0.31150724341655706,0.06733436727886873,0.03299059680937876,0.24288187830840155,0.2885780536333544,0.25163430514440993,standing
19,1.6975343120932467,0.9305514724685344,1.1066334946468979,0.6377302313451593,2.012466599889948,1.3016052607278328,0.7537582703279462,0.6537133179895374,stairs
33,1.3775837803884214,0.7806519054962074,0.7219716221421828,0.32326892528893736,1.4935240101129486,1.2169881767220316,0.6014285472642242,0.49548364656508914,walking
14,0.2609306045581474,0.13616027178309037,0.16289336355914638,0.10182731966330669,0.32778968739677933,0.39468707787292606,0.0392859563187373,0.2942993627220429,standing
5,1.4631674458589041,0.880586244510534,0.8463649499903699,0.5177955850382481,1.6006711015263513,0.8047706418019955,0.5564709766278079,0.41730958800091206,walking
39,0.28313604058854897,0.32735568689288896,0.10493547799528515,0.1630795716958151,0.3901555951227037,0.4351188099752888,0.1649621776587525,0.3219676094370373,standing
13,0.0,0.07708975136566473,0.04987611442552447,0.08352127285838418,0.14584705090227978,0.06462413520637228,0.04886732964830129,0.20039142412250577,lying
3,1.8992767070958898,0.9337669085052976,0.8337428298445027,0.5658140288877817,2.627470640280416,1.5833291829446314,0.8460611130299701,0.5260823139914106,stairs
14,0.06058825138332047,0.09405538611708715,0.13562193865820904,0.009800300811580759,0.16014340021086268,0.0,0.03403839928894742,0.2761162210419148,sitting
28,0.4002022996713833,0.06483128351796574,0.009555656115321068,0.0,0.151787562127529,0.20501661897537482,0.0,0.3185915550873158,sitting
34,0.12303293584581113,0.21711286293034146,0.08514938289839992,0.20539742942672912,0.18178599584414126,0.0,0.08959611613123931,0.26861171749031754,sitting
24,0.0,0.1296275638012001,0.00621218009282834,0.11646558249855427,0.0,0.19981271192699732,0.2890468834224651,0.23338131999885406,lying
11,0.2698940671460154,0.22952614952100903,0.14930817846875089,0.0,0.013489099777122697,0.015262843341926347,0.1454323549883793,0.23203954014921802,sitting
37,0.4219219766304527,0.16315141956354473,0.045348578929293254,0.0,0.05794824684705957,0.3301857911374238,0.10653790744579227,0.34305887705148236,standing
11,0.09922233895328321,0.22034107291697252,0.0,0.0034005020196404,0.1831863855810852,0.17597404215787543,0.228442030288194,0.32474610273171994,lying
12,0.19320974880647834,0.096571021921397,0.13159753119966305,0.15032822390811437,0.18823521057662335,0.3865507759494785,0.08713658857837564,0.2559297087324164,standing
7,0.4002465616384433,0.11078572600339849,0.14450330696455313,0.14182675994783644,0.0,0.582491364650274,0.13444171187322188,0.37652514722048724,standing
29,1.429863418763392,0.7123367928942779,0.7618469025610983,0.5513648684359428,1.8282910070635165,1.2974400792612066,0.5275885105762343,0.4434559113807075,walking
14,0.05765369268976084,0.0,0.006256347051021585,0.05295036276124282,0.0252206534228078,0.30527480323900935,0.0,0.2719494402441261,sitting
30,0.2481489041197633,0.25521112997768625,0.06704923692972445,0.06756870192599901,0.36763036014976047,0.3937277591643787,0.19306993227978392,0.34764293763370896,standing
40,0.21406813937879665,0.0,0.16833602535353281,0.0,0.029952500583255295,0.3143252293577585,0.05005160842553262,0.20039425413919681,sitting
10,0.16065954873373303,0.2899658301951638,0.05343692953350025,0.03333509618859404,0.14976890990554892,0.10827965368049108,0.13501419602705936,0.29507839568503746,standing
17,0.10075936195164782,0.13162059639533175,0.0,0.0,0.03944211286290913,0.07002392630660381,0.06914559086241923,0.3439381026424404,lying
7,0.5042739892701213,0.18883187601920007,0.06292173347709185,0.020188445991975175,0.018122377198633285,0.26278653182822614,0.13653867209534107,0.31711514094369825,standing
12,0.40241753730646723,0.0,0.10450074741980364,0.12917134753020368,0.3710614253889988,0.38369301465173866,0.13122941921990292,0.343462636800735,standing
30,0.0,0.0,0.0932063721954362,0.054034522130054614,0.10994252269219347,0.07107452771250265,0.04351593424954541,0.20486445418299482,lying
7,1.3110626985186526,0.7538144106893183,0.8125938683568839,0.4383840526008719,1.5940448625385548,1.2225330595485262,0.44658486727950414,0.44520838957863446,walking
20,0.12861817312907,0.07246826769728693,0.0,0.12347019596519407,0.16788683143178765,0.31475778085080786,0.001129136586254638,0.19077034697067963,lying
4,1.75134119108474,0.8720446362810432,0.8700863483736293,0.6188635977825216,2.402478459398064,1.295653606568293,0.7983111340533698,0.6551599976434914,stairs
15,1.1345550709306733,0.9529663573096547,0.7643400249604096,0.5070360738567999,1.5823182094462367,1.2410507911413218,0.6483664253857896,0.5334621774294518,walking
22,0.11301580351150836,0.17400060849603674,0.033248099519775684,0.0,0.2385892963970334,0.3549474591580096,0.12208312569845022,0.3067550472395759,standing
29,1.414196127483412,1.033781974561862,1.2606216896548417,0.6913399022148242,2.0368391256509466,1.5350130572495597,0.5795220535098979,0.5601640828277604,stairs
15,1.1707499986324754,0.6628068595229909,0.7329673269852359,0.5145139247008929,1.72693762571486,1.228740369404704,0.5821139586965233,0.5293576413435991,walking
12,0.20563019664345802,0.1249096514526579,0.25627664949992907,0.1633888153790155,0.3176516406662429,0.5169676237142955,0.11779280009757206,0.2753091835543404,standing
6,0.9468138721713195,0.811673106040931,0.9642359706009813,0.6001938146179049,1.4154287311764586,1.370754575663839,0.6948862180244433,0.42218676579532116,walking
8,1.6818520943917292,0.8954372392255009,0.9561715953530127,0.5387427613973129,2.0648395778502517,1.565950907226176,0.7687464349336397,0.6415197553827784,stairs
11,1.5117401017333918,0.8137104232286446,0.8859731996751546,0.6315950570758293,2.0281500059837176,1.6493739386659048,0.8768550344319183,0.6007120284878475,stairs
40,0.33628009629061195,0.14922523136544993,0.050784803090652586,0.0,0.14756232899789062,0.549318613823353,0.20885512417653213,0.3342502552881213,standing
20,1.4401774281057493,0.5699925162776098,1.062524108495146,0.4511809388385064,1.6866142985992918,1.1311903644973706,0.5543525347396907,0.4635829427782339,walking
36,1.3813502414348358,0.6571629303400562,0.7989271394572222,0.5207859496743673,1.855334797024816,1.3784075908673974,0.7022896234113052,0.5362383296569202,walking
40,0.0,0.08489444508510924,0.0,0.056171909710029895,0.0,0.06884961663624756,0.0758693937675862,0.09947802944200748,lying
22,0.3914882265363663,0.13796316775226553,0.15947787915675343,0.1290168560472312,0.13492838654460354,0.27393848379068436,0.1760104309528093,0.28299986604452265,standing
16,1.8360331043026883,0.9252556770537251,1.2142227439526272,0.5661022342977619,2.0624183996952663,1.1826902589420312,0.7392257850033557,0.5767935723130208,stairs
19,0.25028208742243996,0.16014191010305823,0.06978933358788525,0.17866524577523063,0.06670745374352217,0.22152642829783994,0.0978489997487623,0.3113183899296072,sitting
20,1.589078746491909,0.9883573084493618,0.9184377349811453,0.5656305073686435,2.2058300463904192,1.4660722438256195,0.8180509997062987,0.6769247056879077,stairs
3,0.3199943856296622,0.0,0.05371280038794245,0.0013590268256902377,0.0,0.2236352944998014,0.31192350648306943,0.29133515516930353,standing
27,0.38655052241138743,0.0,0.008157601773931017,0.0,0.0,0.3459926844607791,0.1838325736785051,0.2901730558158706,standing
1,0.2076397828589278,0.04105126381158475,0.02726684071000573,0.0609239364821357,0.07794224998544108,0.2609903470567764,0.2657929989953838,0.2380032792728592,sitting
10,0.11731356952846443,0.22072849585270118,0.062426396604707654,0.06740564654372852,0.1231920663285843,0.42912264135836964,0.11140510583924652,0.3285131714130333,sitting
33,1.9282546939324272,0.8398120981031775,1.0453919215639307,0.67508068726947,2.5574066500479455,1.6278811077262643,0.7982401443224191,0.6668287969213326,stairs
32,0.012109530318479472,0.07848869901506221,0.0,0.0,0.18939173540651297,0.04625348855503755,0.09217376428350962,0.3184296179436386,lying
32,0.1640029678247335,0.03903580202624585,0.0,0.0,0.20858628553780642,0.22802680172100354,0.14150398270917097,0.25699123042517746,sitting
28,1.8226241679308601,0.8675986872860645,1.3536931991231398,0.818649013099106,2.58117274996414,1.4799457339318212,0.8312314575351897,0.6057022552726766,stairs
16,0.7380834081717214,0.705036635256352,0.7291157598610353,0.46921040482862403,1.8867509616872833,1.0541679906001948,0.7428053046896905,0.49604237359096365,walking
8,0.2514045769239554,0.31802208587948555,0.05313768933142719,0.1238829246608735,0.0,0.4858157314128091,0.141294181767938,0.3707393240657185,standing
33,0.13916247067215903,0.062453636429272305,0.01250989116898726,0.20623963017810057,0.0,0.0,0.132035132692257,0.19792238349109365,lying
24,0.18109115980694215,0.32345733713011837,0.07251255035415377,0.06246543523860386,0.525544656522548,0.10399820598634421,0.0,0.33413105587404857,sitting
19,1.0733074601246433,0.76653142312755,0.6685495078514649,0.6810760382748329,1.5265734474963226,1.082964446681498,0.629960400814448,0.5298971065956924,walking
1,1.44122312693999,0.8081686963813853,1.1969147281309356,0.5417781070017851,2.170786412935525,1.412367729046664,0.7805722628989431,0.4889954404229988,stairs
27,1.7102604979084641,0.8924222127628,1.2473730869587294,0.6416756871433374,2.1620877739064466,1.1782476735643725,0.8754101708192134,0.5658665615385492,stairs
27,1.2115246709193426,0.6808360730032905,0.849897583217186,0.4778611836400752,1.4878591629823548,1.0777503469182041,0.5714930985026792,0.45843477975087565,walking
39,1.239451973639849,0.7645869043296746,0.7185996108371893,0.40340929515730106,1.7776890149205202,1.0626524590746818,0.5339780269718103,0.5277763107312985,walking
32,0.15936406643783785,0.22228762905441155,0.08373288724338714,0.0,0.12256620841502681,0.19278148615549226,0.10502688221419496,0.26728144626333117,sitting
24,0.28572969296839257,0.23683866075516802,0.04805044213679954,0.0,0.3400523938696244,0.4800890439589751,0.21394829024104234,0.2736131996992685,standing
19,0.16914156884774348,0.16319015716575985,0.05643190797785618,0.30371204061855844,0.0,0.28040060279478146,0.0,0.350525204163981,sitting
12,0.2756605484689256,0.2676677488457425,0.19176467724457477,0.08878870317281509,0.3508832812530682,0.15149664836489127,0.02675869424719709,0.42103307480192165,sitting
17,1.4542042201296708,0.7509287187476782,0.875876289919227,0.5513266634221281,1.3989447467375649,1.3313377231873886,0.692357907768031,0.6898757873327352,walking
11,0.1487256452090328,0.06834282960845742,0.09731690999124128,0.0,0.10318335195739202,0.0,0.006147914363721814,0.24922691562229324,lying
2,0.7680196049942863,0.8127483494648159,0.6855487249005435,0.5381195860014649,1.3684106266157847,1.057420788185836,0.6257141323498788,0.6692741396543311,walking
12,0.014988917075167321,0.0,0.04545927972282451,0.0,0.0,0.21177049734091044,0.0,0.17220977546764527,lying
29,0.0,0.0997717944507811,0.030654697407514725,0.0,0.32484128697356135,0.0,0.0009561797996778809,0.25371734180740807,sitting
25,0.3285044187897094,0.1784126222999878,0.0,0.11926039474699018,0.0,0.4787109253938884,0.007803047907786187,0.33082292389811696,standing
34,1.4541790092938989,0.982606157378747,1.1455211124163955,0.6059722007000364,2.0975252071614436,1.0662114919933132,0.7687873000605734,0.444402743745443,stairs
15,0.4612387737627768,0.19549427082561172,0.129188516000725,0.0,0.20277140733514887,0.45229684683881777,0.1475128285037481,0.25040150232642794,standing
21,0.15902670464572327,0.08092060586944934,0.0,0.13507103858235947,0.285106166303688,0.28988226262998523,0.15467598573355165,0.3569992688366821,sitting
22,0.0,0.13139441900403317,0.03529817304967726,0.0,0.13203457911244415,0.4575549466100408,0.05465996811398613,0.34103763100217604,lying
6,0.12128085528173796,0.24219233081829494,0.04669416692966836,0.04398332239536637,0.0,0.3576842042304384,0.14909646942964394,0.34868330912593415,sitting
23,0.40009530105570046,0.21439371052596942,0.14950983627071837,0.11244411503638499,0.0,0.34260749269424096,0.03197992341300748,0.32280229544709405,standing
19,0.19868318628562182,0.19287165713587318,0.16605797319004512,0.07490686552997443,0.15917609681640738,0.5043511782147045,0.18270248615916707,0.32492741636803296,standing
8,0.12246246584773403,0.10898771226496327,0.09163625688878921,0.12337162490941307,0.0,0.2169387977510483,0.2500434131617356,0.2603850156965224,sitting
34,1.2895437997655739,0.8990030749565096,1.0149546674904206,0.6066259927561642,2.1168628956460362,1.5906362530929306,0.8005151696386337,0.678722157634293,stairs
11,0.3988480915282755,0.1566190981310474,0.13521391959797416,0.02828589887697177,0.16766552201499127,0.35036215818929517,0.07654179327281121,0.360103414213326,standing
19,1.2764647008081467,0.6720171017721475,0.7364394077900721,0.44220283981639763,1.5396155660463693,1.0555158467903065,0.648430211370507,0.5285666651892738,walking
29,0.1764419177204427,0.1205430352595397,0.0,0.0,0.0,0.2723925445097385,0.13183768494408266,0.188207662676787,sitting
9,0.3612887957781921,0.27323038980068526,0.16598078125587096,0.08144318641565858,0.050122527293475445,0.16487360583635674,0.054440066453925406,0.35594908530695524,standing
30,1.993549723282702,0.9044500527944669,1.1729926053012518,0.6067418452796267,2.009058286850015,1.395610033280604,0.7361365017902682,0.5860429810652363,stairs
32,0.2017758529192476,0.07230225778791155,0.04734967742336313,0.06895878346338075,0.15089063500963357,0.09966113300501303,0.0,0.24329092633136404,lying
27,0.07359104092335572,0.1298589976292482,0.07903003205442144,0.0855032899316117,0.15282773877789868,0.15072763200302636,0.11629957333893243,0.2089112394108001,lying
28,0.11482124567165929,0.09922219895043785,0.1117933005015258,0.0,0.08538021075409394,0.0,0.1490856720942297,0.3222039940330386,lying
28,0.210342364993985,0.011947887006049943,0.1274656664804692,0.056217498652690476,0.1204165783929115,0.20937650782594638,0.20983171891983743,0.37320899477092573,sitting
2,0.2721451220299994,0.0,0.0,0.06326768646004913,0.0,0.29018786386534545,0.003029958297276966,0.2545205382478683,sitting
11,0.08213290825848124,0.14191657502865013,0.12399455840060539,0.17007245068721238,0.0,0.21045215690190772,0.09273726425554445,0.1902320202287512,sitting
2,0.2499777533951057,0.0,0.050244398357686355,0.1802634683082547,0.13647621167420082,0.0,0.10574879154095457,0.2974478555277231,lying
29,1.5506771539840845,0.6918298018961088,0.8270084763042654,0.5548086907195907,1.4443422298378203,1.221355331738553,0.622173982370549,0.5035732537396377,walking
36,0.3991758821118633,0.13536218058810115,0.09494934560276207,0.0,0.20186426756592732,0.15139047440645081,0.06498030697039824,0.2674607558461303,standing
10,1.6570660010857898,0.9383735201963624,1.208117475366466,0.787499600769042,2.2490875865162603,1.284409652131215,0.7437859108679915,0.6224226944736602,stairs
25,0.23246966209162143,0.2593327340523526,0.016956352845028902,0.05726950358974168,0.23714768425992697,0.427266832074213,0.18333329492089118,0.2835579902611226,sitting
31,0.32813505504949564,0.4673277672443047,0.08395820105337835,0.016541718853413337,0.0,0.33406485216755705,0.06102901473158219,0.3503260392637217,standing
11,0.18136765425365653,0.11980982195515812,0.23774855858441196,0.02252201007056382,0.0,0.44847224328200486,0.0,0.36509326363780575,sitting
12,1.3181235379718486,0.5492141502130834,0.9389816177455754,0.5015132669765585,1.3872396742710489,0.967408349302332,0.4742005024448271,0.6032656399802201,walking
20,0.17017434989450503,0.06169210279451414,0.02633196359362088,0.1361534456632635,0.050192748919848984,0.15217117599140778,0.20294314371687067,0.3488828215114147,sitting
3,0.4510598538720402,0.19145152220756656,0.05275603953407795,0.13683595813030386,0.0,0.4253214136976261,0.12158871278446423,0.4162883078438446,standing
10,0.0,0.11365565960231677,0.01852725884932381,0.04970194567068764,0.09421574212197892,0.3209507167339165,0.1587656850160055,0.33525588586398825,lying
37,0.06116161634707637,0.1563458984801107,0.05022517073410696,0.12942430299554286,0.0,0.10217323233225721,0.01887201117998681,0.26876430189687284,sitting
17,0.1705182326986554,0.0,0.0,0.0,0.0,0.0,0.08422081413226506,0.24828317475182532,lying
32,1.8027346716122534,1.111689759855612,0.9644599172851465,0.73466779246601,2.1028842989468424,1.375526191292913,0.7577932660736623,0.45924041747622,stairs
19,0.18331544593879573,0.20275215455808107,0.0906376696077886,0.0,0.3276705218970416,0.3997444688359879,0.14898309301375293,0.3077235528234042,standing
35,1.0001808204954024,0.707923650439647,0.8116900292151435,0.5490346963245888,1.714856175318345,1.216356973518162,0.6787856600095353,0.5706821511799949,walking
31,1.6319834663571378,0.9188951619760878,0.7320361369153983,0.8704168714488267,2.5076950477649302,1.29264276413187,0.8489440731328692,0.6476314707286767,stairs
40,1.140936592025635,0.721466457877244,0.8330875151998202,0.4828627905787907,1.433252154071685,1.216520642782587,0.7090651228701947,0.6435008256644831,walking
2,1.8528234715736873,0.9000662046774677,0.9227487744856001,0.6291175421217189,2.1890139154389305,1.3393162943485784,0.8465172700121624,0.763623051183006,stairs
36,0.0,0.15882467641874434,0.0,0.1628279078085792,0.0,0.2222094380329908,0.09766437754518784,0.34993857965118824,lying
18,0.13671398190742876,0.0095986511067368,0.010357505172231204,0.21683099100650394,0.055406680323949305,0.4479499958444142,0.1304969224493411,0.3288697195202404,standing
35,1.2892455593520624,0.7076262164027299,0.8267423148020163,0.5039445489160662,1.4290461855178407,1.1171896237492636,0.6032906556769204,0.4298182746727002,walking
34,1.457989452586829,0.661160507925895,0.7822845877204007,0.41674225648675134,1.6532895775101484,1.2291379487880263,0.5731205569252895,0.5102402591145503,walking
2,0.09874526727696567,0.05209695574401582,0.0,0.0,0.0,0.2298358355963509,0.0,0.31089451222549513,lying
36,0.10893619285640763,0.0,0.0,0.035885734215471504,0.0,0.27507036952855146,0.08029785780723908,0.3566022704667754,lying
7,0.20820137253529394,0.019115808547880836,0.19644648302229706,0.14519701868598162,0.0,0.22545917425001516,0.0,0.2869480712933367,sitting
24,0.28440975824691245,0.2188588116844034,0.04353971314783286,0.10162739922725028,0.17536688928349964,0.1451133042214275,0.19441011753427728,0.3096572818969881,sitting
5,0.4476284891446266,0.21766691812164046,0.16980707588622854,0.06559921763814015,0.4689576309141068,0.3127571231992147,0.1351474228317946,0.38643958002459405,standing
35,0.21100858432969782,0.26632601871001493,0.08239740179411345,0.04412863170284501,0.152359839744314,0.26234485202298835,0.09550515337832854,0.3657748164720115,sitting
21,0.11725704044466367,0.25559646611622555,0.16024181711205182,0.028124810985976544,0.3622660709638149,0.5151238762960186,0.23653102894756306,0.19549427512094164,standing
7,0.11562688977836348,0.12085331496339538,0.19333620308521704,0.011826470018778394,0.26029392147977365,0.37316907236238106,0.0,0.28317021078509713,sitting
5,1.2409732398298023,0.6141649208535216,0.8344599851525845,0.5807641196872861,1.5908178983993888,0.9554381440663744,0.624589585426853,0.5703908597159424,walking
9,1.0679626705812586,0.9042666794953373,0.7847122161285845,0.5031209205463647,1.684766069671464,1.2922684761577488,0.4859315763847094,0.6050959690358093,walking
29,1.6224052290601096,0.7522813761344007,0.5257439187117112,0.5495698424872111,1.6393396404319254,1.1207970403306413,0.48781879794882266,0.4575742313940532,walking
20,0.0,0.161746657213793,0.023522055121768262,0.1390885457604624,0.15574842531489308,0.5238740636044568,0.06775411482110343,0.35234931013739884,sitting
18,0.0,0.0,0.042402080109219,0.1407403817007259,0.11968725787327153,0.26633236795867044,0.032272710540749594,0.2595872893554374,lying
30,0.2907341905807496,0.23655990508574698,0.10531610742388094,0.0,0.0,0.0016537944676009997,0.16909110919604867,0.25119150426981923,sitting
40,0.23436862346549403,0.0,0.0002495871761432414,0.0,0.011229674024853052,0.006107867249027191,0.11815618855832374,0.22155273050983942,lying
11,0.4729071852486636,0.26651237628752017,0.01951363226078169,0.11331073894752067,0.3194743689235796,0.5485631234657111,0.19239793193090965,0.23327702113848134,standing
12,0.44026386031296605,0.1924182226389566,0.1618318506794979,0.12783894645133506,0.014504704115689562,0.36394321865552715,0.1381877121273935,0.29437020305847056,standing
1,0.20241629608758943,0.0,0.07399908170691771,0.012283729056551528,0.055950702615299525,0.41305101250819865,0.22801679233218258,0.3038876851546288,sitting
8,0.2064646296998784,0.016517131711319244,0.1976843649612104,0.2074950230432111,0.12299257844672778,0.4252052112164075,0.054060395512446346,0.3292707246052211,standing
30,1.6178351442992724,0.5982114652916674,0.7681593799704939,0.600515972804741,1.3938525134749922,1.0687092532360087,0.6400691258890309,0.5368862370391647,walking
13,0.0546510672842426,0.059625628455161284,0.12177102724640011,0.0,0.0,0.010397898010314044,0.11020509246116969,0.18933894274780266,sitting
3,0.06062743920573456,0.20287667281239197,0.0002255946367779038,0.13874766901035307,0.0,0.1550585553714997,0.028916938618365015,0.2533924433107504,sitting
30,0.03001282294121068,0.06247446373309451,0.053102666772160356,0.0,0.14938265935688455,0.0,0.0,0.3324195443880616,lying
21,1.2857463652460166,0.753473295569125,1.1068520789053369,0.41896768560260556,1.5609544919688776,1.2386333584213178,0.7098907735961015,0.5663638052445872,walking
19,0.3315614797836697,0.02439435389479129,0.053390395028359044,0.0,0.0,0.4802735177162124,0.1936441044126381,0.21227455340948137,sitting
17,1.6636932828709143,0.9510612072157341,1.0042910763419972,0.7292960020534602,2.169641912083031,1.5668673562241517,0.9227886305122965,0.5796134761161963,stairs
39,0.27033014763379004,0.2845669626914933,0.19424787153555817,0.19520979197778918,0.23992159478659106,0.20650866732402373,0.0,0.3099747109414636,standing
4,0.3042118051256756,0.12633586401171754,0.20732716968184284,0.1932783134871977,0.006341098298288085,0.07094712391276098,0.07301903019866035,0.30371711455250117,sitting
14,0.0006563043625840426,0.0,0.055914014615016314,0.1554346021037128,0.0,0.26161713632752714,0.0,0.22916710271784335,lying
8,0.30204755507430214,0.09114227502153434,0.12112972756546574,0.29271777512080405,0.08857551321068373,0.260425002719479,0.045801013779930566,0.27678718067552294,sitting
33,0.28771475029412114,0.25692242885753136,0.1915909849783759,0.09824432415443471,0.4169911235328997,0.34951272193208477,0.10769731680851889,0.34502179679966105,standing
15,0.10203418670324883,0.12643958391085983,0.09884187588280637,0.05879550045776546,0.03430679278261961,0.196027079048429,0.028158265183280386,0.33378840977250346,lying
32,1.7839599608670578,0.9951713033719719,1.1406483615805274,0.6742409942712486,2.217057711473807,1.6870441844399995,0.8867690891779241,0.5066635585005289,stairs
16,0.32025228514936377,0.07107655974772792,0.06628181984887749,0.0646988883839101,0.1183376987758201,0.16987318623825304,0.2951998617438172,0.22570330117957738,sitting
4,0.5141942385909531,0.07897271795626545,0.1376101273576577,0.0669228421861655,0.008104567041145927,0.529064521439532,0.1454661846256373,0.48250636405257347,standing
15,0.1276314744395789,0.0,0.0,0.06360894309545495,0.0,0.04606624808669353,0.0,0.2671169169344715,lying
13,0.1554076173818174,0.1288191419558211,0.04861618188125725,0.0,0.09672032209432185,0.3478624731383555,0.09403014738279618,0.4640366488288991,sitting
8,1.3118721165731129,0.9078194303890766,1.2048455469932242,0.45582153412068316,2.095401688053699,1.5589181656386504,0.9913780919021961,0.5789188953727793,stairs
2,0.10866744587188826,0.0643689543320616,0.0,0.0,0.0833985390727977,0.5130370375008154,0.11056517678195196,0.3679380422657757,sitting
19,0.12340424282872343,0.06034481631428787,0.13117782941153186,0.0,0.19485913107017921,0.012130347690836984,0.03790190839588227,0.2982771556745814,lying
19,1.7301399047143695,0.9344165615741418,0.8706740030141802,0.7203424451454724,2.657276412979338,1.5799030183980394,0.9587477788785195,0.6396839944083831,stairs
21,0.27960387903900163,0.1487296616583332,0.0060951115922948385,0.2300101653830739,0.2073859981760507,0.2539764069730651,0.21915722901233292,0.3491423537230851,standing
2,0.2599680787028764,0.0,0.02580626773676318,0.15063941135647943,0.0,0.40808847403285803,0.04389213103834602,0.1592576788952714,sitting
1,1.508636884377889,0.8810398881712243,1.218372678877094,0.7813105613582073,2.0067723481396675,1.6329152425501423,0.8278731624297302,0.6380900923448355,stairs
3,1.2922456944450265,0.6397424406796391,0.7945308910621486,0.3713832006210443,1.4910783724545684,1.167721820189738,0.6257983948595193,0.47946618447568956,walking
22,0.08894118431011336,0.12762455537175627,0.09183486630604992,0.0,0.11446051669017845,0.003349003318364227,0.13127931519585237,0.28919114260235446,lying
8,1.908731751233987,0.9539026953030522,0.994645994615716,0.6090615104794911,2.56634471007559,1.415984887815118,0.7450497791867376,0.677626386339685,stairs
12,0.1222183354251064,0.2115122752173831,0.014540887294571855,0.06649369112751283,0.0,0.2912011060365699,0.12323079720091518,0.24646027924490332,sitting
23,0.07887987409375684,0.07581428605454897,0.11715615700344367,0.03873948844047055,0.061590469324923125,0.2697027369304981,0.0,0.36578081491299835,sitting
26,0.0,0.04336318655906511,0.09211687053057144,0.10998639745227698,0.07590127453886061,0.1390929807079975,0.02085891291471035,0.18436814515712038,lying
3,0.2890933720423906,0.1548016140658127,0.058640599049003934,0.13660880818993937,0.0033175562352377036,0.23877465421160757,0.18890223046301008,0.2662380625655038,standing
30,0.07392876220210558,0.030457057191549695,0.07439187068449604,0.11422428035812529,0.03489709700682109,0.18901547877405112,0.12860421352005363,0.35167888138881653,lying
38,0.31318748987614115,0.28395518374822504,0.10698842877379604,0.038804958264111136,0.0646486895485531,0.1552665526567041,0.055690434625678936,0.4851450211343179,standing
20,1.368752040053707,0.6471852926084048,0.9381115332882333,0.43094679588792356,1.7116523610633378,1.254605964312552,0.5095573347855855,0.5899951402782923,walking
28,0.1545513295458325,0.10911368409013981,0.03986237383495708,0.002167699992965212,0.0,0.30327466809673487,0.08080353677013356,0.25384755356800603,sitting
17,1.1043250899464527,0.8595425029588522,1.0537824316088062,0.5215947181799838,1.8128460906815993,0.9427963946178142,0.5998123610732404,0.40138418631535444,walking
7,0.27398886178600673,0.06841526026297665,0.05011147758860976,0.07620647561721523,0.04881139094375161,0.40454119876986844,0.042620652175630894,0.27087133918384143,standing
30,0.10880340822874718,0.056999122283198186,0.05908864838984891,0.05723252420266819,0.22068863762822188,0.11744748657418957,0.023253034455739396,0.29216947172259333,lying
26,0.29596743490435523,0.18842200338510093,0.10896657883415897,0.22843293510086066,0.12594920914536567,0.3453085747842274,0.16711127700672984,0.2031552877917921,standing
17,1.7905753756156042,0.8189218632680744,1.1949587944493119,0.8922152306175213,2.459088933654268,1.4188862945078173,0.9674279855093946,0.5991662112034009,stairs
18,0.1897230013895734,0.23330395704700926,0.1986145547049495,0.03950781605020879,0.23204687523887702,0.1268058695032462,0.0,0.39206424923715066,sitting
5,1.309653126874309,0.7302466979942155,0.6948023766701341,0.6463374016636647,1.2923032267901784,1.240413486951743,0.528488308796832,0.5031040532685496,walking
7,0.1114512108637549,0.06262379944295589,0.03857674878478855,0.0,0.0,0.16007500315473575,0.09502453732310308,0.3412377237155533,lying
29,0.08338325166954699,0.1707108404852149,0.05604284233636393,0.08329230534466042,0.17075624845629223,0.30449350773211187,0.07742942280003182,0.30170192749198593,standing
26,1.2160340858744179,0.6974334653775025,1.015096928985359,0.44379561607598245,1.4472113581439352,1.2808665393465302,0.7024558676445145,0.5354912527717586,walking
36,1.6775997962708045,0.5881225044906775,0.7630275574135545,0.5952359970497885,1.464474901252348,1.2081933259262279,0.5931635771095621,0.3421541622838253,walking
40,0.0,0.06918751313052186,0.0,0.07753533764636746,0.29391159242555664,0.14465983258835935,0.15231358864837233,0.2597611182026795,lying
22,0.2510988266052803,0.0,0.0,0.03847810873132435,0.39750190211656167,0.15560854575281552,0.17151948981430454,0.3996523876152164,sitting
20,0.1835929410518821,0.10230797598289015,0.09123721457637728,0.0,0.011599129392588274,0.34330505335466477,0.0,0.3677020553753757,sitting
11,0.266023107685242,0.0,0.05278940045860665,0.10993860461204637,0.0,0.06537002011846266,0.10488505563344178,0.1882541170967033,sitting
12,0.2273709386942832,0.05934608372195837,0.029795020532262143,0.07566617007003154,0.0,0.35775030803575963,0.016180328278640604,0.28800297430629745,sitting
10,0.1357004989472192,0.0006197019933758263,0.20827146263756907,0.10845885793953226,0.0,0.0,0.04906240271721313,0.3264141298667539,sitting
24,0.2396118397701048,0.23608628373319362,0.06592018307878915,0.04521703828351405,0.054701688111678644,0.09676659185458723,0.12019002826894823,0.21000310483440926,sitting
24,0.08697105417362024,0.0,0.04669788845544099,0.0,0.0,0.4418352957273508,0.0,0.21895736425460025,lying
29,0.1279736319445362,0.08927481958060313,0.11074672825090967,0.0,0.0,0.4439411741223521,0.03652865948533786,0.24172275311595798,sitting
32,0.0,0.11044261592355742,0.08810552016809135,0.05062138016165888,0.2536703928956702,0.35524474717563725,0.0,0.3146402142952022,lying
17,0.15702410987004298,0.15027193305463252,0.0,0.04800858370531515,0.0,0.0,0.0,0.3187628685506165,lying
1,0.19849181834563018,0.043807335348146875,0.15164856951089176,0.09681421297775732,0.29803793638707443,0.20034035081688506,0.0,0.3442426419834466,sitting
35,1.2772637834885154,1.0823415364390099,1.2639676666950732,0.709593457786127,2.391812801358213,1.3758048876780429,0.824406427284708,0.5720574865283772,stairs
34,0.08056185809508874,0.1949769293035184,0.0,0.0,0.0,0.028106397588875898,0.0,0.19075457393373885,lying
9,2.1730603441779754,0.6518360532796282,1.12615362959592,0.5783902073102629,2.2778704641064724,1.2926392545994403,0.904856983819378,0.7267523807371965,stairs
16,0.06047958397418195,0.06907476780705524,0.11072758274478972,0.0,0.07046895452678296,0.29093888968100534,0.15354771889213978,0.32422414610386935,sitting
29,1.177754526420116,0.7086617532286903,0.799248215521286,0.3079969365935399,1.5740792298465311,1.3589081220272108,0.7280080611399002,0.519047035432545,walking
34,0.21446984449795975,0.16587808044780253,0.0936039415413643,0.09143690219637016,0.06809507943016947,0.5100605916325874,0.062186679883763474,0.2804371608599343,standing
40,1.0482733219273785,0.7885273025589101,0.7691414119984518,0.49994969810035006,1.5268719074249997,1.2547461498864703,0.5278383473274672,0.5711719653142632,walking
33,1.0549775212227743,0.6142877385522605,1.1224562582151012,0.6882171967652198,2.4426371425543816,1.352900485094561,0.778156037817095,0.5631274492059527,stairs
10,1.2453192552656174,0.6087801351149335,0.8452767365253004,0.39443855366220226,1.3661294955030008,1.1763566340480869,0.4757178714586709,0.4415264737363482,walking
12,0.0,0.03673093065124592,0.01154435405100776,0.0,0.0,0.29734275465168,0.10017553998113227,0.3597988205325925,sitting
3,0.15705000042679182,0.06463718939185137,0.10939615656736223,0.014000697970665672,0.0,0.02679765972276482,0.1494522165634944,0.35788039177507835,sitting
23,1.2839978079360566,0.6181640784943176,0.7200049631939217,0.5986274107940661,1.447774362781888,0.9153423560340698,0.6944635190657713,0.38493670073966263,walking
24,1.5541242099476673,0.895572122784178,1.167559326758861,0.6465176248081662,1.9437287312000604,1.308166284153148,0.8721474618093473,0.7662711772052053,stairs
26,0.02679926073511848,0.02529597094851462,0.009765638845738393,0.12281029078527389,0.0,0.21677562362118025,0.03615897913714626,0.31041755549096445,lying
36,0.5149012036178058,0.003480236678128995,0.07712805262232272,0.1388572170394025,0.0,0.2996166546259826,0.06923305326556148,0.3308302541799851,standing
18,1.6623848134359,0.8535685686178095,1.3887302999038427,0.662142886675943,2.2741214447270064,1.3537358702688171,0.928457758033868,0.4921562175467846,stairs
1,1.8954316305112267,0.8027579437699155,0.7737063395220909,0.6719748151390604,2.073737990792451,1.3427433091394543,0.8331636686063402,0.5887629553348706,stairs
22,1.5417439882613397,0.7961924079300642,1.047419448790274,0.7053137439571754,2.1995568110993586,1.2865155460853999,0.8596269400180497,0.6241327055548604,stairs
4,0.47208195254652247,0.06503422517935482,0.10720057657803088,0.0,0.0,0.4775097490384465,0.1800038121886139,0.2745672846720305,standing
18,0.14847894016647417,0.18848369856224,0.11128764674473196,0.10190902773714858,0.0,0.1778761020184126,0.14269282407211673,0.3039644030597888,sitting
5,0.35018989365214503,0.16657997773596794,0.0,0.04346064125323132,0.0,0.4022818277905633,0.06486574861624192,0.3649957936269158,sitting
40,0.15773740027312733,0.19643626910980666,0.0817311505431898,0.0,0.2727785774875844,0.0,0.10664143065009776,0.36521922656042005,lying
13,1.270769987531637,0.6393783106638753,0.6129383199346194,0.5978972788916568,1.1823926943000882,1.2183428234675902,0.6661344643362919,0.5232470427148146,walking
2,0.303212266317905,0.3364668084593625,0.13555351554865563,0.20106915757640964,0.0,0.4599441080727159,0.18407055470027667,0.21953970519056734,standing
21,1.3207215897299502,0.7280962913327149,0.7671309872576174,0.4972621695233671,1.7197002095161902,1.274545547912984,0.5553316799084802,0.5528748722187083,walking
17,0.137667049973434,0.08814265883171238,0.1848587718679194,0.056461302783244446,0.22139987657745167,0.2556742975837555,0.014667972823446784,0.35472353521299016,sitting
29,0.0,0.13495680742198554,0.10682345128445625,0.07244862452797668,0.0,0.020235554492503804,0.0,0.24933959611037548,lying
28,1.5052872583941452,0.8475109357503195,1.180049384597705,0.6719104043302179,2.459194617155766,1.3936529624609446,0.9475039388470374,0.6392164573073476,stairs
32,1.2482383738117822,0.9693720603053804,1.4437836495372314,0.5894039693379242,2.228020452819569,1.2344374499606028,0.9301843619213817,0.5710810212415955,stairs
18,0.019687183350798727,0.0315959934945659,0.0,0.0,0.06955358585760951,0.12983259346439177,0.10278331362071735,0.21567578704386056,lying
10,1.7263730205951284,0.8147897967621319,1.0392668078787406,0.5192028895612331,1.9644104805548779,1.544490934794936,0.7330145107257238,0.46236195218867787,stairs
15,0.1414663686189614,0.0,0.15007999680979733,0.07639380654643624,0.023462369066065206,0.23420412228744697,0.1927761188420018,0.26293077686762234,sitting
7,1.2156032110206911,0.6923697424715826,0.72925285549628,0.5543148220474009,1.5263207222057238,1.0549701355840548,0.6081949834387279,0.508382461583806,walking
8,0.000874450416787298,0.1452957242327908,0.10168104839217887,0.01834065250669747,0.03810083231698995,0.032917113797971714,0.1827561345045069,0.3330340194591553,sitting
4,0.19226818392258216,0.0938697454551091,0.005701174633417128,0.01940914129954488,0.14795554370997233,0.14635687276057002,0.21815846675265932,0.19973222156244735,sitting
35,0.0491581916642168,0.0,0.11830058685940512,0.0,0.0,0.17073775454469314,0.0,0.23858329751541263,lying
18,0.44887122694261283,0.11229589230421197,0.15561305538582515,0.184346051742105,0.002895539964983096,0.3418179442351691,0.17698894428870734,0.39229845122896445,standing
16,0.97022011824009,0.6643433973257813,0.7241893173435974,0.6419276254261939,1.4859625949413415,0.9276093389830086,0.5982825752012885,0.517385835983047,walking
24,0.23853201761923007,0.10323193283276363,0.16697241181042421,0.20638661876090547,0.0,0.35015993621642455,0.1877714227901715,0.29413707688620505,standing
14,0.47266023998179574,0.09770529244309048,0.20287091246259342,0.0,0.0,0.351437368077727,0.09218069714236413,0.42457046881337046,standing
5,0.1885592098831366,0.1679695439367418,0.004149330606004142,0.15364783970995854,0.0,0.05961964431134756,0.09571739024579676,0.3187202702152676,sitting
9,0.2096786674620479,0.14865661434726932,0.0,0.062384759916721114,0.0,0.002883383247955895,0.0,0.2851340837729014,sitting
31,0.20411642377973094,0.054180265664942634,0.10061655473326116,0.0,0.09284595142636236,0.531788218751594,0.09023590990642406,0.18547495305583883,standing
34,0.0357136691081068,0.1844826520976623,0.16370780913825597,0.0,0.04272283658612312,0.0,0.06334879311435748,0.28964384869294385,lying
34,1.228180870187686,0.7995688183944618,0.7626516109258034,0.41362513412503954,1.5807542490713318,1.12272782185991,0.5465359111950552,0.46371427381922736,walking
15,0.46378603363533316,0.27169709930938335,0.1518016130152304,0.1759318798584356,0.12933651005215568,0.14236635272093895,0.01481356026525077,0.3157327029789732,standing
15,1.5970793004237858,1.0814335598969191,1.337245423581964,0.6759675742875265,2.4563793782370253,1.3283843676984965,0.8615107615106544,0.4602552889525472,stairs
24,0.09702488122408616,0.06741285913167384,0.09817951063870071,0.05179751800025025,0.0,0.0,0.0,0.28950741763624965,lying
13,1.007848338245463,0.559549276026055,0.959640627742642,0.5089448541081357,1.498372128572293,1.1261910448692196,0.5027749033049742,0.7348704432952945,walking
40,0.21363802920204816,0.16909067187326718,0.07691186843385242,0.004090915026205864,0.0,0.22859003823874854,0.04696275159552006,0.21022141370147565,lying
13,0.1686218450369473,0.0,0.06153039953532001,0.3346020855566813,0.08911232960678947,0.0,0.09360102945202373,0.287031793406238,sitting
32,0.3279940110812085,0.10785267748959838,0.0,0.10970473242280793,0.23717813788758035,0.3067114070327749,0.16229500806598374,0.3035058401123891,standing
19,0.20673154869179172,0.0,0.11977646895658384,0.0,0.39896551619698406,0.25348374430196946,0.05589829685779661,0.32540858067233325,standing
13,1.2653945222938194,0.9686572349531719,1.0741865976558695,0.6529198295374399,2.4637105260695424,1.672235867014586,0.7637124643012837,0.6729282525545868,stairs
29,0.03384273527096567,0.1576894728634999,0.06828264693767405,0.029742014861642265,0.21844507173357527,0.3060960199070979,0.11449195937863768,0.28796285483342837,lying
7,0.21567068022763475,0.06261700188666862,0.26582091529610447,0.08044175657902942,0.08342101447036092,0.2991800592453626,0.0,0.38997568607116145,standing
34,0.25698376478094126,0.2008168388321368,0.13378096899812497,0.029664818017651126,0.42160899465978674,0.277819819895247,0.017252038254646496,0.36266213037994266,standing
11,0.25874718813069825,0.12633363163302627,0.13626999881402735,0.09288377504721426,0.1612565894514882,0.2874413994163275,0.0,0.18530757170225515,standing
13,0.264263333820295,0.14130223978544065,0.23383493896481689,0.0,0.0,0.20121734467076913,0.08993586539372973,0.20809750625855697,sitting
27,0.3980694630701468,0.2775099803427055,0.018576460244080162,0.0,0.37045272905983684,0.47815736933796904,0.08758057569008854,0.5348894868408681,standing
10,1.9847505148490816,0.9309626122629783,0.9139985680922893,0.7366900056030197,2.5065792415784824,1.3572395979937384,0.8595069078637009,0.6030570005420252,stairs
8,1.1654563130308193,0.7639808065650835,0.8926727525469963,0.37292868852311784,1.9100777394262176,1.2510482646127512,0.5540630234061081,0.5493556804346824,walking
1,0.2966712244075893,0.11652158718366014,0.13362768031720182,0.11412665141884915,0.0,0.3864080860821686,0.08252299333376892,0.3490123963699738,sitting
27,1.40078267020774,0.9422677981910771,1.191905089212819,0.7734586631714727,2.3633029848802276,1.625738252915582,0.8929626007198876,0.5766705423855361,stairs
15,0.07082784834068961,0.0,0.047625893910120905,0.0,0.0,0.2199368252014134,0.09162440078445722,0.1544586555259107,lying
26,1.3241398190626925,0.9162861430448114,1.2707483728148155,0.6410802427376732,2.3772183688391637,1.4108740373564106,0.9803430232189311,0.5573873726063587,stairs
13,0.13764464812448854,0.12093355407066153,0.0,0.0,0.198916852105122,0.12437191659515656,0.0,0.27325656063822373,lying
17,0.11701546374277993,0.04526913348076644,0.11578831787306733,0.08676272905385893,0.0,0.08772670632927834,0.0,0.3005153135853779,sitting
6,0.3032674119105668,0.25661074847208576,0.0963139394131733,0.03295974681448118,0.12233529636550042,0.3054948524617213,0.04097300415419486,0.4398716311251363,standing
10,0.2168667308937815,0.06822752426512207,0.08061021344838536,0.03733697629233157,0.0,0.21384052742954968,0.002465702032672233,0.18754042364618412,lying
19,0.09645626417808822,0.12410995268517103,0.05047826048356391,0.17082807481997417,0.0,0.18439320559151426,0.0,0.3493628479119357,lying
27,0.3858546036817784,0.1968989051636254,0.11598138651388545,0.0758250762648773,0.00898888286349446,0.1844330719344648,0.1276409385808437,0.2945251970159043,standing
16,0.12446007926002044,0.0,0.004858333621387864,0.0,0.25066427787877027,0.41315168837970456,0.2116147999924204,0.24747101361022575,sitting
31,0.2945939861832362,0.05589635426871197,0.02088143261858097,0.09822369971466903,0.1359382984937889,0.14312448784819665,0.2395166526553945,0.3080826545242881,sitting
19,0.22770985380194997,0.10884256349772635,0.0,0.09219224596007775,0.0,0.3417846116633846,0.10615018465755072,0.2888778145116308,sitting
16,1.8957800772400004,0.9058733219939529,1.1355717087496489,0.8020438765444737,2.3280276332866032,1.3621168937973114,0.7063288280763401,0.6482145478877911,stairs
14,0.28337005588567654,0.10854514481957994,0.21785815028650055,0.14764431447045046,0.1914755931276415,0.2378072057115287,0.0,0.29335805675733384,standing
27,0.23047198601906502,0.2987212764611791,0.09705033744604627,0.041999525140123714,0.13565095839797311,0.29854901589007277,0.16914014466834018,0.3105470439199121,standing
2,1.3551265717081673,0.7490595601893845,1.0049199380182292,0.46316723127027587,1.6040929022208248,1.1922761323955031,0.5419263836673215,0.5453538782808259,walking
2,0.24661839184859577,0.0,0.0820683011104042,0.0,0.04639334251316967,0.1521654714884838,0.015693951242996863,0.3531976224865632,sitting
31,0.28771174337805266,0.3249855623730007,0.14662453312125598,0.0,0.23078466898107594,0.25853553202127877,0.03732749691838201,0.3193744657146197,standing
15,1.9168962012867121,0.8229646153066814,1.3011288047084524,0.8632556270580212,2.211993433739611,1.4483608754710968,0.8504739593388736,0.6560492673312528,stairs
5,1.8592735087122751,0.8076615358192372,1.2432071931156463,0.5922050897809248,2.1455069408123997,1.2543710917121427,0.7323125441009369,0.5900977262699038,stairs
31,0.3728578560807101,0.14605401876840396,0.06792775457860181,0.1472452018293352,0.08912755119084866,0.4576388878758533,0.1264300477505105,0.38115513732173417,standing
9,1.1852515505560137,0.9135000068016025,0.6360530408045264,0.4974005517468232,1.3881862785634387,1.4360842512160845,0.648679001309025,0.5489203560491835,walking
15,0.27251968494573375,0.17942095087467605,0.19416125182921368,0.09770515073474084,0.028376255881459173,0.3059118596340488,0.28580816401722564,0.29873368882200185,standing
5,0.29843672408892374,0.0,0.10351158281721476,0.0,0.14975751152546055,0.07336587580024717,0.07601792388606517,0.2869355551508649,sitting
32,0.08603669305243779,0.0,0.10107526534991118,0.03580663211553546,0.0,0.11489409351638799,0.0,0.08620126570843376,lying
25,0.2037071413550753,0.07486043213449911,0.18963553658020282,0.11471747486529094,0.03586856114408736,0.13461303725676813,0.06394438059899869,0.24503278801760175,standing
24,1.39149745834174,0.7885348700343476,0.5645900942484151,0.6391798191447385,1.5710664432450958,1.1065303041656191,0.745351945137732,0.45292160417392435,walking
11,0.16859584801633531,0.11342379807888561,0.0,0.05718007396111401,0.0,0.3012866529606079,0.09607407239191626,0.2350182253704701,lying
30,1.3684705961861732,0.6265199024128447,0.9204896851648433,0.47692675730691997,1.973685730787679,1.428493027137311,0.5973072092774883,0.4758762885885994,walking
22,0.0,0.1649736049814088,0.049044466196100506,0.0,0.14066533240756074,0.09977082190689263,0.0,0.3016708017936627,lying
21,1.3614797513855257,0.7836134915137867,0.48739560398998133,0.3078880925707595,1.595927367837716,0.9656896293357149,0.6267466344651961,0.42274694406805535,walking
12,0.10824473844602607,0.18505401407953903,0.11989707920856854,0.02297021808868518,0.1306610238773815,0.3175957680913668,0.00513616755958804,0.26922841944278253,sitting
23,0.1774733317382597,0.18274881083837946,0.034935006842149806,0.020622876943290753,0.12223841878676023,0.027035451959168816,0.03764368727796257,0.24565606775146787,sitting
23,0.3099049145422103,0.061221499480231714,0.17579729403508493,0.03738100859007411,0.06863134253100818,0.3853244783651724,0.10786176595569048,0.43918020239791883,standing
15,1.3530394697302446,0.8737651128580382,0.9469813440546332,0.7369252770767638,2.4369099632394473,1.3973746126657394,0.9505562185440262,0.6273682826615845,stairs
24,0.34199129562026703,0.13501641044198642,0.08919129409552135,0.350712101917862,0.12816192406454394,0.5788697353913155,0.1569393170037652,0.19560580635817054,standing
26,0.0,0.05979480065553889,0.09338428913346361,0.12805349228397916,0.0,0.31142908867283015,0.08943649736624476,0.31895645962043623,sitting
7,0.252327440516511,0.27104045330850346,0.17856244924886777,0.06843304249257941,0.0,0.3337178361351775,0.2365388042344976,0.37684231875305574,standing
37,1.7732607306896762,0.9290563300575906,1.0352264268873823,0.592499429847515,2.245256847938365,1.5925154658777574,0.9494038832292389,0.6346374848196048,stairs
24,0.10005443616247486,0.13678131735916843,0.04666435300318297,0.0,0.3449777838575644,0.15690869809351968,0.05685028145026233,0.2882772415832044,lying
33,0.24945061732748885,0.20686333477604937,0.06939269454708408,0.0,0.23685740405515887,0.20974671717643723,0.04169004351508042,0.19070386521357247,standing
19,0.060290140863766876,0.0,0.14119073321124517,0.0,0.0,0.0,0.0,0.27936776866122615,lying
36,0.06200235838272786,0.03201950548972086,0.1923915310297482,0.02674606781072287,0.06352555988977462,0.02660562975677916,0.15492487159979296,0.17335172938484888,lying
37,0.5487157991982695,0.25376209225118973,0.07689411698817784,0.21208554136012525,0.18385021535336654,0.4142774915992879,0.17150646770631495,0.2114892081818121,standing
31,0.0007439373501372248,0.0,0.04607102144415774,0.019439577770333727,0.0,0.14848613943479697,0.12248048756886701,0.30396890163456414,lying
38,0.1385207918995006,0.11498433117983473,0.07915186871779809,0.0,0.3163644004003091,0.0,0.080768974670011,0.2387348005119925,lying
10,0.048816543969762795,0.0,0.04112454762318509,0.0,0.07853016538757139,0.0,0.0769687562399764,0.31294642346976276,lying
3,1.5400209762110433,0.909267015063524,1.1662880699935412,0.4701631254934342,2.490018439247818,1.7146976577526831,0.8377433709092564,0.6942651434973176,stairs
17,1.134290233560332,0.8111576696581976,0.5643784360509052,0.43165472836332114,1.2829605337984158,1.2120722946849898,0.5341375086243462,0.6219367359151651,walking
19,0.36896220458430123,0.20196564792004418,0.18703941451393724,0.0933869447704037,0.3999546791621459,0.2381390163856228,0.01097677248534605,0.43615451760325014,standing
19,0.15914065648595035,0.0,0.08013561888403369,0.27557316856630504,0.1901742112331697,0.2729634518638553,0.09128688447705173,0.2942003509651821,sitting
14,1.5280681559742595,0.7818917776965062,0.9525079257790506,0.7834683386663253,2.4165412090611067,1.2839396167870971,0.845616942013249,0.5286034238628673,stairs
27,0.2446874287034128,0.04252620739888886,0.1378831554825792,0.05779347384402904,0.02003994671050835,0.21640814538365816,0.0,0.45677397634679495,sitting
39,0.41924484967978737,0.06863895544180691,0.20573173179099716,0.0,0.3362210954515232,0.5805880027777637,0.2560143227316723,0.3028165404497083,standing
21,0.32050020532313045,0.14660116029776665,0.03449858167415415,0.13967811203921587,0.0,0.14973251637370052,0.1529935764315654,0.35656665941435856,standing
39,0.0,0.1462512351139895,0.035172792639205336,0.11638089997477813,0.375097827773613,0.0,0.22522814284917653,0.2591035705954093,lying
4,0.11747104903730399,0.0,0.018479537308789158,0.15610176649457844,0.041537205874835004,0.12653917152721622,0.0,0.27099277195053,lying
31,0.1852610646289014,0.1316405319948717,0.14777802965952372,0.126385269360193,0.3072073535514921,0.3005007305731151,0.07345504063264757,0.29668355804134067,sitting
39,0.9013659779272045,0.592942767607819,0.6776313063462579,0.6016826999209488,1.5324087509808162,1.2278742140669974,0.6230391224272003,0.45599580485346286,walking
9,0.08210714918383535,0.004395201008715835,0.06582619800072764,0.0,0.08647157480657423,0.06604332843921003,0.1659280377937873,0.1264776881928336,lying
3,0.0,0.24304963245801015,0.03849913310238596,0.04395331687868077,0.0602571518284713,0.20815895844430748,0.0,0.3806822477526399,lying
5,0.0,0.1622538748427133,0.0,0.2292138221130236,0.11576756414285858,0.24645466823116305,0.0878460401306781,0.19403875621167954,lying
26,1.7104611127211864,0.7455555405974643,1.1656215260334932,0.5813805170106124,2.1359066150135675,1.3515316350420745,0.8534183979577301,0.5064435903953293,stairs
2,1.7081850937025966,0.9074373046570511,1.4548915727331375,0.6932948011984948,2.384748536465466,1.5183454298566494,0.8253747261805712,0.5567920068134726,stairs
12,0.11511163950701755,0.08015502643740402,0.0,0.0,0.0,0.1414684566373436,0.019936820803842303,0.15112586094311423,lying
24,1.205785315130353,0.8077974137465995,0.9511120383780117,0.5550527618023684,1.7214700568597237,1.098569129761748,0.5734089274352595,0.5501203254904385,walking
33,0.11502295568146746,0.004826626966902961,0.020836807092968878,0.0,0.0641860905362019,0.03254793939912225,0.0,0.29330616936866827,lying
19,0.2896567321354655,0.2837943065287031,0.10809683314996274,0.0,0.0,0.31735442241718487,0.15835597596513803,0.3201138332392773,standing
19,1.6028505008542069,0.8899866288753864,1.3999899491500045,0.700705459693663,2.339961986218705,1.7129932779988102,0.6829960487392539,0.683173983594388,stairs
20,0.14680450209517312,0.0,0.1504663360586207,0.0,0.0,0.0,0.12181958570911633,0.40691548393699734,sitting
18,0.341070854750596,0.3287877182586023,0.04746127910253922,0.09313641799299623,0.0,0.40805510497073955,0.10472331296730615,0.4053338161673695,standing
15,1.8665783661312374,0.9500949442582876,0.9442570291927548,0.5747272312821928,2.43228812191983,1.5828274186468971,0.758475051954158,0.647077125317148,stairs
31,1.3747739332403204,1.0079173841545184,1.0591725804716545,0.6400919294019437,2.4577528273674236,1.4377962975567378,0.7995489497386451,0.5703783551819269,stairs
26,1.4487955040751528,0.7284955910055333,0.8094275836953324,0.4256190240702801,1.42826335658975,1.0350110891770883,0.6447037089541596,0.6014789276112993,walking
16,0.21365066379733377,0.27179575003593676,0.08338543028253227,0.0,0.0,0.38261375560418465,0.006581146943523797,0.41149533625825746,standing
32,0.13722973573272604,0.0016050995583715907,0.0,0.020108769671586486,0.0,0.0,0.17537030053065633,0.2507725819255145,lying
21,1.9306393041434298,0.9298510935914237,1.093572834721148,0.7560302512921527,2.1434689653447676,1.4796694832102313,0.8391431316880448,0.6651710780876017,stairs
6,0.1838533879382473,0.0,0.0,0.09885805156874344,0.4696941233934806,0.0,0.0,0.19074332590688653,lying
11,0.024504778295130397,0.09848100933124768,0.07752433192888167,0.1273695304008946,0.0,0.26393322972922406,0.1783988726909504,0.2739634871673338,sitting
3,1.157040028931677,0.685522100739017,0.9205634693110206,0.3441934358832297,1.6848511002967763,1.2302127953913722,0.5871781723895219,0.49502277475471207,walking
4,1.0285802761200777,0.8206988993173799,0.8652290407538157,0.6176999146922906,1.5369557094998678,1.3304556053144523,0.5960075216725906,0.572623055818441,walking
16,0.1017910631772797,0.13509550446100038,0.016360928680843212,0.12524871688395392,0.25013770769236765,0.24704307639514375,0.11813101856454061,0.2936201609216549,standing
9,0.07781690863937352,0.0,0.09799218623288973,0.0,0.4667351583219174,0.32184703940577436,0.0467455207424958,0.23718160499056348,sitting
14,0.2443904291813343,0.18703056266097223,0.0,0.07903748936211422,0.25775586580127163,0.04717231437010955,0.0833433121737619,0.25480397541376754,sitting
37,0.24894268804024317,0.0648733446379558,0.0490105821910902,0.1137441148483497,0.0,0.06284348724015527,0.004824784539138212,0.27608983753633753,lying
7,0.2803660624845921,0.20167031600005755,0.0,0.0,0.06828010082501176,0.6385784473617684,0.020250001362448547,0.2571698391621582,standing
11,1.4436033006005369,0.6189681428070307,0.7022458679207801,0.5132627566634046,1.5556540636486689,0.9392898282310967,0.5830010288873444,0.36576734805592936,walking
40,0.04369017700316306,0.0,0.02952854460683889,0.0866139671752513,0.15589109263426262,0.25786659648821475,0.0,0.28923766052088906,lying
16,0.2675819552715481,0.15807091351433925,0.06577924914737629,0.17064359081504338,0.0,0.4012278842400062,0.0,0.27695671881418393,standing
13,1.8739735843490812,1.1432611441677214,0.920977656503811,0.46443418778946843,2.02892882449908,1.307436844837114,0.8871544977072391,0.5552376370312304,stairs
27,1.643682697487368,0.9073645638302753,1.1356561180379958,0.5919760659692797,2.202885608925993,1.5819964295011837,0.7894300665329156,0.6124280484685757,stairs
36,1.4397810170592076,1.02404342063806,0.8141966156648923,0.7583198701707322,2.238661815353545,1.554041317494673,0.8231327240716519,0.5145690433598099,stairs
29,1.401074489623493,0.7797002338917838,0.7114702422402379,0.47864019485459003,1.4366878799080682,0.9600007549809256,0.8011540092935423,0.5680291928454493,walking
7,1.5427349070629246,0.6201480491964744,0.5278154060984437,0.3288596954790155,1.88959157006826,1.1798000525174204,0.5359653680712383,0.5473025468950362,walking
30,0.285221162182608,0.19063344870617843,0.21266204758718593,0.22479182627500632,0.15951486526581532,0.5240368917517809,0.13731962449251173,0.4714941813129061,standing
18,0.23292435023470504,0.13379866414547598,0.04740918512798377,0.08557278420369306,0.11839829999149935,0.42827644133421966,0.12561339845738093,0.29233716298714846,standing
3,1.2937894363360427,0.6774758389559856,0.8365417784627294,0.46423408224888923,1.6429619589410565,1.3408402012953033,0.655565264514081,0.6470057984764874,walking
20,0.08069531730084023,0.2180884495219001,0.0,0.06421444522643815,0.0,0.0,0.06794394455182962,0.10297170985948137,lying
19,0.18496010434065774,0.024774247856284626,0.2196406392349571,0.11816107907963874,0.0,0.42066438708286863,0.0,0.2024868731565716,standing
40,0.007064788625570861,0.2342892600078527,0.053342208375099134,0.0,0.0,0.13169483275537627,0.13028356019374013,0.2786482321460764,sitting
20,0.20403473718402174,0.1005422219697284,0.16857175534251725,0.060345921793819174,0.0,0.1595116491576543,0.023062136048931946,0.21008582217020702,lying
34,0.29153306581845534,0.11672449411761532,0.18037768062919912,0.0,0.0,0.3441367011861143,0.11935204037229877,0.30607909137506556,sitting
6,1.3279848766838873,0.7862404199488807,0.7880528409553291,0.3675849073180884,1.6648343415426223,1.2343921087497398,0.4803776618120541,0.441832801864809,walking
17,0.19481022339421433,0.15125055763968304,0.1546549878837421,0.0,0.5503864439691126,0.449717937014627,0.1704237118282807,0.4259987033559697,standing
16,1.0937779288316378,0.7076977692703895,0.8918218783838547,0.5055760413702179,1.5806380267542157,1.1120054222268405,0.5733510422744935,0.5150606791359567,walking
27,1.4126795238709462,0.708608662494985,0.8012278978636146,0.6071918187203691,1.4517251103318543,1.11456077730361,0.5954199751097488,0.6415803552520389,walking
22,1.2133974185842376,0.9487694038232167,1.1298525789448868,0.6477102137821431,2.2047235761273214,1.3803133524561901,1.0016328189087005,0.5358034989355005,stairs
37,1.5514839528713218,0.8317095705157512,1.1336348949495407,0.6217302552087765,2.0258191227842,1.4447837810742172,0.6597892503160083,0.6583909966787405,stairs
6,0.3817868476993292,0.2994533653356023,0.0,0.1288516960819839,0.4021223579425163,0.46616947245560936,0.19002910296503017,0.3488219588074974,standing
14,0.009181158420776395,0.07361571659820332,0.10843484924201643,0.12264030749512242,0.0,0.07818677742601865,0.09916496432739971,0.3023544549114221,lying
7,0.36221790114029717,0.15405358078854034,0.06517690901308174,0.0,0.0,0.1938969718969224,0.0,0.4145782599335317,sitting
35,0.04998110089763856,0.050678079473058184,0.08883843475282213,0.09721131924926502,0.0,0.07697508526117303,0.0,0.16529508187312142,lying
21,0.28378206413014484,0.166975163446386,0.08031062288199592,0.0012202545910140195,0.5127854150223379,0.4576075350959379,0.07738530984713962,0.3190445113359305,standing
8,1.4227438226507383,0.8451041320736496,0.8615226356592965,0.5701981030101826,2.0494856339384113,1.5265696198783691,0.7408476211114173,0.6323625372687719,stairs
30,0.2610370678013728,0.16507318736955678,0.0,0.19090911076113226,0.49311803174792845,0.10122142903805836,0.03257085309781483,0.29276574814458345,sitting
39,1.5223878397270632,0.8610295491848126,1.5435949804814308,0.49369788506978174,2.278463901608366,1.3761572851049737,0.8381009846211357,0.6428045868007722,stairs
39,1.7143554983060492,0.9975445483571722,1.1907660849357369,0.5748021585457735,1.9879380941153337,1.4790942916951093,0.6597948022895874,0.5473130672053061,stairs
38,0.15271725738244293,0.10907036276370555,0.0,0.14236925419374014,0.0,0.004062743282401304,0.04382476025414396,0.27025166057326233,lying
18,0.011895778317144848,0.13030345058723727,0.024339971487693787,0.0,0.0,0.23711388143277287,0.0,0.25188610815980766,lying
29,1.968867660318094,0.942623877965144,0.8988121984277799,0.528923441437105,2.4723454045776676,1.4272181850654377,0.9123282179411217,0.49926570726936753,stairs
20,0.07778129880716508,0.0,0.033928628622074325,0.1302802616966669,0.0,0.0,0.12296031856156425,0.2623087304978042,lying
35,1.3701231621000185,0.5656357018833379,0.7311693981928672,0.4534249564759004,1.8116238293867746,1.0649042495267333,0.6458995168383974,0.5315979440296781,walking
26,0.26654137468597683,0.1956658535916662,0.08025900878302501,0.10567915484397933,0.013070939407507018,0.6375073713701851,0.13189503607248157,0.3128095196379566,standing
8,0.1874793330181323,0.21780403563805784,0.0784474643050621,0.07626347787361488,0.10123086038397562,0.563986285575484,0.0,0.4685026098421458,standing
26,1.0464588671385477,0.48692540225387976,0.785446747592726,0.4649946763442874,1.5615187146004048,1.281647067340888,0.6054653127826183,0.49029761710005615,walking
11,0.0,0.06998584878319233,0.019281239979718867,0.0,0.0,0.003522356350269387,0.19204708088873482,0.27844927375659234,lying
23,1.3372921816429275,0.8854464055843672,0.9066067035052854,0.581592614836232,1.7420713937832806,1.0931392699909854,0.5949802513363188,0.5378062523759078,walking
34,0.26992873471003903,0.1115139287278358,0.1710654457794408,0.07843163051306758,0.2023618331446022,0.308293198076916,0.1763076104341455,0.37881846892251153,standing
4,1.6139419531647834,0.8232851310811097,0.9509666550028947,0.6905780633797908,2.2061861835790357,1.4508383465531265,0.7896476024836528,0.5752449495730155,stairs
13,0.3534439510891828,0.21612026170421267,0.1687923576447134,0.0,0.30232263385731006,0.4589340726236376,0.19359129233952282,0.29274516819606944,standing
19,0.0,0.18447424499750698,0.058355146200356936,0.0,0.0,0.03738344887593478,0.0,0.16668825305331703,lying
16,1.4147954274569638,0.8496971343605108,1.0090495534266704,0.7869036297581573,2.6228950102565793,1.208504635135849,0.8351069397817668,0.5530738755801534,stairs
15,0.07434821396944463,0.0,0.0,0.0,0.11389312972790427,0.10273687800498446,0.09149243004176988,0.26169051935160215,lying
9,0.2269988400303108,0.0,0.15230135410293305,0.0,0.0,0.01861842171196057,0.1591742699492068,0.1042489833628942,sitting
24,0.22464108929297516,0.0,0.04177848222284992,0.09376101483904242,0.09253237948535174,0.09535030540448539,0.16712743000961006,0.330925481757215,sitting
11,0.2793763858020825,0.023177981941014267,0.0,0.0,1.9677930611153305e-05,0.26449703558608717,0.0571929040681826,0.4104914336239988,sitting
12,1.1126705837533077,0.7076803689754552,0.9244828854110753,0.4330136584221738,1.763355099864881,1.32594596200365,0.5289785889574496,0.4888555989597777,walking
34,0.08845026339178265,0.08003976872749609,0.08138174109427929,0.03186590906157036,0.0,0.3376596788585478,0.03251778101037365,0.29072714518534015,lying
40,1.336305248778804,0.6106148616967194,0.8738052417532507,0.5563051347270149,1.484999855748605,1.0421892095631478,0.5686702826558625,0.49419373191876415,walking
35,0.13411753119874803,0.0,0.05081313115952729,0.08145076627410881,0.23894856712523857,0.16816934838332714,0.07120827342758568,0.42114790429254334,sitting
11,0.11475946839423094,0.00486726363737737,0.08762449011494923,0.17502235215337741,0.1966950994909561,0.23776410166303413,0.05326452619132817,0.35705435644422245,sitting
18,1.3320370777063517,0.6211278774453813,0.7506968108511871,0.43657425120215837,1.3251881255723248,1.0862147456490914,0.6800444090281829,0.4440264673795934,walking
14,1.39862508709478,0.8311958756414333,0.8700250067646266,0.5692333653417697,1.8540321353915692,1.1708626138884946,0.540438023714084,0.49763036606056943,walking
30,0.16874542358712338,0.2502110817762674,0.16303461017409784,0.060839236904001226,0.30627417603012086,0.4887267514630322,0.18334753754907326,0.282860160188256,standing
35,0.1539508636931515,0.042711346896573625,0.06823948079496751,0.13745569845439606,0.25406686217192775,0.0,0.09985430265133907,0.33120005008633574,lying
24,0.29658021253432043,0.44001742332753024,0.09268242293527973,0.2421923621903927,0.1865359964059104,0.23033936375384306,0.16080320977017337,0.2741543353094045,standing
1,1.7689883692138657,0.6931498916469758,1.134628068052772,0.6610525410025877,2.3603758945987927,1.3899501883167154,0.7864493366634906,0.5629112538388908,stairs
33,1.3698036618728362,0.8924955163261015,0.9902436339854964,0.771143047338412,2.3659001116939202,1.4028590142114505,0.7821503373867246,0.7319099641758534,stairs
5,0.43342119197270706,0.021530568986621867,0.021420918839146638,0.008492081917784139,0.0,0.4557513452114491,0.16411920003784483,0.41407181005598076,standing
23,0.3581116811195061,0.08660082365257618,0.019007165476463223,0.015887400729449996,0.09657171289582714,0.21616754580307163,0.19788954410964624,0.27106486992799333,standing
14,1.7892168365295422,0.8953858990129658,1.0362342247389849,0.7005269128943147,2.4735156297045204,1.3330881662314698,0.8133296061419426,0.6686303312861661,stairs
26,0.2257296247816149,0.08625701428398633,0.14219640371930112,0.17817482906904308,0.00494992217727086,0.29605514719906784,0.17222323221026067,0.3182097367956095,standing
10,0.057221216000249445,0.06799810657079203,0.06871719718519656,0.21447465423881035,0.0,0.14803844967444957,0.07117612686200048,0.2975318645203786,lying
20,1.4086537270131374,0.743848928271229,0.80195241310004,0.4112916463767554,1.658906939158376,1.1315573216606678,0.5476242071792828,0.5265935772186727,walking
4,0.0,0.0,0.1644819377547238,0.2105626076476388,0.0,0.21039749462848722,0.10246900745711267,0.2761996983886604,sitting
13,0.4024623331015622,0.2584538997888346,0.14723917740934325,0.18780732753006088,0.04974189037029984,0.6336519079582308,0.11001070668274532,0.32494099698996654,standing
34,1.8920755174611448,0.9679136675973596,0.8838996605965792,0.7035946562513785,2.3905944804841557,1.462445837251006,0.7670057699188896,0.5516497640818059,stairs
11,0.22238228690854045,0.2758712111446628,0.027515573418657034,0.1324915986986319,0.4801843971911985,0.18371110079108718,0.05788615548869125,0.2672007876718856,sitting
1,0.9091270235721485,0.7304533056646829,0.6438420060760133,0.41197183201757903,1.7241148308587722,1.0931162118179025,0.6945003957362311,0.669535930767135,walking
25,0.2565157119014379,0.3515424763993349,0.10828481918876501,0.0,0.0,0.43814402033301086,0.02443535401127371,0.33864079521076756,standing
14,0.1801756549809927,0.19746062298126818,0.0,0.057000934738434435,0.12266143000192013,0.058190155016601464,0.03979918731787052,0.3147748775479648,sitting
11,0.9871084829070647,0.3589895882851747,0.8987618260835016,0.5306023022127772,1.8018454462866076,1.397767598314126,0.6349578801344061,0.5122870827934564,walking
24,1.3874241898631752,0.8946718730786158,0.9874586713837972,0.6825470531191131,2.2596307071704778,1.6073602796485258,0.7520177188774094,0.6796303365412796,stairs
19,0.34908701363634337,0.09487493652007037,0.20756105010486464,0.054735616598427676,0.5774055566994242,0.22569915671703894,0.043401908926335636,0.22389725320048345,standing
8,0.017678366907321358,0.0856755190587313,0.018884226488821754,0.0,0.0,0.18855792074935623,0.05187453236747132,0.2603633653094078,lying
29,0.23686759074915625,0.0,0.09174044669791051,0.0,0.12623098899196442,0.18812678614009373,0.17146792816087197,0.3188051134457297,standing
23,0.0,0.0,0.00019066637848842022,0.04519143311848031,0.2555841987231639,0.11417999646789524,0.012564752447416762,0.19861960106544152,lying
1,1.0433270861646586,0.6107120320647009,0.7817002301795256,0.4375365486413564,1.6540852683376288,1.3094496196903842,0.8230749363551494,0.5530180528393401,walking
40,1.2265800514624798,0.8307045981635782,0.6299374922217642,0.7483734292830682,2.2975257801465716,1.6179172103308261,0.6853959524502062,0.4984122140614771,stairs
39,1.2495110902810327,1.0219483905238491,1.2324541409968146,0.7208402611871099,2.4669969869443635,1.5091034129161942,0.8085017299721022,0.5927100224956612,stairs
2,0.6311908177548848,0.23355479407430824,0.1787930975816258,0.1325155156226504,0.08884081253414872,0.36198056285460944,0.20432853888845337,0.27062717395864055,standing
29,0.196845580168879,0.12600495533816294,0.0,0.02926153532256541,0.22505696660153676,0.4673268181197243,0.21865363193239676,0.21200998374616103,standing
22,0.2676137912193258,0.0,0.0,0.03150802824205665,0.5174817001093464,0.0,0.0,0.2536735071360676,lying
30,0.0,0.08709948038469151,0.0,0.038894751259931484,0.0648727171987989,0.4460759404114468,0.2118407019290448,0.2960072485352895,sitting
23,0.0,0.11024479505606881,0.00031237217821235286,0.10176879969813729,0.05313930825962096,0.16930579886422775,0.10452510625917763,0.4464831754522943,sitting
17,1.2586562002040471,0.8527653121908896,0.581304587843033,0.4529356423603655,1.6427658347263778,1.362028416192431,0.6986395376359948,0.6282706054783703,walking
30,0.1442654741413647,0.17589214688130822,0.055644109145008794,0.0,0.0,0.1774398565025283,0.0,0.2818611891849902,lying
15,0.13092660225478853,0.0,0.12062085270266557,0.03980096907373063,0.0,0.1791281677289911,0.0,0.19024878184975358,lying
35,1.1172136678624265,0.7116032073699855,0.8135268578116881,0.4434039966624209,1.639873111556469,1.145906007194981,0.6181437910179266,0.6644950613124265,walking
8,0.0,0.22204142785869116,0.050338927492034995,0.06215670251253706,0.00239492335130808,0.07649954831596464,0.0,0.4089232324880201,lying
26,0.23143086474502703,0.13732194237630535,0.1590540464688945,0.12758933413262497,0.0,0.14199559811721868,0.03263259526816806,0.39907612680909477,sitting
1,1.2858744191826021,0.952741205878508,1.0566251474375885,0.7924480880923959,2.1629616622934864,1.3141116026866442,0.7848407755226219,0.5741717953169664,stairs
14,1.0984601640546476,0.6850126950393421,0.7563623855428812,0.4015950942027842,1.5024565441364919,1.1857985825008726,0.5778490984658834,0.5027195338491292,walking
15,1.333201531544595,0.9400869305864832,1.0445783763511178,0.7506809958621602,2.135382408616672,1.6431056177043037,0.6490162829271167,0.6303054827648181,stairs
29,0.0,0.05150721306705918,0.19636989963530432,0.13864839360738965,0.02308929889609458,0.5735543422627138,0.0,0.21466503939280016,lying
6,1.7546874061910174,0.7757242168440786,1.144588350795163,0.66031724283882,2.2741330365767745,1.4120559907500319,0.6426958733998588,0.6566101759977239,stairs
7,1.890168426250078,0.8740668993750238,1.4267111409732884,0.5550378460268071,2.2887211423482703,1.4214540453690108,0.7324240425207378,0.6235532254594423,stairs
33,0.17422513868410375,0.035146838896255445,0.06869190538514186,0.12475345745024002,0.0,0.23859457698824252,0.17202649195361333,0.32260048906748834,standing
4,0.9736684790589676,0.6566989739027975,0.3773425179240722,0.5770663440299367,1.7887745173901717,1.201083306648695,0.5547182300821978,0.6308026040468092,walking
3,1.5954686246457306,0.7894066830680859,1.0317240059815935,0.6897650926932636,2.178089734976069,1.2891701992936517,1.012176502425649,0.5776197183139389,stairs
14,0.1537298701409142,0.0,0.0,0.0,0.12392899569273379,0.1173800265334717,0.11253075312217084,0.2428851026624651,lying
17,1.188684135864375,0.7509593517666153,0.8719454048683096,0.36137908045464096,1.560266314017163,1.1550952521653708,0.5677415661904458,0.6032016437237676,walking
23,1.8610426670857005,0.8399237157575321,1.1070457486680905,0.6030488566439041,2.153489675662032,1.28420739683062,0.8998020651040605,0.5394884873655585,stairs
25,0.05832444198859117,0.05059256815479876,0.1123425847373608,0.0,0.12470398475389964,0.16299049632064222,0.0,0.34686885700428527,lying
40,0.5094358886010724,0.14395906800668443,0.20319751665268304,0.02508688577841972,0.07294957191525697,0.3797600198612478,0.029815513765605886,0.5062162370812745,standing
10,0.20041546587577738,0.09327621103995049,0.1609918834164002,0.08472016657073511,0.0,0.3530362551729719,0.10223395695390468,0.24785736509206507,sitting
1,0.13302481423923376,0.0,0.0,0.012061609173789496,0.0,0.004458108655539805,0.036497128109977045,0.17089341797109203,lying
17,0.087384011936581,0.17277241487439016,0.06227569581051842,0.08543406588147756,0.24710195336232593,0.4191956970436017,0.060681507762738625,0.4398547007220305,lying
26,0.12704263006398114,0.0,0.03410839487569586,0.0,0.1072109535534693,0.40560251557943494,0.1683937621771525,0.4499020681055231,standing
24,0.268880798835098,0.24267705473711795,0.11303366463142048,0.05617495322323028,0.0070559191696237325,0.04339091500361586,0.04816687833810483,0.3321538445492379,sitting
18,0.25238265256776876,0.12857594315103896,0.016164054629682584,0.006304362002509011,0.23994624137243453,0.0,0.0,0.32522894340661695,lying
37,0.13916985337380072,0.04860932550705298,0.0,0.16259407146087557,0.0,0.3381324451700468,0.07873118302085277,0.2812614998312165,standing
3,0.14129924057642546,0.06491823954262707,0.20686422787337228,0.0,0.3677654486161609,0.4490914006245321,0.07155938684161413,0.33644908532117446,standing
28,0.16409386886932326,0.06961134453841726,0.0,0.0,0.0,0.0,0.18583170338999375,0.29270077971917474,sitting
20,0.061180170308113846,0.18491482513422142,0.027068343508132496,0.1399457769950859,0.12713014448597276,0.0,0.0,0.2689712043520605,sitting
4,0.0,0.11476368299845943,0.0,0.0,0.08138486300902881,0.0,0.16073819222230343,0.3635694915902945,lying
15,0.19131425026818188,0.0,0.0,0.0,0.0,0.042653362051694406,0.13166201831891802,0.19338857393668685,lying
16,1.6175926508858662,0.7288238861403514,0.8358279133295534,0.5739287508212306,1.499013532998816,1.1655450891889514,0.5509565816699113,0.6087790679947878,walking
13,0.3794982627152527,0.2466757675510784,0.053358904767810564,0.06790202843797286,0.390623292995002,0.3626876096306411,0.07269483012972797,0.28042832031028486,standing
22,1.17662058373169,0.8093164871604057,0.9630671583151145,0.4648151355030771,1.7184618341572224,1.0380144909635625,0.7308758887931119,0.47534221616999073,walking
35,1.3421237229859844,0.8590722939303534,0.9337644397692502,0.6705974281410011,2.1743352503795896,1.4947581100433147,0.7173329619568498,0.7357006823666656,stairs
11,0.23269269068128431,0.45549368457405726,0.18878702041931164,0.032791187434854534,0.18725252845165358,0.36107698849072034,0.05020766528326438,0.21650284171072348,standing
25,0.36636419762662853,0.07546488756483374,0.018535044027555764,0.11472081342555554,0.3341657423101474,0.454164016170012,0.03849893084238737,0.32887418458347784,standing
33,1.8779762348740046,1.0351486987962382,0.9133228556318228,0.6255140341765703,2.083353848662692,1.6867616849075944,0.6391773024863295,0.6054648338355181,stairs
4,1.5275515622696094,0.7754297149321293,0.7311299614273761,0.31840680845920777,1.5345349535129424,1.1007918705471726,0.5923303443544372,0.51099546280913,walking
12,0.0,0.07465562729187718,0.008812108495964338,0.0,0.35145767948634377,0.03816797659375026,0.0,0.34836897796543653,lying
3,2.0761553486453383,0.8623982560451323,0.9830568558793157,0.6333902571119718,2.4286604193870316,1.3527048615580493,0.885315487472947,0.4379261477274623,stairs
19,0.4146012799784895,0.17261544013704744,0.04180077370621961,0.1536315306914312,0.20494247822691647,0.21819396417814926,0.13663494460495412,0.34821839869985055,standing
17,1.5138346430763017,0.912378918518013,1.1679460734495477,0.6165626409426374,2.6220068887979178,1.5266475432069573,0.9799313041041813,0.5215773999769151,stairs
10,0.47183492985563663,0.098587404376444,0.1443896163723304,0.029825586118710126,0.0,0.3545422659148596,0.0421974491395586,0.4030342014074235,standing
30,1.8598939855415955,0.7712625685081472,1.0103567779577645,0.766127550047581,2.17662164285494,1.3855891049931082,0.9236894043790073,0.5484865167546598,stairs
2,1.1019519131402529,0.6149290916375503,0.9163229560576529,0.44770150146522303,1.3558595223654748,1.460649356835736,0.5056852283791247,0.5765013039072162,walking
37,1.1985511136963383,0.528084650578694,0.7901605189890837,0.46298491174863504,1.6550349801683073,1.2364471326437023,0.6404123853131856,0.5851508209911751,walking
38,1.4806750298431992,0.6758170486135686,0.7702104305691706,0.4783188138941049,1.8118835306583447,1.085699963847757,0.6778970980484923,0.6668771833650562,walking
32,2.365317225285785,0.8821858724353902,1.2730669348610393,0.5054683498943937,1.8335383936308187,1.5640498205054512,0.7357885814382532,0.6245198592435378,stairs
10,0.20528872279907429,0.15498730811139472,0.11577976459858441,0.0,0.13108183909830157,0.2512341748799728,0.13978549496849596,0.20275187432421807,lying
24,0.04175484710630839,0.19219906135334147,0.07271867047935272,0.0,0.0,0.2541865348630409,0.06490384506025142,0.28107741998472074,sitting
32,0.011991887897391515,0.057684711811310185,0.053374034867734316,0.13812011804893282,0.06937149471600174,0.026914040735445927,0.08714712326008481,0.14901806633911918,lying
24,0.06940370729105164,0.0,0.0926308756619457,0.1248997516070875,0.08841764332752483,0.2631962181078581,0.010165874961937233,0.3673658248703154,lying
3,0.007866968234695168,0.0,0.14216841099198604,0.008058214188199998,0.061198831901807166,0.10857332555127946,0.0,0.2937808455547197,lying
9,1.4199536765280414,0.7005639373998707,0.9225231467853138,0.5271503883551311,1.15107684092478,1.302518799294729,0.6951173641660611,0.5931481828276901,walking
19,0.0016156200447906277,0.0781832683136075,0.0,0.030060243869613337,0.0,0.12886981112039145,0.12463605640302783,0.2963075608171465,lying
10,0.2825983819688987,0.2519176099359051,0.2409549792981107,0.022920359866616585,0.0,0.5073230034149694,0.08476313250131992,0.3937063323037284,standing
13,0.23970348156340698,0.16609764193004892,0.13981312175024363,0.060165782170378164,0.08461210678787223,0.3125339564072797,0.10014331267311972,0.32750253374549776,standing
2,1.8266333931098224,0.914146132223551,1.0069165708273484,0.602566182851653,2.2386350361392884,1.5988747934640724,0.9484372499447109,0.5485173660845363,stairs
2,0.17706012360130258,0.0,0.15688311285718093,0.0,0.22676079384245568,0.22887089402563351,0.0,0.2571818794027157,sitting
7,0.2005299196879649,0.21034878317052141,0.13728645090053157,0.035720815834756156,0.0,0.3851893228039225,0.1304594203071861,0.37080910884791174,sitting
37,0.0,0.1653635209041904,0.011119541850615422,0.13919438240679163,0.0,0.16699144400697832,0.11851359784941912,0.20841280995318404,lying
37,0.18498766963738017,0.16363200486902107,0.10133876131714017,0.0,0.0491798083067357,0.10944875319679016,0.2019885647549161,0.3428859261540275,sitting
28,1.8299421895033132,0.828421341423969,1.1061991442795407,0.7511995695594089,2.2648700356615645,1.4673159271250549,0.9084589994580409,0.6530685224147504,stairs
16,0.4008332991471391,0.24547634299968524,0.0,0.0,0.0,0.45995500441270576,0.18480134725624275,0.32785271374452246,standing
23,1.282566067573523,0.7927333198501225,0.6888594370118916,0.539408309660367,1.9697603034760152,1.321691261456584,0.7480473854465671,0.5924117125490743,walking
39,1.5503219470857625,0.7574905425586891,1.0342568892652175,0.5304044884006134,1.4588243781749064,1.4614912247865366,0.707295275157597,0.6286873873241821,walking
38,0.040613137282830857,0.0,0.0,0.08295100973136615,0.13529278781377296,0.2358125424808202,0.0,0.36189441840654524,lying
9,1.167566933732982,0.6405960868068907,0.6976920093378356,0.6197911696798932,1.563854318742315,1.1609219258255061,0.5535136870305862,0.6828275108867683,walking
9,1.293083748715468,0.7860765506760113,0.6241737662826543,0.5194103488146126,1.69457094980842,1.0190737131002077,0.4933154171181735,0.6256436123460751,walking
11,0.1242592333922111,0.19610234494217874,0.20640896358533478,0.11134631974047021,0.0,0.2710054308211965,0.24352162393425808,0.3423386130383047,standing
23,0.0743421515227053,0.20480429501610767,0.0,0.053637569429863426,0.19503796071085516,0.330852040188632,0.11044328638342332,0.36493581604224323,sitting
9,0.09974028326287376,0.1885166031943689,0.003349485119318568,0.11081753740536335,0.1784372951983069,0.08893128712865064,0.07579847556511932,0.22965384685397425,lying
17,2.042132685412433,0.8825838180010551,1.4515419370720133,0.6872826433773194,1.95308738954648,1.5345152173579109,0.9752621310431533,0.46304068786981867,stairs
31,1.1372764360503516,0.5991812746435223,0.6290939008024359,0.6291810746567993,1.6174530405603162,1.2152123974548956,0.6568548066292595,0.5359830433053033,walking
30,0.2349100879049225,0.2450943034287733,0.0930997935135208,0.015469297509372863,0.09592269977660517,0.21895584045587563,0.0682614903918854,0.4294860854610818,sitting
13,0.24258926018680466,0.0,0.05188725178135668,0.0,0.3342238069717999,0.2857869433329657,0.12795712767201697,0.3289776607277644,sitting
18,1.162698771208608,0.5642546513751373,0.7542622883747322,0.45543752444463076,1.636748524851694,0.8467675348981758,0.6001346560327218,0.5499141228023842,walking
9,0.23306298097539593,0.09682299111023165,0.12386964025958766,0.18344328716051173,0.5272126671199104,0.15128186550192493,0.2189410527569849,0.31957497311948935,sitting
28,0.3949471454238533,0.13385749268237668,0.1716240782186517,0.03386765808667964,0.0,0.4646051259981898,0.23016718739176137,0.18966550313853173,standing
40,0.13404903418527392,0.0,0.07960521259163705,0.0,0.0,0.1313987871004492,0.0,0.22044891000994493,lying
12,1.3442694489064944,0.5928117258138,1.0313701284206016,0.21051104223076383,1.831974184053342,1.267025205018924,0.6573036775098244,0.603779951211809,walking
4,0.10073631669295503,0.15500073125689193,0.12930118299335863,0.04515614022275405,0.13697350789808335,0.33244166318765,0.1390368488353196,0.2038823965964658,lying
40,1.0902752784108114,0.5034582077680791,0.7310539478961645,0.4218037775705023,1.7454698529797261,1.1002077192539819,0.5877127927388414,0.4317717695620534,walking
20,1.2003270650364803,0.659496658311853,0.6089417065013009,0.48839072094357205,1.5158627608566182,1.3886716595642907,0.5867410106101071,0.4861169491337454,walking
5,0.2924443652393902,0.15602713473844754,0.10616534028966859,0.13048859725419443,0.10438844518144053,0.0,0.16117419081894327,0.15868529651533206,sitting
33,0.11366579624779638,0.0,0.040682573165545785,0.058670190212112366,0.16778923849770938,0.22949651463362544,0.0,0.2724340017559752,sitting
31,0.10616791166741947,0.0,0.023024381263100052,0.15680354621827214,0.0,0.18218591009363316,0.0,0.2707051147034792,sitting
23,0.28061751563775306,0.29046874993969596,0.0,0.0,0.21882083101612299,0.23899650927457985,0.004463905774458599,0.42679473509765564,sitting
7,0.405943158276549,0.06542732379809621,0.1282761202022992,0.09599459016157103,0.0,0.5271763816745623,0.07066681469119318,0.2807337474869277,standing
20,1.4525846769618014,0.5860411007089928,0.8142939128996104,0.4155254362312123,1.756082295579537,1.1541071922905903,0.6138124175312436,0.5179716591072041,walking
8,1.7084882497472615,0.829224171245075,1.1332064409503346,0.7265064155849164,2.3489115042194935,1.3351501849574148,0.6999614091496802,0.6730419668286953,stairs
38,0.48391390338947066,0.06689035088779113,0.19568056363620845,0.1524861641880359,0.0,0.28275062670356416,0.06747407400381975,0.27415140367863977,standing
34,0.9914729075403037,0.7738812346696059,0.7971332861098773,0.3716088546341776,1.5859903298752038,1.2168815377964455,0.6656813796879326,0.4943894180158926,walking
40,0.22541835326185072,0.08586482089806982,0.01588263542817922,0.013055621688256082,0.0,0.06783595451571706,0.09289806652119631,0.2680617856529252,lying
28,1.330039566721268,0.6382597463469372,0.7346180887565699,0.454598522773298,1.364074261381357,1.4026671371913757,0.6766837318626925,0.4818630996643106,walking
39,1.2429414209135352,0.7301557895116335,0.8114251151834992,0.6342999171052349,1.7735550547338907,1.6410524070351762,0.8780099894157208,0.6837959055382038,stairs
6,0.17534119421444258,0.1859923722519459,0.16440393393952282,0.006376970344037308,0.020269714343840672,0.2927037648342644,0.11141822119451492,0.2826140081523918,standing
11,0.24528485986854706,0.09000839103589785,0.005234401292264171,0.09920549899472308,0.0,0.29750637429874394,0.2084412349484298,0.22820939448963679,standing
8,0.21532565449256463,0.0,0.0,0.1254034228269023,0.2598230865176895,0.0,0.10787375380746975,0.2945676285541392,lying
18,1.130041850479099,0.5654505819037058,0.9695584251588438,0.5060475799481489,1.60178802701668,0.976047909611592,0.45976782551982753,0.5821040900675314,walking
36,1.2469728827307425,0.6057901097594791,0.9877384085520837,0.5479858223067102,1.6208337803735977,1.293610729971142,0.5458104219441278,0.5242661049163715,walking
34,0.10819394194840348,0.0,0.0,0.13701804761332942,0.12581594578282046,0.0,0.14094997965725145,0.23938451921315873,lying
13,1.514867209706356,0.9837935985814624,1.0609633669581422,0.5156152535100664,2.1974837965751948,1.4085249483581328,0.8406034910591935,0.610154425361991,stairs
13,0.0986780973098281,0.09045586396612562,0.026446766928383107,0.02129890616816825,0.04495919106016033,0.1514656036124929,0.13783731279703484,0.18801656062764066,lying
17,1.6138293688037748,0.65516158847981,0.9336186135832472,0.39454924627545707,2.030083823700828,1.1434814469737828,0.6459642882534528,0.5739621321091565,walking
2,1.2999966215231349,0.9139718716176629,0.8865388964525719,0.6597677494010395,2.5721281393375888,1.6035916326195183,0.7028032906721076,0.47235547147320844,stairs
35,1.954164033364377,0.8901543725082505,0.8647646247658348,0.7833920290005145,2.3556592954557254,1.3309224818295669,0.7993689065194228,0.5778647326113252,stairs
28,0.0713705549129389,0.04387791859702634,0.04728188024750248,0.0,0.0,0.13077435763806883,0.0,0.3086734614335552,lying
11,1.3259351354416964,0.788628342998473,1.0250079832310315,0.476594886373039,1.5495508258933548,1.1776364949590694,0.7128059280830463,0.5207070348404461,walking
7,0.9186602533716355,0.7528285627950133,1.0465248342740083,0.4714534114581817,1.9381064743767698,1.056285923856439,0.6108861554758098,0.43937297414701654,walking
35,0.1222412600447077,0.0,0.058838589501502156,0.0,0.023141287000869225,0.3469283680746852,0.20053287723348506,0.27924756395054956,sitting
10,1.2642847537577775,0.6176729685604628,0.6059325013156538,0.6142745554927456,1.9379045027103543,1.1831826495492217,0.6005790447164435,0.561093055015143,walking
31,1.6874809667513668,0.8397435435123253,0.8471948418653705,0.650880393030888,2.4575121174822367,1.3326994047786402,0.9451116590910658,0.6132981765757313,stairs
18,1.3837132231442255,1.0220378495108655,1.0126632163447964,0.576838560060835,2.038899576607248,1.352570979245638,0.7724527062556527,0.6267807799083738,stairs
19,1.47329692664053,0.751787421080445,0.5929255793509779,0.4285145313574374,1.6499008948589262,1.1126113539425946,0.6809127641734671,0.5863292370765169,walking
8,0.35992198605757264,0.2102694905836083,0.2171208917962034,0.13355248736269107,0.024993289081017722,0.2934403431708175,0.14766577640959172,0.21185506907835444,standing
31,0.9796228473799653,0.646793266965258,0.7772766217365481,0.4336708855562115,1.4889997918126663,1.1780352589951186,0.6240027161196257,0.5336850678256608,walking
2,0.2531122246121586,0.11887648222484232,0.07960989595563711,0.015935769725571473,0.0,0.16269488721397507,0.04531670029101679,0.2799547378530038,sitting
17,0.20949126224761527,0.16715786299575808,0.0,0.10046194149153695,0.07370631012245558,0.23366878596148416,0.25590922358772694,0.45047387773094594,sitting
11,1.9572551147049562,0.8801620038883957,1.2928410622784847,0.5449969572589796,2.220569430597126,1.3479293146878613,0.9173363764331274,0.6358625762752749,stairs
33,0.9784017852900642,0.9558165688352437,0.8803140260154352,0.5621939906421713,1.5984238277971983,1.1690814778978986,0.721692249201506,0.45266341486893513,walking
14,1.2094204804821316,0.567015401195029,0.8104018956919629,0.5116419368813973,1.5161285423287032,1.3753483161605033,0.5419025695669519,0.44725435359064875,walking
19,0.10161609405815204,0.27608803988751973,0.1893424249220563,0.050867111556293754,0.0,0.19554621716933723,0.06092186738614243,0.2767899703561434,sitting
9,1.0541378857340318,0.765317994138648,0.3734390548364382,0.4440201324512587,1.5307836342258958,1.0488650473591403,0.7042192092319255,0.5799843650183559,walking
6,0.21398716514336796,0.29007577550579605,0.15843592334667517,0.19197486595008081,0.0,0.6088729668257721,0.11891705770838693,0.3397435183632445,standing
39,1.5715966586146681,0.9146779851496633,1.104367571028169,0.5604490747271074,2.4331681013013218,1.3467401442711295,0.7472068052308742,0.6442472298015998,stairs
5,0.4019756634184761,0.3008215316076838,0.2658294015049055,0.0,0.0,0.5616254049970851,0.21975265902282676,0.31513041631058253,standing
4,0.18579464935188789,0.13642093746942868,0.14573120821565702,0.018160005011649112,0.040504614478132646,0.3359555167096433,0.1937993033663013,0.43020129296998555,standing
19,0.18699111360486909,0.10966656001910643,0.0,0.08146687056946192,0.1578562643649459,0.0745693593710055,0.07314362947669771,0.27493117286228896,lying
9,1.3164880024162455,0.641667741298071,0.5789550356616628,0.38156538847871474,1.825245696378489,1.2780023958515536,0.7269982155409439,0.5865539940136464,walking
38,1.7519347748594245,0.9267455456857004,1.4115091960628128,0.4729731661811031,2.2505841611908295,1.2062702049897227,0.8072126574825598,0.4680797424855838,stairs
18,1.7569604375165735,0.8977383263807279,1.0465366974479917,0.6150095790001272,2.1783246078447367,1.435015673082714,0.9242416096262319,0.6569114690580826,stairs
22,1.435536150997715,0.6971642181447855,0.5778413174383689,0.5707785203130591,1.6736498201607566,0.9054505466815139,0.6907044760344915,0.4471922208807482,walking
5,0.4495201752810636,0.20896832536729315,0.08669677749549554,0.15037200878329976,0.13683149272517198,0.24230654776331054,0.020234889138330422,0.23606796918498119,standing
36,0.30912968423239195,0.028022683405818052,0.0744637260209645,0.09813325373285056,0.16969103202783897,0.24836914710041452,0.05582760659424005,0.3480010653652552,sitting
9,0.26343308108751473,0.08663364942277513,0.06847984049524772,0.12767677336777944,0.3162602907838882,0.22486986941131062,0.09711247204675244,0.312986973371558,standing
40,0.009219786696053611,0.10757675227168402,0.12302318582004523,0.17006296326166556,0.0,0.33081859365644395,0.08230640728440199,0.36822926721705956,sitting
31,0.5975596175678448,0.08639096659065207,0.09409013581138015,0.08916509910941106,0.17907235513128172,0.22216015037735418,0.0900885890466411,0.28810007654309794,standing
7,0.19880684821966418,0.03521970893621243,0.09425730214329346,0.0,0.041792575132608915,0.0,0.0,0.23572937361932933,lying
1,0.0,0.0,0.09131630595443013,0.027014661090507576,0.07675566383949517,0.10256524243005792,0.0,0.3042923712873355,lying
4,0.27393482055546364,0.0767925589473539,0.07443442398502276,0.05662467097978113,0.04788798874772104,0.3533987375231273,0.2600978253412912,0.27896422678130917,standing
4,1.4272828202289953,0.3295298335724739,0.8600665847840024,0.3836388345987351,1.818575003889585,1.0684865871944256,0.5693127910820818,0.39258920308481415,walking
23,1.4597926295996375,0.8825712493094162,1.0892293766599748,0.772563046765615,2.112688902839841,1.306723653236229,0.781846765608268,0.5865716797395139,stairs
18,1.5523291648129007,0.7317975104040805,0.8512414856242736,0.42935439440849155,1.6949568064321174,1.2171717344953235,0.47263797436432764,0.528516261477403,walking
10,0.06346367854481527,0.02374283781682384,0.11108095183498953,0.0,0.1512909771589261,0.15231660797160249,0.0,0.30279541196170984,lying
21,0.08947633070073797,0.0,0.0738002602262357,0.0,0.0,0.09403033020559279,0.11909841943060873,0.2951509684349924,lying
7,0.1672577412545257,0.14611731577342982,0.0871485940189963,0.0,0.06724230437045503,0.31125838010081597,0.05653145783725759,0.24477320207864012,lying
16,0.08921136693706169,0.013342845846484111,0.07476907933174015,0.0,0.5121996165861542,0.0,0.0,0.31665772786514107,lying
9,0.32948261096842085,0.01378135875639952,0.06875771132355954,0.0,0.0,0.5089448671082294,0.09957891642071426,0.40247271389332745,sitting
5,0.9657615924682296,0.570795775594618,0.6775521414900382,0.6486798821522425,1.2992300726146673,1.1301262601856883,0.5137404916921617,0.4121638956295935,walking
27,0.18790101468069925,0.1026616965902559,0.08700858412649481,0.06231435842758878,0.12677875510989722,0.10322624170148112,0.0,0.23014095162991072,lying
20,1.0632829055547606,0.5815128814265266,0.7312589045636537,0.4480727197811222,1.7768250300063673,0.9967399026090674,0.6180243076251034,0.47901136922829574,walking
28,0.2116516962639423,0.0,0.041540750682423855,0.0,0.10257743877395362,0.0,0.0,0.2696737929290494,lying
34,1.4966055445367639,0.6018706980806479,0.8605019056498955,0.5466370433500779,1.9873760327944032,1.198513841323393,0.5493219798204939,0.4914557302557033,walking
17,0.9718773238666565,0.6094508637163749,0.8145753883810235,0.39403965602589447,1.6540805873984166,1.4801749487455915,0.6271984710525385,0.4698255495790555,walking
15,1.6380503721908748,1.085535318278357,1.024412341579958,0.5458115998726288,2.382593090196094,1.569769405827277,0.7695533960091725,0.5918514795923461,stairs
22,1.848340612806175,0.9350603621238589,0.8086055645422048,0.6044334339608346,2.2789057591841457,1.586114076735884,0.7986303238901028,0.5730893195643576,stairs
13,0.4638479932844048,0.2354143948994094,0.1658601202864839,0.0,0.17183835799831249,0.1687479592254967,0.15329805074755246,0.2102727074567436,standing
31,0.0,0.0,0.0,0.023007836154376047,0.0,0.285876647949983,0.0,0.264003108742455,lying
40,1.626543187480848,0.9417655397744314,0.9293575426257074,0.7896956636494914,2.475850065824347,1.4566456188694992,0.8376013002166202,0.6303118021563576,stairs
13,1.9454586143109824,1.0144563831996323,1.0982875423078728,0.5549195385884581,2.4481318004512467,1.365883261731718,0.7743807216620244,0.5954365929332907,stairs
3,0.27206736122400954,0.12750135687402142,0.30041101143082893,0.0,0.0,0.3892035606170369,0.2331043304205934,0.33223465841625605,standing
10,0.07564952078129175,0.26879679221550357,0.2635807459274543,0.12012025485014846,0.0,0.3935510614370561,0.029918645553627665,0.2394243316552256,standing
14,1.5123598798935591,0.8551939959702335,1.1738048673965056,0.7289807371023643,2.1286204054523243,1.675834345677659,0.8612592651854536,0.601340983051706,stairs
14,1.6828982870264615,0.8691122226628213,1.1658148742275098,0.5424901477916438,2.1176525271048274,1.3575190483027757,0.8543245020168037,0.5688455968837043,stairs
32,0.09769940119579343,0.0924626254271531,0.0,0.0,0.05310068044440342,0.257175289626238,0.0661009589107387,0.35887206290531437,sitting
24,1.1046215607820247,0.6751085329068397,0.8061534629332392,0.48716926439670494,1.1297544982521321,1.0625113332412894,0.6702241545553234,0.6739991507194325,walking
32,1.5284516687320577,0.8955640177985595,1.0078228086499617,0.7223932423064592,2.0004264917779175,1.2634154198828809,0.7920565822974496,0.6001782213730703,stairs
18,0.23325299994230014,0.0,0.0,0.08519481821933744,0.0,0.1626281048990271,0.10252014093241958,0.35944406429934195,sitting
3,1.2438242770203527,0.6587792181973934,0.7715969470484454,0.40707013610781373,1.5725623914090434,1.153064225537222,0.7398970498019664,0.5297169395085154,walking
19,1.136489460377089,0.732563186209037,0.7659112930736452,0.2689338562458242,1.7854545295084019,1.2555663880725954,0.5580936669443798,0.5297458238575202,walking
5,0.26240056694235137,0.0,0.0992797323863462,0.06950793041480019,0.0,0.27565263859447586,0.1602576843927273,0.13299973811671498,sitting
15,0.183802843585619,0.245555506032019,0.14212727759849358,0.05443777518902952,0.3563791451107588,0.05079395115185675,0.1093723016551475,0.309422979304952,sitting
16,0.13892629361717385,0.06775444297611885,0.0,0.0,0.0,0.28437982785507654,0.09042591826074961,0.26352471087403656,lying
22,0.45601154801826926,0.07714192256303522,0.20047814793898472,0.12015518753934064,0.06482468914108787,0.33273853822427824,0.1543534605709426,0.31650886493726393,standing
12,0.004020311557508857,0.0,0.08763125485671061,0.1746605285070864,0.0,0.2823815415607982,0.0,0.335601714774742,lying
8,0.08822690543955913,0.016736055413909268,0.2521750407507166,0.009203734184164356,0.03526557464325587,0.13219679657376054,0.0170820960621675,0.25729548810795677,sitting
24,1.8728324129009095,0.9957089430209984,0.936341461487549,0.6305267382159102,2.175533023783028,1.508880398579724,0.8159650018933938,0.6342820595360599,stairs
3,1.7263323840731193,1.0265932849876673,0.7583284387813667,0.5980634605759095,2.2599088682305064,1.4827515177022337,0.8755544961070297,0.5474744091398731,stairs
18,1.5903972992402629,0.49447766908113755,0.7219292895265427,0.45801487378546885,1.5068027552372893,1.0693246701093269,0.7203763623147957,0.5128471476479031,walking
4,1.7819097665195072,0.8486563080994719,1.2146547016501368,0.7225545614772816,2.3593939999610654,1.422039911724161,0.908930245733679,0.6285341662865349,stairs
16,0.3883735778486435,0.16460563166375525,0.09893755083379965,0.10055467592905169,0.4439995415548218,0.20333463075916425,0.0957152907049231,0.3251461393301126,standing
23,1.6300691278673936,0.778967440743281,1.167353103118529,0.7837054833862034,2.381876285682767,1.056267377860747,0.813668231234234,0.5263350411764481,stairs
24,0.15489182642365898,0.07607578556821767,0.22697344966000865,0.051099421768269704,0.10808111057418415,0.22324872004533228,0.19646991167138156,0.3311736122174431,standing
24,0.44385567555817507,0.0,0.15430053624406315,0.050710921631053514,0.03262679984506303,0.43821386726038625,0.033466500170413374,0.35865860181694387,standing
24,0.27538739571021414,0.115859444436506,0.09621714925404484,0.0,0.028713133479988093,0.4332927987014349,0.0,0.22992345949937237,sitting
15,0.9989560609326785,0.6016684282596206,0.8528325671166704,0.5402638840660461,1.7389752893207793,1.0703663884200592,0.5528212376440348,0.5216157569114033,walking
11,0.43730345184807673,0.24647262502708417,0.16776730753188782,0.25175594397271617,0.1975604383955391,0.2877912874525598,0.27629819710990877,0.381174491143519,standing
18,1.5757977927531863,0.8288402249717013,1.011891950094574,0.48391771992539045,2.0037039088214503,1.4807569332653023,0.6783709185811468,0.5260060358844121,stairs
8,1.1658831851364384,0.6059652942425373,0.9234673853872879,0.5210345445746934,1.6694914380482915,1.1484964189264768,0.5686974444863093,0.5695556449275635,walking
23,0.20993193772030933,0.18578184091596087,0.027204227368386985,0.056427775179873046,0.04840263552570796,0.24114100162331875,0.23938630887753373,0.39072004278358086,standing
27,0.23615839576111036,0.21252323231095738,0.11245109990522074,0.05897038795640733,0.018785140881773923,0.3460304532781707,0.07606016042672231,0.37857141348360224,standing
9,0.0,0.06334656391320506,0.12378084872975381,0.17479768794904751,0.12627367159291494,0.0,0.04574954038307249,0.25577379097880176,lying
11,1.3748399095465038,0.6823917396639667,1.1782508721422542,0.6792955964812764,2.316003957540737,1.4120427555649926,0.8749328454648755,0.6794555061370919,stairs
12,0.13797213577428663,0.1597034379553731,0.006105608783216157,0.148341902129875,0.01809962540599952,0.0,0.21518213447555906,0.3543650862801526,standing
25,0.15463596553181597,0.0,0.059022624769032375,0.11620803190185439,0.2871234810428831,0.22266920565631174,0.0,0.28207834606381293,lying
9,1.9141779561199215,1.0344753627840397,1.1193388877804256,0.6984858546575085,2.402274930253106,1.5447227906354528,0.7217129443833895,0.6962792913983731,stairs
4,0.38932960275243517,0.14658546566613373,0.1451408660068345,0.07997931389418898,0.0,0.28003337385588123,0.17831857386322011,0.2515694846866646,standing
36,0.1061341882488183,0.0,0.0519049748940639,0.0,0.0,0.2546500194291328,0.27381713246785505,0.2799529531594652,lying
4,0.15376281228388147,0.23634041060450695,0.151037631034691,0.15900997978457038,0.08926089604174822,0.30067342734188346,0.0,0.3195937468223969,standing
23,1.345062486880819,0.9354042557227802,1.0497204623729377,0.6781359400941209,2.217848826343409,1.3221536724066882,0.7354647415231956,0.5915883889228948,stairs
8,1.37465819677637,0.6864133638128725,0.9351711118054271,0.48648627588358667,1.768420151485839,1.0979605953563607,0.6393845438761552,0.6038828383009024,walking
24,0.0,0.08780444439142682,0.0,0.0,0.21730996871128422,0.15552535702049777,0.10643560355217971,0.28446133066187645,lying
37,0.005789357464454303,0.0,0.05011786764969665,0.025358485915362047,0.3190416259803156,0.20336153383845645,0.04734842031508113,0.2214226350221752,lying
3,0.0,0.20310797251089652,0.044813954456652115,0.14814882189138756,0.06773385067955688,0.21406737847281376,0.13369865209072884,0.2866201932544484,sitting
29,0.08665761854158531,0.20937037302375083,0.09105980773776576,0.0,0.14415491557911278,0.0,0.1027776342883436,0.32463298571558985,lying
36,0.14857360385835844,0.16300748029237944,0.0,0.0,0.0,0.19410762435296325,0.0,0.3779725312562119,sitting
12,0.5490800137596918,0.3689246318031538,0.16747486458374602,0.14902282241193757,0.0,0.4543067784505187,0.1761046183962188,0.23549601658304659,standing
2,0.36690838621727345,0.12243680323311931,0.1867206243768756,0.0,0.06004987892837846,0.3404584858465466,0.20171454504117914,0.38337045237758793,standing
6,1.19629897757781,0.6769522273582596,0.998515401035739,0.4589542846339599,1.6334311856213213,1.191670793080034,0.5964674046069333,0.5001788584457941,walking
40,1.8555883467538004,0.8620053107256304,1.115253421706007,0.5104165840777062,2.1729806720476414,1.7052271198441042,0.8354963192500736,0.7248046320079544,stairs
15,0.13617890581344025,0.06559404009669227,0.091730442030734,0.020945184390962466,0.13865793063079593,0.12532599465554278,0.03785436923584287,0.35935281907963645,lying
29,1.4128733006523528,0.6368557654549014,0.8374402526218055,0.5838061066970831,1.700979100622085,1.182321804579935,0.6622728742869918,0.545113048103874,walking
22,1.3261284424444835,0.7419353011839381,0.8263532578350538,0.7295523313530886,1.54419572521362,1.2405540972226512,0.6592349715936252,0.4957426765152574,walking
40,0.11764795822809698,0.0,0.012872584322723833,0.0,0.0,0.0,0.05307764752246963,0.268598792280585,lying
38,0.11370837063770789,0.07496098975569042,0.12919246572090354,0.044219330795536846,0.0,0.18310461809087014,0.0,0.18166258611033878,lying
29,0.1192055876909907,0.0034395524216777607,0.13374317081199721,0.0,0.1438163333871073,0.14408885346098638,0.09120162300402039,0.21980870184174114,sitting
9,1.716665410775993,0.7446836939759904,0.7913447936851741,0.3273976547000037,1.6318817273806014,0.9969845504335385,0.6954228887486025,0.6403772547870968,walking
8,1.1918022456734696,0.9008549591731819,1.2403553848854383,0.6289552257650622,2.3827624333227275,1.3319933379514182,0.7671726791927995,0.6278397283253135,stairs
23,0.08291877390117423,0.0,0.05745819824023228,0.2199098140091036,0.09833732782973026,0.0,0.012697659310629637,0.2226630086713609,lying
12,0.0,0.02699387226545713,0.01996585392825142,0.09002604214221713,0.0,0.09309305023826207,0.023018189017248274,0.2670980897822709,lying
7,1.4587065739121163,0.8614640684290445,1.2674116309723185,0.6803572752546343,2.223039290555579,1.4150790955414956,0.7177524334558475,0.5500353808872874,stairs
17,0.8913733437960744,0.4566065750953501,0.7676587929530947,0.4460894656886744,1.7356309244490837,1.1341522686657424,0.5260224834434184,0.5463722374880592,walking
25,1.2711379068670956,0.5717402536800007,0.8958903515375639,0.47748855476150465,1.0915685643878863,1.1394728341694527,0.5727975989122582,0.450438529614354,walking
16,0.07044736867028939,0.13600152968004284,0.09938760101605074,0.0,0.0,0.0,0.01631097257564829,0.32844539885242474,lying
28,1.4769071136607121,0.693481916764466,0.7051094896769958,0.4588385428921205,1.2941831905997305,1.1957157129906855,0.6283904620177115,0.49843565291876984,walking
16,0.34196405313398337,0.0617490950890033,0.2084079763759354,0.08326560982969226,0.0,0.20022392474194303,0.057891054590860844,0.23466970754794136,sitting
39,0.11980338538942056,0.0,0.0,0.0,0.0,0.03454934818515182,0.0,0.20925701478129366,lying
2,1.797052890180804,0.9447450169409237,1.1361077553773067,0.720121538678378,2.619274561537677,1.5754896538348409,0.7448314694123949,0.565816962518448,stairs
28,1.197109587102613,1.1128013425945176,1.6481804304591683,0.47100671872332667,2.300200456759746,1.5043842957458264,0.8153488516211528,0.6528421617814061,stairs
2,1.204166159076694,0.7239969718687636,0.8129540070934764,0.44558098348581937,1.5913238328667643,1.0623755598477205,0.5478496411481548,0.5694061300674874,walking
39,0.2388037549549091,0.13006322603130682,0.0,0.07778055983611214,0.4658771442038809,0.31100207379196193,0.21965371162953212,0.21034084062242142,sitting
34,1.4549485559731397,0.5829670358432175,0.8448143476090053,0.6345620228944745,1.4867186744486833,1.2350028571473515,0.5417781277519209,0.5720224263485536,walking
33,0.3439742768627692,0.326406884715728,0.13062778599224756,0.12090595903729474,0.1274626841098529,0.6599110668632984,0.10179733883973503,0.27743193879387396,standing
32,1.3758541847866983,0.5494841307355702,0.7808203048145963,0.4995410296849442,1.8514986150625472,1.385077967338912,0.5815536040096505,0.38793108499633644,walking
20,1.4512938532697828,0.9591383430560207,0.9088935885061153,0.767365929216351,2.025390552647379,1.7018005319838787,0.7834945153838204,0.6367510265741234,stairs
20,0.21784231008718002,0.13366962167230884,0.06779607559683631,0.05122952344853178,0.0,0.42616874009267347,0.0,0.24015217614867707,sitting
10,1.4879962201538115,0.5842767309943842,0.877826492012196,0.40049969300854843,1.6426785145104281,0.9888222657535933,0.6019109713894988,0.6292048789011726,walking
17,1.1640809097992022,0.6021754981059757,0.5331940990743277,0.5380306014107368,1.4550070138182851,1.1454992155851487,0.6648556355254565,0.5543124901156916,walking
21,0.2798213946657848,0.04645153747744857,0.007416579920299232,0.09302240867658251,0.0,0.2927566236642773,0.17039829042121102,0.2523862751222155,sitting
39,0.24364748875881778,0.004908949318482805,0.12328400220128549,0.07730126837973103,0.0,0.268482842331543,0.0019382370926471215,0.4317908339695295,sitting
24,0.09036805070413469,0.11528849697897713,0.19281933388725442,0.10778454691912481,0.051899432095024026,0.05104306420705074,0.07756385587532927,0.3969669363476856,sitting
7,0.03593375816915367,0.22577643718043663,0.1802998522778674,0.08347941149350716,0.0,0.19646556967059925,0.018883965290519875,0.2360949214780164,sitting
7,0.11937680929509811,0.028048566441937428,0.0,0.0,0.10476469600706383,0.0,0.11142847816637604,0.20442800299347647,sitting
12,0.0,0.0,0.0705678020403633,0.0008790181022613891,0.1170039468697765,0.1148979974896526,0.033350381400616476,0.2637177917556132,lying
23,0.04276241028653892,0.07479183190401698,0.0,0.055876536949247206,0.0,0.0,0.07986750642927107,0.37505020381024645,lying
16,1.1566139655060885,0.6735778788143967,0.6581433614867348,0.4518098540999654,1.6283903820159535,1.1290723552205753,0.6273650508433738,0.5778384331170543,walking
10,0.0,0.147322384953027,0.0,0.08422572730357723,0.0,0.38355625705277563,0.13496453186592625,0.33791751106408063,lying
12,0.05834934187241114,0.19826600628465804,0.0,0.0,0.2838869485321086,0.040403011860024866,0.1495895875310659,0.32919090752108554,lying
35,0.3463839036552763,0.18324713368213524,0.09665458023752369,0.02516166858843918,0.03641794760510342,0.3865307453048172,0.011757003182821232,0.3039736064811381,sitting
26,1.9231125600676588,0.8310269486453775,1.4812937515491038,0.5279527196898418,2.0073465274427784,1.450490709141907,0.8196045308879573,0.7323289522052963,stairs
35,1.9340443239485037,1.01848158280479,1.3426293868783175,0.5674083684273169,2.181562601817536,1.497018006630906,0.8806582061157876,0.6243240206752375,stairs
35,0.06651175468473683,0.10048880630272436,0.10819678900869206,0.11133563654026427,0.0,0.11256984169927622,0.013274011277719981,0.41677771686269716,lying
7,1.4087324729660593,0.7183517262488344,0.8974229964156121,0.6050795354751285,2.1888495738673655,1.7084108498141553,0.9091063924265378,0.5796459533471703,stairs
27,0.007444361878801445,0.01137184052952471,0.0,0.0,0.08107447491431088,0.0,0.024021660819855163,0.2001134895010307,lying
8,0.05866715785973159,0.2763362765048253,0.17302772203150893,0.24380092435833745,0.2114560612037808,0.35442331474761646,0.15198169054151747,0.22729949377497258,sitting
9,1.2781240149094506,0.7401178160936699,0.9265585268652304,0.410806892130469,1.7278596647432187,1.1263337735575272,0.5794039311523066,0.6053242427647857,walking
32,1.2813318416645803,0.4663277379068065,0.7316038316236768,0.4998699598591069,2.0538853016245127,1.3473589638697725,0.6053582175892164,0.4454099184221948,walking
36,0.3736057881255936,0.15192289839737705,0.17758340628269817,0.11839525222067951,0.22380775765365357,0.36585181968867386,0.12179302183255357,0.3594405255990065,standing
25,1.214949698412458,0.6389052667615215,0.5838503596016303,0.5312197742841306,1.5004139707529023,1.0090879146936156,0.5535164973921576,0.49375170889932046,walking
6,0.10115322932100093,0.0,0.06988848916699328,0.02645473412463578,0.14435003807583174,0.23667595255163054,0.09828071508011742,0.2530655258001293,lying
8,0.3300445970833318,0.020497148410805965,0.16267568107809127,0.09478277954849476,0.0,0.40848024346306466,0.11260502616122554,0.38141279221363134,standing
33,0.5651473680557122,0.2769263673761913,0.17188505146595567,0.11820484012323343,0.3478403630726158,0.24824123945479715,0.16110538113754097,0.22057397406031048,standing
35,1.1022872448502388,0.7163322203967577,0.5045382286023467,0.529024248867067,1.439634511805764,1.2668324335839505,0.6688617373649315,0.568169533389519,walking
9,1.2745488901296433,0.812081530913444,0.6900367351015791,0.4556050123646814,1.6749182156916342,1.2254514516308035,0.5605966329501078,0.5047314871293606,walking
36,0.2477185353414651,0.3634655068552224,0.07833829068565859,0.13817376472317855,0.0,0.44714079571604987,0.11379379015943301,0.2984428485005427,standing
31,0.30472932840522565,0.2187057325337887,0.14112847517103444,0.04279412287788459,0.06738846910946568,0.28343476323366673,0.05728016138697904,0.3390793551127267,standing
6,0.5069088754969302,0.15204760006388304,0.03539991410906013,0.17361953765619564,0.33517625676499646,0.3482006401082776,0.21243093333618385,0.17058854156993264,standing
30,0.4823670312153271,0.16686453528492146,0.0006031191752080417,0.0472775515160643,0.29472915533726873,0.6314226042013854,0.20384098821656332,0.3492610205453259,standing
3,0.17916441896906748,0.1819014468568051,0.18015075085701984,0.0,0.0,0.34533577341225263,0.13117836572848793,0.2629148947191135,standing
2,1.2995464966325077,0.576147411439949,0.34574428166691934,0.5365708956668377,1.4989630358289443,1.3618267859682247,0.5641500766063939,0.5020394967304906,walking
34,1.838950188880603,0.5720974152761757,0.9412711689591529,0.3270516068886048,1.7622037337917609,1.2151779997363321,0.7815800525767781,0.42775284548745834,walking
1,0.0,0.07640897046180375,0.0,0.0,0.0,0.2532323089995483,0.06799057937418099,0.30737723269928885,lying
38,0.13626679604473246,0.1877645625789572,0.0,0.0,0.0,0.2398964624493949,0.011188398800710143,0.19343137334500382,lying
37,1.2772866729428762,0.7340327721593137,0.5906951006681092,0.41547511758501054,1.5773695131658612,1.1105578435481374,0.6180945177763784,0.6572707230534318,walking
18,0.22938086569948715,0.08444676897507739,0.17477266210836667,0.0622493721779348,0.0,0.2353800482782877,0.0,0.3260528973880056,sitting
20,0.22398003085111212,0.19464557103846405,0.21087130487698746,0.06673129730706748,0.0,0.6314395336873506,0.0,0.40189342694252544,standing
15,0.021653832362975863,0.1670399584413776,0.0,0.04300015398423977,0.02162265065135316,0.1754945408922291,0.031882896544942564,0.2044756327701464,lying
19,1.168435240527537,0.7637247762420124,0.6865991118943993,0.4746510168107032,1.590031808358918,1.0874085951851145,0.5560626783255375,0.40693610598490537,walking
21,0.16493535997422215,0.07157512489854768,0.10385297863868559,0.07035381820866399,0.1343684189540441,0.3422750342493146,0.019156069236742672,0.2701609722491157,sitting
36,0.07013162828635619,0.050375243367341824,0.0,0.09381171312336622,0.2584770164843804,0.23395154818152,0.01584219422009003,0.2236620462161715,lying
27,0.9891587480428929,0.49588341007506814,0.8923721741278273,0.42167091063868994,1.6979207409042145,1.3353440052843302,0.7442418828557943,0.6767805295572811,walking
3,1.755156847592987,1.0652895204387642,1.2583123169880865,0.7593410128874816,2.3936587350149816,1.3033194506248558,0.8408419733695689,0.6855516648073082,stairs
12,0.0857129896705962,0.21689990850256535,0.08083188375661803,0.15229817320501682,0.23050356111586956,0.337021482971535,0.09637542471107793,0.2082945147709187,sitting
26,0.31010437014062264,0.0,0.0,0.0,0.20110792094689064,0.2814678612440948,0.16193566205402996,0.27660149185955957,sitting
21,1.0673074415733232,0.8699110037787972,1.1075986939184177,0.5134252104974322,2.0767054062007912,1.3288454487589763,0.8472397968935426,0.5333212713131565,stairs
15,0.2473681389395968,0.28058651475462953,0.0766913325502006,0.18065477266620278,0.07733628182405825,0.5297299292089889,0.06824222233372643,0.37542125880012,standing
23,1.591240998018891,0.9728779283916782,1.2517076105273581,0.709599327968537,2.1861036630003445,1.5272180434139584,0.9239875650034154,0.5146545033586303,stairs
15,1.3033099374190604,0.6223644098130718,0.8734038442072104,0.484796083516453,1.713743765601695,1.2418974145044686,0.6678290956375543,0.5438838073378598,walking
2,0.4804587176006754,0.0,0.15478624256997728,0.0,0.0,0.23004328518608552,0.10374903066244598,0.30883851941860757,sitting
33,0.16432808666049437,0.0,0.10948513013522931,0.037716124628735824,0.07642149880013706,0.3826008062009411,0.0594434865597827,0.24463564951705002,sitting
13,1.2049132286314412,0.9945962340843728,0.9962616687767467,0.5712012961485542,2.198215856015201,1.5520321125720091,0.8720503335387447,0.6513645168133989,stairs
32,1.3816505763293447,0.5259755282959457,0.8203050618460049,0.5516004218446328,2.0891182366604246,1.042102167930351,0.7029573826528737,0.6185179099558403,walking
25,0.1148881338998663,0.0,0.08759866876860387,0.005389234682190519,0.05049989205958301,0.11221130143007696,0.0026849844462339192,0.25875170163122935,lying
17,0.1902921358553551,0.18746292582317048,0.23024427621044358,0.0747247043596179,0.11006480417850657,0.28494886325162244,0.09582192186303584,0.22211496874593137,sitting
32,0.9952415973913684,0.585106578779661,0.6973076568806399,0.647138234037725,1.5839518057456983,1.3200878686889583,0.6320414656049432,0.4958076862996254,walking
39,1.3700913095739544,0.6713698274370072,0.5885677445487532,0.5674257256088067,1.4808346331865185,1.1218831828749223,0.598678691494402,0.5451692684255964,walking
37,0.10021802120163222,0.07828012797102762,0.05869593235392201,0.04726788520070707,0.15120826452818897,0.1708564074397231,0.20550589948997638,0.3516698430331595,sitting
38,1.280473154785214,0.9785965406384926,1.0345295664022056,0.6229596461248873,2.5182763361796217,1.1004373864339982,0.7946796565686735,0.5588845653815109,stairs
23,0.25131999484361445,0.04211294110116503,0.0,0.2617669662977482,0.0,0.21639952125987738,0.06673564765100035,0.33531761091487156,sitting
16,0.053211226216588664,0.0,0.03776091528525952,0.0,0.027037712834599686,0.02420279852979096,0.0,0.2844955901169311,lying
20,1.0878473792824743,0.7680854253747232,0.9933942726002558,0.425903254329062,1.226600073419365,1.392844915865535,0.661707728206623,0.590215707149292,walking
38,1.0402931887782505,0.5561364754809297,0.8088948683528409,0.4791482696609213,1.876073559499367,0.9480646036290352,0.6018861609373576,0.5592223122029666,walking
28,0.12116429499381129,0.11045005602408195,0.0,0.09438131988168602,0.18330401488863196,0.12437315671156307,0.09751074345919783,0.3417111238434995,lying
36,0.13429052297679805,0.2995181688676854,0.09637567123025598,0.13258310106860863,0.06448567685245507,0.47278903289705904,0.0,0.3028419601152642,standing
27,0.30607944138815246,0.09770493395778469,0.04923081637239626,0.13457886059402088,0.04891838421782427,0.15634763506697968,0.205484278851367,0.25530351193337786,sitting
25,0.11972172623974567,0.0,0.025530289445452124,0.23255175771242903,0.0,0.32759067244556617,0.0,0.2845212541395259,lying
8,1.3600297100737617,0.6401151236520546,0.7081197604901996,0.682086011366428,1.7863989354996515,1.331287142470811,0.5410772165545669,0.3900790328652452,walking
7,1.12772088941467,0.8095217330918111,1.0674921040668668,0.6173091551537311,2.1999459888108954,1.4989243567623127,0.6728607083400387,0.6070360118311016,stairs
18,0.006809723825443398,0.029835960151405314,0.02585885711773788,0.09406258882248213,0.0,0.3200142183201947,0.03934558277430834,0.35146986428528365,sitting
29,1.5047588589194494,1.0309554721307124,0.7885646549861236,0.6570641943706818,2.4692167010152732,1.1169643417368207,0.8873877192511778,0.5979429847232766,stairs
2,0.33892748149972357,0.043088543631418036,0.08721501179238803,0.0,0.5208940448277007,0.24800158126543517,0.20525405324570797,0.3227559789625913,standing
8,1.046429819035707,0.7825772740717043,0.8603728445332312,0.4700289076820386,1.3533197587316759,1.4093753579789878,0.51163099380581,0.5744757476961253,walking
36,0.0,0.0,0.14609321269406145,0.14708275192390044,0.15514294987366808,0.0,0.09996573597835093,0.19157421734796626,lying
36,0.0797328635903613,0.0953933773903852,0.05028798919874659,0.0,0.2871262879554919,0.19749693829834958,0.1510935623410802,0.3054719281798653,sitting
8,1.0809082073007885,0.6471836181723107,0.8707053545189679,0.5056301547782036,1.6704068604504942,0.9289904880178881,0.5960848202544009,0.5081520450623084,walking
20,0.27289991643517525,0.17625796140924968,0.2240262918484231,0.0,0.05435825949615303,0.0,0.06779334992476196,0.35916220722342546,sitting
37,1.8109564130863778,0.9753646599172761,1.0632235216576653,0.6540062204141799,2.4016509949056113,1.4922942715478547,0.8734857851925191,0.6032179853622064,stairs
17,0.05683748805234139,0.0,0.07022529258044699,0.07309481179083277,0.1997463616427633,0.0,0.0,0.11634861295949842,lying
5,1.6379135401518408,0.4940251521355241,1.0156566693055282,0.6557297165656264,1.6693936573260935,0.8108031347219631,0.5846337616099626,0.39073941380299687,walking
9,0.17225719484999694,0.21262470421739854,0.03634654687510106,0.0,0.19590859356586554,0.13142902241554638,0.16619743207440346,0.36054533644651954,sitting
15,0.1255953704070982,0.0,0.0,0.02823820173653318,0.15752575556499812,0.22714167474586586,0.0,0.2921120003252612,lying
23,1.4113250475398358,0.6478972050222733,0.78987488583284,0.2589428242237412,1.776433754425965,1.0592128470921909,0.7213775421286704,0.6392394839684743,walking
21,0.1499699377180104,0.23302962637024935,0.0717535177682369,0.05055696344232202,0.11899711411987451,0.03388671998338075,0.0,0.21411827206436723,lying
38,0.09022795561376787,0.05003396074743599,0.0679851641103336,0.13118025831320151,0.0,0.16220607737741805,0.16236700366164958,0.144708975787041,sitting
7,1.1640552884969377,0.8210936304548216,0.7680929646371144,0.4857693828607473,1.634224069200289,1.291737090348351,0.6449383220707263,0.5794156411756118,walking
2,2.132645253794631,0.6257350744124213,0.9002438496173675,0.5879146573882521,2.1341581052338645,1.4836332379949022,0.8250397046539407,0.6299325695052654,stairs
10,0.20305638900811077,0.23003671543646637,0.14779719840626224,0.0,0.38982162461154957,0.0,0.03938999432463813,0.2622786359139419,sitting
1,0.21676221049846528,0.153851831111872,0.20454477244014135,0.015584510621868074,0.10200602385098562,0.4159649737117337,0.0,0.1658472343116496,sitting
1,0.35006873643516206,0.09753092285448525,0.08085335693658097,0.08959400568696194,0.5127453410778371,0.28743838091837776,0.12354565137182943,0.3045262417366739,sitting
2,0.09267283513431683,0.2720766526504216,0.0,0.0,0.0,0.0,0.0,0.15631481229483768,lying
37,0.10209639016843922,0.22546043523358794,0.08157191697808608,0.034923702514805435,0.27156211993386425,0.152085442138933,0.11541974067063038,0.30525244406399044,sitting
32,0.0,0.0,0.0,0.06270729418827717,0.0773990673520423,0.0,0.0,0.29232404774006937,lying
24,0.21581949679232562,0.09370594667470655,0.11725821171835321,0.18199719271361287,0.0,0.16952265375149583,0.10861507464534234,0.2691016167961163,sitting
8,1.9065863967979217,0.7929636963459513,1.1592282741755813,0.7390300769221553,2.418862982501083,1.3868910846336582,0.8942071467170841,0.5563787629028422,stairs
12,0.449338949399652,0.17805589709267702,0.17784176798540552,0.11568043788270937,0.2031699635759276,0.288945513842642,0.14813579221905468,0.3899177901204548,standing
35,1.9923699149779992,0.9396661331375592,1.001000055925664,0.670555807311223,2.1791133460140584,1.5435930755797553,0.6901505288305247,0.6403732203598951,stairs
18,0.05060374512888975,0.021560203178834243,0.12072400227711078,0.10919610053580397,0.0,0.17070369856855916,0.05909695303742972,0.3436663402665062,lying
11,1.4947338594590711,0.6412746120065013,0.8910807934323169,0.5590944957646459,1.2017835279610465,1.0541918681037115,0.5800020397246033,0.5536653927142083,walking
29,0.07974228469921463,0.21962724863239386,0.10519901315761476,0.10558772544837366,0.06828456335903649,0.19291133114654485,0.06689821958033271,0.40463947540288264,sitting
28,0.4896001560883829,0.1361526438137303,0.03168477666264009,0.07367273838188938,0.12232294788565493,0.29486220619772535,0.0,0.27206448925387844,standing
15,0.0,0.0,0.10669879540103634,0.0,0.0,0.31746957168106016,0.07929351314856734,0.33601514280426376,sitting
24,0.23190015961543814,0.24831114598235138,0.24178960060767463,0.10567188735567346,0.08189217076447049,0.06785234365848691,0.18718059285610542,0.27017225913541226,sitting
5,1.253876640497756,0.7366562938273781,0.5683632229795501,0.5426370751377865,1.6244396054827654,1.2023668307920319,0.5602422094942071,0.40825714046400596,walking
7,1.5284296877296293,0.720951518979627,0.7746448017445339,0.6388396590188283,1.5719670400283805,1.1525292516890062,0.4977759816961052,0.5890508873066356,walking
4,0.159439449714126,0.0,0.07223970673272809,0.05883967192829613,0.0,0.3353341483075639,0.01999783373019902,0.38929523291512413,lying
37,0.2248726875912352,0.032244145297126034,0.0881292454174225,0.039716967534735304,0.6184288060418617,0.12605404139777526,0.023550919379284413,0.13044757556897016,sitting
12,0.4006833035985437,0.25228479217723765,0.22330121301488792,0.15200556086914607,0.07647913241879994,0.17424702826123942,0.16769855802431302,0.3263543170706881,standing
12,1.4066631348352585,0.6574920602574307,0.8777401953167863,0.41018786511949495,1.35009387759969,1.0798343723336874,0.6691969397033166,0.6289199841010407,walking
2,0.10462322815962911,0.1396463772877336,0.11086847179711842,0.1307578348916253,0.4858035781138615,0.07767092124345581,0.11736313669119158,0.24841956578930532,sitting
22,1.2822473944922794,0.6833644066585917,0.5908729369836445,0.5660597000156646,1.5804168151274054,1.3702015478535743,0.38982656810306837,0.4198473896238694,walking
28,1.4017360220274233,0.9549253948463725,1.4686826876009929,0.5925133352852298,2.5120473513480714,1.522567124404094,0.7391166268295943,0.6595682374183659,stairs
19,0.43729454144892643,0.15024596503399876,0.14095048190510825,0.12783883066506077,0.32350308114099274,0.010156246478186026,0.026729088331595624,0.28850883222597484,standing
22,1.2037900022325911,0.773478310468377,1.1614492310132574,0.5535864807348477,2.4262316117613465,1.4423077457627331,0.7500502649319606,0.6879882387667406,stairs
4,0.27522327185455664,0.06771793246512994,0.0407646791462286,0.17766268623289955,0.0,0.1279176158655335,0.03958873783032401,0.3799928111996948,sitting
6,1.9789702402584628,1.038113083865611,0.591603377517992,0.6069743462682269,2.0057822018334446,1.5080854841578228,0.8272106228012243,0.7272267719508815,stairs
6,0.2585697769842737,0.047545698846510415,0.013372091207824552,0.07325198090948859,0.0,0.2940476172234343,0.21982593421013757,0.22258764483376892,sitting
15,0.29933601086911527,0.23671681259041438,0.23368721066656128,0.09858241837409984,0.2798953991002249,0.35635847278738053,0.1410786259869783,0.18581109033494317,standing
32,0.47237106146898644,0.10632329294474327,0.11473626693561219,0.19172529615691408,0.12805391226751597,0.27291392349307064,0.005030197425697269,0.21974294755050422,standing
8,1.613310713584934,0.9639294278776236,0.9132068553429737,0.7708325822622568,2.167797544584522,1.2723793343860064,0.6973848375592593,0.7056923823510988,stairs
36,0.0,0.15626283289667178,0.07658866357138859,0.08314622308043372,0.0,0.39513467425851223,0.1640027408405268,0.34330948882993967,sitting
3,0.12390449856121954,0.31027655312092445,0.07728770787258085,0.10236625513231426,0.06153400685461349,0.48112541690995264,0.0,0.37777836620254873,standing
15,0.02473291386675605,0.0,0.07975789000301074,0.0,0.0,0.2133119211616984,0.09027718629194398,0.2557398572196004,lying
6,1.1409456935220619,0.7379779216891762,0.7039184660973702,0.3620004339090453,1.7543261311306717,1.012224458049165,0.6326451532233582,0.5090414739845579,walking
19,0.18122175569372423,0.23831558008673373,0.1222127996983203,0.09055640849507998,0.11372684696545171,0.2981061315594456,0.11174131110058272,0.28066197749427363,sitting
17,1.4718839307135259,0.5874453505480823,0.6887132648452464,0.6382561485478735,1.6000205868242434,1.1435794634929224,0.5939270499384084,0.4740969605295038,walking
14,1.2969762679504842,0.704380775332366,0.7344904344116375,0.4941234451293264,1.4009370904602334,1.2414268925594532,0.46788051755960935,0.5889444489702363,walking
27,1.6998339565603744,1.0127537098024573,1.258006245658868,0.7126911731686749,2.164958544507019,1.597160782951993,0.769857501826382,0.3880986216587694,stairs
3,1.2880396285802462,0.5760946906572457,1.0083011993684887,0.5799292133090896,1.4679195606371662,1.2001414373916603,0.5542000739823211,0.43069019086458893,walking
30,1.6224036869916483,0.8824453695658241,0.9780386146649868,0.6462595909489242,2.376953805851739,1.500470931202424,0.8697141593585821,0.5534385208367394,stairs
21,1.6610380321864244,0.7471765269802911,0.994752332947349,0.6512456409132773,2.3667544130588394,1.4291336484973787,0.8357971382359692,0.5718139861595423,stairs
28,0.18096708684198687,0.2482588183142575,0.04379926625698789,0.06642462180098402,0.02901869884822994,0.5471780452895467,0.09503868357544086,0.3226736249119068,standing
21,0.08434346306007659,0.17839970721716886,0.0,0.0,0.31195866024811336,0.5116188933037653,0.10449720045808317,0.3082695321691316,standing
16,0.2615818496411375,0.0,0.09874204136785246,0.040702302070276856,0.0,0.41094779989490227,0.06672065457979484,0.32424414484900144,sitting
31,0.3865103648945118,0.21398006159214264,0.04303019963395929,0.10200561354601602,0.0,0.36737892667530736,0.1514458982102981,0.326710934624971,standing
36,0.13836439879164653,0.07324798556485165,0.1138778217815608,0.07651018078884778,0.2650771428290297,0.30309624223838655,0.11114471715462397,0.28670098636448116,sitting
32,1.7642623011313643,0.7777476376918402,1.081617342190228,0.4332027331869276,2.141137053272748,1.4126025348224733,0.8005705365451434,0.6462085544585587,stairs
26,0.20129505833413022,0.10410808563389609,0.05316018410290567,0.021061889142747044,0.0,0.42745281429597126,0.11370957506860453,0.3468956636463636,standing
29,0.277449690145276,0.0,0.18409475617162252,0.04851995109105079,0.0,0.43112813294020347,0.16802345930996276,0.29634103719350763,sitting
27,0.2689985398823591,0.1338132787127892,0.20664978358740504,0.0,0.0,0.4292188150687609,0.021977532188113963,0.40208006191148415,standing
7,0.08199356747464276,0.16545015656210643,0.13076040254739837,0.03779789072082622,0.11245559224605868,0.26058154069615624,0.007179943460583576,0.3322711930292596,lying
25,1.2309167221532216,0.668171856485416,0.8944443497611668,0.47872396039057125,1.6392862442789022,1.0447777017614797,0.4280007322178636,0.6003113662459998,walking
7,0.12868679015840645,0.1520415911804143,0.12978364708900622,0.0,0.0,0.22536073818829336,0.03420650786134228,0.3501689253592934,sitting
39,0.2289210025623183,0.14172071594478847,0.035702580596710415,0.028971011441321085,0.19556799197645536,0.28710785631647806,0.07604437511095932,0.3700598009655291,sitting
14,1.303074026646806,0.8902792497331982,0.9294321659960415,0.5681094083558219,1.5589234390098698,1.13343454102876,0.745722621485732,0.4996115043078361,walking
12,0.2855937395364543,0.18064244904128215,0.08505460669349421,0.0653015120326243,0.0,0.219132158124112,0.022720174815259335,0.5053020983597781,sitting
19,0.096114608174706,0.19498656074927098,0.028630993739928577,0.16910083117663072,0.032251265032762565,0.17399376696007574,0.04743583031266854,0.28010699506111064,sitting
20,0.1707814712722854,0.14210166824743328,0.0502077256522903,0.3427895361179769,0.22268156633744832,0.3716407394070765,0.1857645809321224,0.33188370803868567,standing
17,1.2786911124576752,0.7699297173596521,0.8370125202273216,0.45381177928385363,1.648359951994154,1.0331443505310094,0.6992861417393954,0.4775929376308055,walking
9,0.12352888773558876,0.2306624685711019,0.058674685775294555,0.16494789139867938,0.0,0.17937234142209746,0.14676661074451142,0.2430123873318463,sitting
21,0.02344245393986405,0.0,0.0,0.035804780030995756,0.07894145669160894,0.2356895620274137,0.0,0.26507697466943214,sitting
32,1.148500219192263,0.7253466804824917,0.776787679367494,0.437129770981908,1.8020706676683482,1.2364399354936109,0.6822386262713878,0.5645916941293329,walking
13,1.239369824856824,0.6905017266680963,0.9640036295915694,0.5984631921506776,1.313369818423441,1.0706629133484538,0.6727240030927545,0.4901401137860363,walking
1,0.21502661263038186,0.04407254418092127,0.11997748360351747,0.02854566353147192,0.13509486119399056,0.37015501002020634,0.0044665598680763,0.2896572611122688,standing
29,1.3985280408076846,0.981300807815772,1.0089520444839337,0.6044984623391444,2.119299528087401,1.453965350106927,0.8062979889587909,0.5980309739845383,stairs
34,0.07986902842094835,0.09973522449017339,0.06028357421900087,0.1589218689018274,0.1942678214453799,0.21731656622293258,0.023885940256378968,0.29095843485758915,sitting
23,0.33098647532188863,0.0,0.07254447191763828,0.055542004913607085,0.0,0.03222425607936974,0.09332286612489943,0.2521064438487943,sitting
25,0.10448067220107275,0.2522668408059264,0.03944956559464678,0.1588110892250798,0.0,0.03208557689393393,0.030625484203382677,0.229246957755946,lying
39,1.4994869231051227,0.8915615982000284,1.2804496439713564,0.8142196272879603,2.5148654650648115,1.1033925330816339,0.802146157705756,0.5589024258481463,stairs
30,1.380659013482711,0.8761194989965654,1.4661495507854667,0.6311702961567416,2.120966430083875,1.436080105860879,0.8506052083197593,0.6120171102762519,stairs
35,1.044884382716908,0.7780912249730166,1.3529364984262782,0.7320167903870424,2.389230669934043,1.7219634790636968,0.8837701634117947,0.6662090088226644,stairs
8,0.33591696457328496,0.00773454476092586,0.0,0.0016607377367325524,0.0,0.2062826031965438,0.0,0.2700532095954876,lying
30,0.05923387166637137,0.0,0.16873777333033163,0.0,0.03683884238132408,0.13869433513209145,0.0,0.2647581725566802,lying
29,0.2842677896550953,0.17494662603090638,0.06564974804000052,0.0,0.0,0.4873400305390154,0.0,0.21146646073857872,sitting
26,0.1128187364790093,0.0,0.04721132145573266,0.0,0.1383514442284794,0.23271524432724602,0.04252162887374451,0.26877172611641964,sitting
38,0.15078717859270796,0.1128617277817437,0.08753201635667847,0.0015712636130099378,0.0,0.2213709788390537,0.16672887281265253,0.16811573670907878,sitting
37,1.7286033964898584,0.8120297836557785,1.0231588225956703,0.7465485883885622,2.0725068078489626,1.2087885333480752,0.8415213191459733,0.5983469408230927,stairs
25,1.906532917871068,0.951059175192761,1.4210878560718925,0.6847297099488567,2.219614796216349,1.4574644456449963,0.938498269898652,0.5818591811470395,stairs
32,1.4733224649315892,0.7360128213221188,0.9442867950666457,0.36378305310769077,1.3498575159813138,1.1798923344754308,0.637816008613229,0.513943644064696,walking
8,0.20911647912047032,0.19925193534148838,0.24942757596049409,0.0,0.21654551460306337,0.35016771086014153,0.1050522917733872,0.20643266961378992,standing
33,0.21086073811815553,0.119888876535958,0.11610175992649555,0.19416833688236862,0.06896204690565959,0.37255376453469446,0.008574816361581139,0.24260555717964083,sitting
17,1.09793012994491,1.0111784381670885,1.1770858264280804,0.6312160595613923,2.180287267148748,1.2602713647173933,0.9751813693035343,0.7004224301867683,stairs
38,1.6410628617681542,0.8443877315852801,1.239058229985121,0.6449296623309682,2.456661652493461,1.333676239915984,0.6327481730364436,0.7241768140025175,stairs
32,1.1787504958089308,1.0341086495061007,0.9299461263436646,0.6001374605519778,2.454393713093516,1.5813282430620286,1.028283695480371,0.6804891596292357,stairs
11,0.1573979402680836,0.19296250855960506,0.013239920985233841,0.07868784265323404,0.0,0.0,0.06099710730311686,0.2833532124050127,lying
13,0.17838043468605475,0.0056677565867642304,0.1205759650134347,0.06379168550289638,0.29158286152996205,0.38439879885468703,0.137944729022294,0.3685545675391403,sitting
39,0.25589054076908885,0.2942830277698427,0.0,0.33261455160588344,0.09801660334174986,0.26905211476553986,0.18370846363643378,0.43996137853651385,sitting
29,2.0987295769897623,1.0614382842564856,1.1839151624337885,0.7512269743082263,2.0981410432142535,1.1728392169833637,0.8487341620870734,0.5697456040647285,stairs
38,0.010166383957743413,0.0,0.05374425699310917,0.21660958980759853,0.0,0.15750460576165293,0.0018891625133912598,0.21582555025575278,lying
31,0.31062080259013625,0.05154426452632721,0.05194863167303802,0.09771304609340095,0.0,0.029146650604152988,0.09517577159314342,0.28997357798481144,lying
11,0.3194214556528285,0.1449729105315826,0.09018949666263988,0.12269382517431043,0.44381834551369315,0.37984915878191444,0.22559283846201805,0.2497754779746488,standing
11,1.642900713362954,0.7610584298714108,0.9618936777245423,0.5364164792688761,2.3420479439640087,1.2983091403502984,0.7337165742062053,0.689163777693071,stairs
9,2.000931342035935,0.8657142275493727,1.2451746363330836,0.707815508540611,1.9911507255073098,1.5151533708743326,0.8003490526875676,0.6130140965063583,stairs
31,0.0,0.0,0.10545110405666189,0.0,0.1660703404269794,0.14197418389757152,0.0,0.29887187668840454,lying
7,0.25356457986712794,0.09296502179260342,0.08614402596724532,0.1695843255212744,0.28423426204569513,0.6074703897543426,0.1368848176544366,0.2424343795516018,standing
12,0.23103225906956382,0.22044142474845552,0.21011406462459126,0.0890947909953932,0.0,0.28677248546917505,0.14224068400516052,0.36228018849638977,standing
34,0.13984098806821477,0.11037063306724626,0.18337257408663626,0.06143080559520164,0.030087345634959774,0.24599457577576148,0.047707052182471774,0.36165104365322587,standing
40,0.3380736343696969,0.23170881580993175,0.14077264017014599,0.0,0.0,0.37538193393506175,0.0869487090068395,0.4098287063047816,standing
8,0.9870427386695002,0.7273060480655303,0.9097634993037468,0.5179719552577271,1.7243096697930818,1.1378531997218964,0.562102417962098,0.5658406297207798,walking
39,0.2514589774086406,0.07898016087213622,0.13303142686252756,0.148738080599999,0.00853531645399342,0.0,0.04291304782121513,0.3066883216719529,sitting
15,0.0,0.05395598814401601,0.040528816508244414,0.0,0.0,0.0850780977491228,0.025182384647471044,0.1818088284253321,lying
27,0.12652179978664707,0.0,0.0,0.00012235994918738738,0.22033761605523208,0.24483206839017754,0.007420862751039793,0.2273592996605019,lying
24,0.0,0.2505035049381082,0.08558841130148931,0.09836728023797736,0.0,0.05117325453563757,0.0,0.32485870113385745,lying
22,1.5076618911523678,0.6126095429727821,0.7194626226712467,0.4564560184353413,1.4879227735214864,1.058749410690263,0.5965229360322086,0.43888059171229044,walking
26,0.0,0.0,0.043195715009995146,0.004160241824411128,0.08451800419611552,0.014250715351309368,0.029205692006804326,0.3377039542460359,lying
31,0.19340805461946328,0.021571599990216503,0.15312179765523418,0.026316604332829622,0.0,0.3651114193860456,0.08796367501939213,0.3217120140884108,sitting
30,0.22827200129622727,0.045574602304700396,0.1130148509710523,0.02796976446664363,0.0031754936893306288,0.3277434981524316,0.1494913587772619,0.28304525055948876,sitting
35,1.029856641424733,0.9276965963803792,0.9150906278409903,0.6512176402041301,2.2456504950089027,1.4532135914434496,0.9394870563816123,0.6338727513484558,stairs
7,0.26081206667494955,0.12237998458510413,0.12046841534634445,0.05357097061334465,0.33435026752087366,0.3948955935069112,0.243794963268052,0.2998127962064849,standing
23,1.601724477854602,0.8028122037826603,0.8566061679491459,0.6679341067565014,2.276084744184904,1.580995703265466,0.8259008590912499,0.4853141923430371,stairs
20,0.41131222966438435,0.2696669704325535,0.16689906532298165,0.15699290732629462,0.0,0.4646139938023546,0.14013181024598997,0.3464247633712716,standing
6,0.13946142447485405,0.08087306752797943,0.18185367745156134,0.04766968073900447,0.0,0.43540682008344744,0.0,0.1843706778180355,standing
12,0.7311968037448521,0.4890778765865974,0.6928613890658334,0.47347922158434463,1.612032902810957,1.2393001198451008,0.6206425447396313,0.48521630380685227,walking
5,1.9314946229442764,1.0107374876461042,0.880026758840695,0.44043841944079154,2.1799678993702627,1.1864919219173364,0.8791766503076968,0.4941309223796859,stairs
15,0.2427879004983962,0.13122090657909702,0.0,0.14040930095887685,0.18462935430508426,0.5324416190130759,0.029796770079138377,0.3221059548003253,standing
14,0.22227682928738834,0.15126774935577697,0.2316481008175474,0.047593225579984404,0.0,0.027877060246328605,0.035305778801333176,0.3003512024876037,sitting
23,0.3548543031409921,0.005100253927527609,0.041971706464028494,0.06694894135267611,0.16627703321175258,0.3531463070966454,0.14139086723793576,0.29313796030903067,standing
23,0.22231211560988717,0.0,0.056503347166062624,0.09824467541751622,0.16807559604509922,0.2921428845316201,0.1475041990481127,0.2597359253403354,sitting
16,1.6011402945045785,0.8428005396256463,1.2662792855019143,0.5591464299045539,2.347924911947047,1.3221444639449103,0.8083609125894745,0.629445105957044,stairs
29,2.0065335704299905,0.8574042377943738,0.9317533394807883,0.8548744032067492,2.071656723234642,1.6252806557334356,0.7898846805035571,0.6437180890536249,stairs
28,0.26801383218428415,0.2500950442803423,0.04187269153583108,0.14332880111982227,0.10508092875986522,0.1894060355161714,0.0738132037773292,0.2900060048889868,standing
22,1.1808386470825283,0.676019284331451,0.7881422792095805,0.5099246762414565,1.3299273899019581,1.1673249114840125,0.6531709846402202,0.5091229939304146,walking
30,0.11385936953356642,0.10763407944399539,0.19544303094542062,0.004488403788176873,0.0,0.12365088289210044,0.1258226899319618,0.21574008572310877,sitting
3,0.2662213065316746,0.0,0.0,0.10127216296233751,0.05455896525418378,0.0700723879507035,0.10580150319398862,0.19322357706292292,lying
14,0.2572302035435353,0.10700778708296968,0.17970582141664515,0.09760469755100018,0.36233112599921696,0.2606022200859463,0.08092210308471316,0.3218916053392941,sitting
29,0.23674653464362344,0.14224738761286276,0.1423947850394414,0.254135742158407,0.009414963212667812,0.2575792791185042,0.07444168383576445,0.29906771475182664,standing
25,0.20489141179685336,0.14780239320718788,0.0882563050157326,0.05476850213152809,0.0,0.2430981663102815,0.15909545688448784,0.41374487081888445,sitting
16,0.281649775317616,0.12798220772428348,0.020127050343342327,0.0,0.3245036980590789,0.2261131540388355,0.12224738759624079,0.3924874035298665,sitting
24,0.07680474643697632,0.017107236722943366,0.0,0.003812442312971308,0.0,0.2873890238351522,0.05347232667653916,0.2230912506713711,lying
10,1.7068219626552554,0.8417590995015876,1.1963677318858865,0.6571891477480984,2.134887272987573,1.498672219047498,0.8039216469062652,0.5149814097558527,stairs
19,1.8475154354458,0.9194823832842665,0.9047413574235667,0.7660734909232224,2.4924153659805452,1.6775948408466625,0.7999793692851761,0.6814547741556263,stairs
28,0.25631638016128006,0.21087899175939573,0.03728751743686597,0.008715316508024776,0.0798552162552867,0.22405929525059423,0.05394830523076831,0.24575593991631667,sitting
18,1.3298259311360547,0.5033159865026242,0.8894737153113164,0.5363352333916086,1.3674114537944257,1.1226365089286412,0.7522808207254794,0.5017547205362024,walking
23,0.4456107465454035,0.1679325698162601,0.29239271469138944,0.08735596150847469,0.28902356315342065,0.3043382730598569,0.12305137951805946,0.4196009719987249,standing
25,0.1699506408033031,0.25725485770614853,0.0873509887016666,0.0,0.5357689642273474,0.44641242701113854,0.07665706849902176,0.3370329937810705,standing
39,0.09947305423583812,0.09545253449696509,0.07607808777463425,0.027952727168679498,0.0,0.24272623227357376,0.0,0.35022407152267104,sitting
40,0.08155153725585554,0.12009232583027146,0.11024454964005295,0.08189886172424714,0.49495482749882813,0.2736725896354133,0.13438008748458363,0.3192490665836251,standing
23,0.27822122768879065,0.10162698005474895,0.06716793305118299,0.0,0.029877812495088814,0.47576714381937873,0.004571365919949014,0.3657702584401036,standing
10,0.27751588769715085,0.08058821071247652,0.011079336566225464,0.0,0.0,0.0,0.18312001224076635,0.3084428861260726,sitting
4,0.4595434280774177,0.10803238156476291,0.0,0.0,0.0,0.10834618855006264,0.2634841802174968,0.16956290865542195,sitting
2,0.41534866472290327,0.41280286083573614,0.20111052409108005,0.1652015056907679,0.18825410874878742,0.19956357292402638,0.1382116442586256,0.34138819839330026,standing
38,1.4946875479702744,0.8053033493065112,0.9142589478868826,0.6792851663892882,1.9063824219858085,1.4423643161549025,0.86965677439794,0.6188345620113564,stairs
40,0.20024016537263636,0.07895149637895782,0.13544082102629648,0.07859286488020939,0.10963710583368885,0.6532044772553982,0.22874270786403605,0.31753259401944484,sitting
40,0.19634165663533906,0.1522605061487979,0.0,0.07859408590728759,0.2299610138237041,0.31391413111039235,0.0,0.2940523316016258,lying
18,0.09701206306661096,0.21876461966975444,0.11333556088039706,0.09046523504842299,0.3006548261107891,0.0,0.0,0.2719137162621222,lying
38,0.4583549169172424,0.0,0.10035319982181555,0.20825275072624605,0.0,0.7451134683075797,0.0,0.3822788762741704,standing
32,0.48183555294336633,0.017513168076168123,0.06960972304175318,0.16380341354562458,0.0,0.37176094418605743,0.040272618698266885,0.29050778292956203,standing
14,1.7100739513324121,0.8445102425986429,1.5125325979921498,0.7911437001340309,1.9963185898125446,1.3891100772152514,0.8418871618675838,0.6099304433971694,stairs
29,1.1084531225832435,0.6870836779637421,0.5517983691288223,0.4101918250696166,1.7122396378878635,0.8893516005285533,0.44822331813239674,0.5670419045566726,walking
12,0.030845374146274918,0.09671502183637831,0.027989169679484616,0.06865319032346673,0.4887791001495661,0.12284197679181746,0.17265562574312288,0.24909091810323924,sitting
23,0.9920803332805475,0.7972896406791151,0.9225142079935111,0.4405946243913431,1.8196433146364135,1.1653109455535746,0.5652596275980653,0.48324210247770927,walking
31,0.3998642414056236,0.09698855540372713,0.06880867055648619,0.0,0.0,0.5624289631594077,0.2920131487180143,0.37654504857234156,standing
8,0.02190290667445377,0.21546578450185722,0.17959806618688878,0.10534147585440193,0.0,0.5203677049623012,0.011421146485818934,0.29402346429504206,standing
24,0.12255827352272242,0.08658275903492094,0.01746449170478565,0.0,0.09012349634125993,0.3882162800304848,0.013672197242430337,0.2217463339458536,lying
12,1.5315288098621254,1.0708504515902437,1.3518074265201478,0.5442503130022104,2.0499342946094923,1.2844093497963573,0.7090328058043619,0.6381638040460482,stairs
17,0.2304127562634892,0.017558726194991395,0.0,0.20566279206730337,0.0,0.1401300326409482,0.12864236361180834,0.44801983912241167,sitting
18,0.008629385857474942,0.0,0.07191681822778888,0.05463006076043493,0.3160801941032573,0.0,0.08154546690291804,0.3671534503007402,lying
30,1.3649758526056697,0.9876407740262595,1.0850104375004592,0.6951718210039982,2.1367499267205137,1.1716574053644835,0.97816560166781,0.6684676139129185,stairs
1,0.03965049121917026,0.0,0.0,0.004852374693149482,0.18883124420342082,0.11593312091641944,0.10442973256008117,0.2531539301100907,lying
28,0.20365102933683216,0.17619758999838986,0.10995295068154001,0.08824748018231403,0.3672482900669305,0.21327455397893458,0.17391637430740964,0.37873293321499774,standing
25,1.5270891410325969,0.652433594958846,0.8755818451347042,0.38686504197395555,1.8732543692638854,1.2726169079842484,0.46930717790217286,0.49875576847534864,walking
36,0.2659709336874507,0.06798093171941852,0.08595097759098728,0.11734169992866646,0.00410676911942582,0.26862716710515055,0.17096793748191913,0.28810926555591604,sitting
28,1.2176392484563618,0.826451103372406,0.6657035352013029,0.5007202804205808,1.6047517000619358,1.1777377281752825,0.6796122800722694,0.6619887649446546,walking
9,1.5318541777805967,0.9044678245933093,1.1124458482201978,0.6251574620669924,2.0608995489270825,1.2715277691882771,0.9373214484326815,0.6222014524651648,stairs
3,0.8184244867779882,0.6212593300507537,0.7117491770537856,0.3758711789656915,1.3702236697288737,1.0837840287804286,0.5618391463473656,0.6811807625241942,walking
38,0.13539901597558932,0.16239429728831217,0.19541682592311985,0.0,0.040806832071074724,0.518441966894652,0.2868129287899338,0.2647908997199992,standing
6,1.0599701213169967,0.7587286663355051,0.7534266937522136,0.28547972026756674,1.5881733655677013,1.1780593962803747,0.5632509169127233,0.5486960293098273,walking
40,0.9284714009399553,0.5581374749846628,0.9830076264376881,0.6125038226109295,1.925110978083102,1.1421569696023395,0.5882177459317429,0.38848237098132476,walking
30,0.0514947638357692,0.12469074845007236,0.19383129729001952,0.006205047565277136,0.0,0.3581266779435933,0.0038802707839600548,0.32434901843589753,standing
27,0.4585568432446564,0.24761610236360515,0.29130202652064147,0.11641356762625846,0.09149391325005946,0.6054548369262347,0.06265977482792626,0.36388788742471545,standing
36,1.149340793518322,0.7503144306146159,0.7835896947629296,0.29066225859157024,1.6745000429401755,1.3370164205226414,0.5565342836382727,0.5873709879921729,walking
9,1.1131185313095098,0.791875796496254,0.7311463647074777,0.47320297047673743,1.25239603815394,1.3384034645774459,0.6154459487417614,0.6795914834507932,walking
35,0.20677641980180816,0.04991248940250984,0.0,0.08340144194020169,0.08416792579292073,0.0,0.10156940690036445,0.4117096369787747,lying
24,0.12459495610443944,0.14719544627979894,0.14009058479325465,0.12549906989917525,0.14516982347336557,0.4507297255942073,0.14262086922720302,0.3521374335179964,sitting
15,1.24851694071486,0.9266047458020145,0.8731976310172428,0.6416208407650412,2.331962030153058,1.1383245261554014,0.8529069466136093,0.6157531807659318,stairs
11,2.031638591380797,0.9921537576079366,1.0450858408343926,0.6491437782174085,2.2625630155535115,1.5778740741030735,0.7425434878558955,0.6722010207036059,stairs
38,0.23828077016767207,0.17468944324270594,0.14099962745436923,0.00014102986355672698,0.0,0.19863658995602212,0.17133402250656582,0.19888027520709434,sitting
5,0.0,0.0,0.0,0.05823362833562829,0.0,0.19424305540564663,0.0,0.3337294877927951,lying
8,0.03688291754315659,0.1960857924499404,0.0,0.0,0.0615098378085196,0.13312135479067266,0.04168801877970532,0.32652338420019456,sitting
35,0.02410978376345041,0.0,0.018199725368008443,0.11995891053859017,0.20158013867094798,0.0,0.0,0.1543208674237092,lying
30,1.2357746177584408,0.8468066848466891,0.9109236853580334,0.6045057893914222,2.5752008298117812,1.687671055266762,0.8892639761637002,0.6382643494836558,stairs
28,0.05914443400349544,0.0,0.1584058216468167,0.20629391659308904,0.2574095152197299,0.0,0.030070141331475772,0.20698420524455502,lying
16,1.2285727892130567,0.4492072016946353,0.8958009353263238,0.42656206819492887,1.5027270087762556,1.3292567593478262,0.6170660032286033,0.5179788889039839,walking
37,0.3010983679801321,0.0,0.004126368727794413,0.02379577803517495,0.1792831874702954,0.011733687113823693,0.11871844450639166,0.2792041062170417,sitting
7,0.32645677709075505,0.0,0.053918870729658966,0.0,0.10633659405501805,0.21706963095540802,0.0,0.3260980660231206,sitting
22,0.2747640962963089,0.09926541151693453,0.09453730495586653,0.11486766335924545,0.014170031918145906,0.35839594743182934,0.12986603115169626,0.38783410457830503,standing
21,0.17258163361593354,0.12129687155112295,0.04062819363268081,0.0,0.0,0.20388899945573913,0.047426277672151296,0.32956869778170184,lying
12,0.9223524815253874,0.7704022059065486,0.5182503923498718,0.5338917549304739,1.4951784364730676,1.1557802059048614,0.6070700899492348,0.38209898277091503,walking
38,0.3958618228662835,0.3083612136639987,0.18066012729753023,0.12237594615033931,0.1310069233397543,0.4061038636140235,0.15247534396859777,0.31392595032980186,standing
2,1.5703014609272787,1.0910474313802705,1.0531049436950852,0.6987215925953548,2.3216066122881895,1.5868882896617826,0.8509415543987324,0.5241100116112307,stairs
11,1.2974986811557823,0.6620639427237276,0.6450607214995164,0.525369131790628,1.5645801135418507,1.1578440042845162,0.5197836118354762,0.5473629712891519,walking
7,1.118755818429285,0.5999978663587223,0.7976983835610786,0.6424871702869073,1.6009311415723304,1.1847364878365554,0.4871817615123919,0.5094393380239685,walking
33,1.3773781793228268,0.6851769723031725,0.6987388668641357,0.5275115360986773,1.682229106026165,1.266199491176784,0.6076874364185199,0.3937823066244195,walking
12,0.9596607502158575,0.570169687893208,0.821492782334053,0.5024487251716127,1.402205254103369,1.1677752492050983,0.49736139369539006,0.5078203598435799,walking
8,0.20426886000328442,0.16602295447067061,0.22926306992732998,0.11241179903983377,0.0,0.2876313332064932,0.15692151559114054,0.22413632992841587,sitting
9,1.7334551436055075,0.8055250545214212,1.350364966739412,0.6560815526021283,2.029896733694773,1.755045943310345,0.6950007756792015,0.616319883692449,stairs
37,1.8380435983162844,0.8101329200143201,1.0166453646339253,0.6097789344128404,2.1103186317020732,1.3630159986018777,0.8143610738775671,0.6375063759155306,stairs
6,0.11185458866266457,0.08650896014468377,0.065733377351886,0.0,0.0,0.013041662971590998,0.0,0.17715686011705128,lying
28,0.3380831693129389,0.2825674404596493,0.17011106150866923,0.0,0.0,0.21262836486035516,0.10152846147047989,0.32549394106710205,standing
20,0.7837707904506757,0.692467080635936,0.7794979564458552,0.4170184238578351,1.5129056021617027,0.750841025273107,0.5783731431847136,0.525367278727099,walking
1,1.3207563115292682,0.7383139668717844,0.6692822581725812,0.42705857632370015,1.6924809627109223,1.4027425281304293,0.6535700469144897,0.5213608149880893,walking
25,1.5750204743483172,0.9887002658569642,0.6657236748510977,0.5804200925539247,2.1449387998792595,1.3866788333286109,0.739997428516062,0.6182157955543169,stairs
24,1.2397318232151149,0.590137338266603,0.6578438508502678,0.5198003610433832,1.7787248660079367,1.3470009622564658,0.484352989933298,0.5159643800496712,walking
27,0.15749081603935303,0.13269373156808317,0.029344259309015276,0.0,0.13523976843270114,0.35988833243196783,0.0,0.3388878798824866,sitting
20,0.09618431598409188,0.0699410303913281,0.027884543338175728,0.0,0.28622664648417245,0.11916186383235934,0.033945585907555274,0.1821366239721604,sitting
17,0.0,0.11948213615652695,0.04483149595986677,0.0,0.1107977755423205,0.42884929163514995,0.19083021510531167,0.24762097048915463,sitting
17,1.0139831207061683,0.7448879232505,0.9247843423613448,0.5073406163977873,1.728250702877545,1.3028305969384355,0.6736456253093577,0.5141620778171826,walking
22,0.0,0.1181705265190108,0.0,0.03608840748479007,0.0,0.23037772415324104,0.1373114830121445,0.2927355433269476,lying
24,1.9773332207159515,0.8571964121309983,1.1882100455676665,0.6154932635602063,2.7228199268216606,1.5310769239738298,0.9906037294883505,0.5541530528089366,stairs
38,0.08595638511280251,0.18640778426309357,0.11958650610965202,0.07312612888693819,0.29754510238124443,0.4043707401304075,0.09912338799725966,0.2836483825793177,sitting
6,0.1518481179718766,0.0350084854822718,0.05368023943981972,0.0,0.20189399796311688,0.33889006688500545,0.020966768214654284,0.20075365357387812,lying
29,1.2286272494068256,0.5619071664743075,0.8862793701179329,0.4668761566920546,1.564876876040157,1.1495329657128686,0.5707474210968068,0.5691524729071081,walking
28,0.34296856748960014,0.5193565017283911,0.02410280050457954,0.06953946971151005,0.0870317318193427,0.5527548448901602,0.124160188045639,0.3477087175993081,standing
28,1.9189558320085363,0.8566458231607863,0.9011141289773029,0.527842003681898,1.9976923505601518,1.4378028889754364,0.8617340033303931,0.6131874708285238,stairs
5,0.3608381455090502,0.13890975374329512,0.0786212355008864,0.12491498013684518,0.1945137455822294,0.5554427144721417,0.07744000862477524,0.31944708712755276,standing
36,0.18111272721755967,0.24905599249875884,0.06412050473601436,0.0,0.024315947260212172,0.1488596388853662,0.026452145826738556,0.31745145929209995,lying
13,0.058935968163364244,0.06987309714235249,0.20568128080638387,0.0,0.04987858222259377,0.15853048106499076,0.003751596417811656,0.27691819470565915,sitting
13,0.25423941336936456,0.2566831027949815,0.13398979183814885,0.08552175537814483,0.0,0.19136302095389035,0.13568228291736156,0.3260579901096215,sitting
36,1.2043438415110719,0.6631276298922242,0.7196282410777657,0.5278875855705447,1.5316022734417658,1.24078295442557,0.7716485963383826,0.49950340218477784,walking
38,0.013902026518462368,0.012187930236211536,0.024412814604455026,0.0,0.012684444525916848,0.24156684478618062,0.0056432176677902735,0.30428296804413413,sitting
22,0.3018700393117955,0.0,0.13903134879052506,0.12347492685844068,0.0,0.13972183356925943,0.1305077218343613,0.279795053844807,sitting
2,0.3291021733380592,0.38045148871025936,0.18087732507952994,0.0,0.17928487012383953,0.24798097810587164,0.04390419559131305,0.33775347634507974,standing
19,0.06979431874597597,0.05340693201726423,0.12229066678948772,0.0,0.3127556098124914,0.20778308043448718,0.0,0.19510968304101312,lying
4,1.5185471232482772,0.8383917025483582,1.105278520173872,0.7785098228166528,2.461856385247932,1.3678892371185658,0.7085193880811451,0.585680919310715,stairs
18,0.1604212705302124,0.00436964938847012,0.11775749871344242,0.0,0.24605016360059198,0.4528699314981082,0.18141688244579932,0.3007387967715965,standing
27,0.177097284793369,0.11497092997581765,0.06615827366341137,0.0,0.0,0.2417795657109288,0.07307828451953935,0.44588540609255584,standing
38,0.0,0.10500202069702158,0.0,0.0,0.0,0.1942345718328048,0.0,0.18263893427809938,lying
13,0.0,0.11585097891158161,0.0,0.23227186196582353,0.0,0.038290253357630415,0.02616312714960401,0.3103434249731431,lying
15,1.2209134292869275,0.6509829219425489,0.6470640879231104,0.46061177092851874,1.61720585973035,0.9348671348831541,0.6256554670992303,0.46193021550002605,walking
22,1.3320451964530895,0.6584961099255767,0.8625730839963929,0.49455287698723027,1.9645206330786216,1.180315422259342,0.6125449630266167,0.3868260285253108,walking
17,0.47174901565578387,0.016366219049194414,0.17152961122319235,0.16700614371555408,0.4689128260234052,0.5929544722282085,0.1925668765385851,0.3025380235262523,standing
17,0.3100898188200484,0.043150950925228596,0.17919181126187,0.0,0.0,0.40856930759088533,0.08244036341741526,0.260230944400396,standing
18,0.30730072267457714,0.24937939235561532,0.14067706906032512,0.0,0.295539241487731,0.0,0.0,0.32032003098973505,sitting
32,0.17776210257010236,0.0,0.055244703116126906,0.0,0.07624130715117995,0.34999069181785525,0.14958574362451915,0.3571329296823108,standing
32,0.028901274228761258,0.0,0.055296440317004376,0.15163215065619928,0.151330385574087,0.16509152395550186,0.0,0.2507207464530364,lying
6,1.5309741315080012,0.8048656332326354,0.6950146614092557,0.45490829414003303,1.552931316933279,1.195492171065634,0.5948687828464366,0.5590660670210966,walking
2,2.0436609545047015,0.8521294737906583,0.4948575325315513,0.7086187517738872,2.4253262417675843,1.536359227468777,0.7227588686440946,0.5961024656487047,stairs
7,0.0,0.10557889548540364,0.0,0.0,0.14556938366231853,0.0,0.19775296255710628,0.3021437186407845,lying
7,0.32166443161799707,0.024844655813376512,0.0,0.14828000161698418,0.0625459169374083,0.22046463022998078,0.17163819335130287,0.31004634481223137,sitting
33,1.466047884522818,0.8549600827526842,1.1779561523831568,0.680834873292121,2.092040690165453,1.5944866607405435,0.8010986595553882,0.7165650691763625,stairs
10,0.21121939929227423,0.1063878495020773,0.09386486155793264,0.05151058927011225,0.09265924314494146,0.5320091682207377,0.2219358253723386,0.34268124960274104,standing
37,0.1929218784176005,0.14009418867289222,0.017099054051413695,0.16904545284555422,0.0,0.18837043827234506,0.08256608132588239,0.2651188000606769,sitting
37,0.36997956047501834,0.34170107803609134,0.13250789823223838,0.2002927860507394,0.11220426460847965,0.4674604152902903,0.0,0.19811400546202926,standing
27,1.5008346532317525,0.7988143486748488,0.8407465948945423,0.5189446926037427,1.5611652369374265,0.977694521362012,0.76786137750528,0.5097513268108023,walking
40,0.17747516965045707,0.0,0.1200083456744443,0.0,0.21884852999615012,0.21251720453873826,0.12097304121370595,0.19357670611404315,lying
23,0.28077014186930777,0.18380299598349026,0.21377585419737055,0.06274074090643238,0.0,0.1451452115787561,0.03917178799069568,0.2196251332454637,sitting
8,0.06671263835028149,0.12615055369529074,0.124362955974961,0.002142727739024311,0.0,0.0,0.038171098753592245,0.2958878666702193,lying
35,0.2113316042273442,0.15482475299119713,0.005284310970697752,0.03568117228424214,0.2583674675230583,0.06376877174376908,0.0,0.34520609177730077,lying
14,0.30223261465071116,0.1644807998730059,0.05906537595254384,0.0,0.0,0.13119816845915142,0.1041162433700208,0.2812955474747569,sitting
2,0.36483695620461487,0.2502171526433701,0.008841327941479724,0.0,0.3271553421683621,0.47458085545148354,0.22214237610903706,0.27141315935972987,standing
20,0.13293174077865622,0.0,0.09502568003191107,0.0,0.0,0.17479259951877363,0.0,0.28743939242266464,lying
5,0.3867802122775827,0.2635495967211791,0.03883768467792628,0.11841179146179537,0.0,0.3882537561809063,0.31073933445490287,0.3302622334472235,standing
30,0.29428768148830664,0.3344159918828294,0.0,0.0,0.3136351953301814,0.3399639526731755,0.02112046284543885,0.33581303208929025,standing
34,0.21295210599044517,0.3680958062030599,0.019940165023566936,0.11593004432988602,0.042154216062483436,0.2743476871626869,0.11057220144075988,0.32670796802686203,standing
28,1.5951434221429932,0.9327560486514013,1.2884666289243212,0.6363371207598438,2.2591672811805665,1.631267636189932,0.9886015326051094,0.6317881203566162,stairs
4,1.2060284179773908,1.0083300714880061,0.7414646125726779,0.7627713353053975,2.3644892353523908,1.4845310272260313,0.8295450728076385,0.5618471513958482,stairs
38,0.24322564175065944,0.16102246232639036,0.15608622655898147,0.10459172987250698,0.0,0.3274540846460646,0.10292868833428262,0.396897659679925,standing
40,1.5117258190828218,0.5688056649698103,0.6323327786451484,0.5050064180797377,1.3623898921182604,1.1586921858883763,0.6000921145855761,0.4715633962083347,walking
29,1.300810810920685,0.652063975894847,0.7539870581644461,0.5114734363934591,1.4363297042498262,1.2276393999643178,0.5935986359336239,0.5848524937827516,walking
15,1.3309370827775358,0.6378868245032754,0.8807450566794423,0.628876873395687,1.417046710807308,1.2118266566832065,0.6949479566042163,0.5689498489724781,walking
30,1.5024173767436506,0.9418814998316679,0.9972444091175633,0.6741738216883032,2.4791800627007627,1.5052999470071842,0.8398205592376383,0.5782096831577932,stairs
3,0.3107807551668925,0.20711345210718682,0.044590629198519235,0.0066697411931276596,0.21089646954474586,0.4344233196536923,0.10735497822083698,0.38602152689247543,standing
31,1.396109852572529,0.8144659088422807,0.7793521529923001,0.5589587172407446,1.8250252846220536,1.3538345208424654,0.45928827339285094,0.42869347197721464,walking
35,0.21136382881460586,0.14477121679493485,0.11402070308531778,0.10957608071612594,0.3216980758272991,0.01098539574770388,0.1049141568325738,0.371988935954672,sitting
23,1.1276277476735106,0.7586297355887509,0.8756431639843268,0.30490534344880105,1.497059384226417,1.2938068050187665,0.5450512254513284,0.6075731012384711,walking
33,1.2840239813335836,0.5815047687316088,0.7166234242563713,0.44045535564675126,1.7209902944918736,1.0178368365405894,0.8313726155337676,0.5171246642922023,walking
19,0.2977296882460768,0.10212709126419191,0.10236195940485862,0.0,0.3260148723702486,0.31826905103686093,0.2315951214625093,0.3084433338836892,standing
20,0.2301771487005203,0.1942609656003952,0.06433271188511518,0.024527200803319667,0.1635146939484553,0.5219755818699822,0.13898891394507648,0.19702211766958636,standing
20,1.1376431932218107,0.7716651993750961,0.606996868218638,0.46541073917527964,1.7720060446891523,1.308409365665872,0.5590205280049704,0.49288227631695664,walking
35,0.1101861665866877,0.2353721022434644,0.0,0.006767541855331308,0.13564917415882372,0.3441503881151691,0.17676580321303456,0.2474816827031185,sitting
11,1.2453442468634683,0.7569604900950975,1.106813835826098,0.49079169984128157,1.637357766507692,1.1914462469369342,0.5933366726344149,0.5456356740614291,walking
19,0.12591665433896754,0.0,0.1886599003835877,0.14177113877020203,0.15819119924076244,0.27237388572919885,0.06367147625817637,0.37415148936937936,sitting
12,1.5087898257140917,0.8512274840475561,1.2463555233235135,0.47945690048434353,2.3305410560517887,1.1994961114239444,0.8150580234613417,0.62177662044338,stairs
26,0.2099198742211993,0.021537750491332774,0.04069095041111452,0.0014007978721255615,0.06323177941432742,0.057311749487253455,0.0,0.41958146221623094,sitting
27,0.37812920731628746,0.2046538057691566,0.04532427897836759,0.013627554145451554,0.24069271285343075,0.4394540807628604,0.2518515665405296,0.37474069191330206,standing
11,0.2626999555470606,0.11960056751255918,0.09188233668372951,0.0,0.4133598014760049,0.20703981855010353,0.10033403590081752,0.22579352707826156,sitting
28,0.11607517690685243,0.14067724657645503,0.08694082331294714,0.0674655495711298,0.011236069972838617,0.05320017742795741,0.10108397789232097,0.2621610663068604,sitting
15,1.7950289611991115,0.7407575938034138,0.955868666660462,0.7193091831777461,2.4165977061904105,1.4995688986065354,0.7488788986788695,0.6475654330384816,stairs
12,1.1653624916127439,0.5968399157091262,0.8097430869129667,0.40438937149149584,1.4827083407155355,1.0387414266574366,0.67993898287499,0.5462047996127534,walking
5,2.0474490821558216,0.8904430457390174,1.0592673840427038,0.7983162922818859,2.289958740560856,1.6829326175544252,0.7722901869077891,0.528977268853033,stairs
21,0.016931345794219357,0.0,0.006395268274407111,0.0,0.0,0.2569785097808285,0.12243109547964964,0.2875585184532494,lying
18,0.2707139872984527,0.16477544703551272,0.21959920988283213,0.09709550040504292,0.1730417631523284,0.21769553492523905,0.027957527683940997,0.2847064008708272,standing
11,0.10169778320647427,0.2401668229615551,0.07048121195451106,0.11879272263272714,0.0,0.3548825092978629,0.13316628663267632,0.2598261003050548,lying
39,1.6552246490850482,0.7938776532243175,0.971688925268784,0.6025354384177757,2.19305382475698,1.7429222302190308,0.8402126869222495,0.5438078353360534,stairs
37,0.1957171532457111,0.07361948465797605,0.1733191418645423,0.0,0.277596332898554,0.29361228913828025,0.11626304501589887,0.35256775276851643,standing
14,0.0,0.0785831090360237,0.08617164079156531,0.22975352663320164,0.0,0.3663760159373557,0.1311859296585863,0.15949374126855725,sitting
30,1.9075684072096566,1.0080355522527746,1.0586437491640195,0.5853921299956468,2.5707479914829223,1.615997893591682,0.810408755407034,0.5764002728339986,stairs
40,0.23693639672755007,0.09429061216137788,0.0,0.0,0.0,0.31164972203378605,0.09899369258593532,0.3099852688700542,sitting
30,0.20386195735633833,0.2807047169093204,0.031981260947047,0.08143173434039984,0.1009333245326162,0.22150395042791562,0.20241400098995274,0.2559586100320693,sitting
7,1.5312140478322929,0.8247336060127133,0.9881575650380763,0.851042477943174,2.137058078120921,1.490821023421911,0.7221171654599882,0.5416823492173888,stairs
4,0.3525093279670472,0.0,0.0190522379848028,0.08227092510540754,0.21692569447685184,0.17652019319333798,0.13669164218294866,0.3128833298989641,sitting
6,1.456334398313961,0.5156261348771078,0.8707968537791982,0.40913096125521803,1.641724087943801,1.1290825212239803,0.6763219526776413,0.5654553332783322,walking
17,0.23826612095796063,0.2697179407831565,0.0,0.09903590196489141,0.24174764340425287,0.06165895314871783,0.14700631256095892,0.38689150435082265,standing
35,0.01964387738992042,0.09081655426625794,0.05323970172576453,0.027917764792039786,0.2100599694350923,0.1773026260394073,0.0,0.15172156306092405,lying
32,1.4291747921459619,0.6962162350477474,0.7528778931082567,0.33916566667535797,1.6236925295288118,0.9524461211120372,0.600904152512829,0.5800267188158724,walking
11,1.1342435025340358,0.7163397893672142,0.923265145117238,0.4263063600477898,1.5282071903475964,1.2228724398711859,0.7152140368690219,0.5478814024389319,walking
25,0.0,0.1345196905212101,0.0,0.10299287632990714,0.2658506192947837,0.20741566645497625,0.22331568805797247,0.2782193889159868,sitting
14,0.03573706028811928,0.1994483592253216,0.11253767685941124,0.01099909503933351,0.0,0.0,0.013500668088902427,0.23159924898392284,lying
34,1.3697175196872153,0.7178300955701167,0.8726774380107852,0.4272063523685993,1.420620116108848,1.0515167981974758,0.6846634898622588,0.5429974814847485,walking
14,2.052937018251596,0.9777354918453761,1.443640234279427,0.6657561696596542,2.6613698725588475,1.4173208862078361,0.8176733503497516,0.6247149725709363,stairs
15,1.2969932230801593,0.912435641020492,0.8978128968230341,0.6859467442728704,2.2798363702896203,1.6822245371825064,0.7913489531168698,0.6577281353588194,stairs
15,0.10494420736992849,0.06107332359023333,0.14357292981793365,0.0018947571891169274,0.0,0.36747750526806583,0.20026569062852045,0.33078173799022664,standing
18,0.1942561496909237,0.08134907415344833,0.05689316491931075,0.0,0.0,0.2700368246568747,0.08500399625383845,0.2827695477869934,sitting
22,1.5407547090500022,0.7833956446882107,1.0107386385043249,0.5077172557020192,1.4678695578432968,0.9476625972269378,0.608521343932634,0.5143910071829901,walking
33,0.2353349770154392,0.18506288615080865,0.09475665229683469,0.12034138686616264,0.05908223314752239,0.2888226693660223,0.15908642972015857,0.1460566026520381,standing
27,0.2524994406969948,0.10558151935912584,0.009325727460739758,0.034553497746447226,0.01804866167498817,0.0495669509820455,0.07438084175080684,0.09758053180107562,sitting
26,1.6192888235925011,0.6954217321383548,0.8557336398825109,0.5254867723589054,1.7449885233601858,1.1784122560312598,0.615650808437085,0.5016681123227744,walking
22,0.028518332584464526,0.04872839270298764,0.0,0.125319482241846,0.0,0.05600284547195162,0.15348294884257246,0.1318537987948712,lying
3,0.1716832340542788,0.0,0.11926520357424339,0.030571039270670685,0.0,0.15303859588614085,0.057526280612945624,0.28146000321459613,lying
34,1.2695663620649915,0.7711219655266051,1.1192407445607266,0.630348624725479,2.383747051709964,1.3039608966997724,0.9122586141377388,0.6776536971870004,stairs
33,0.2320884854940411,0.0,0.021757833002955,0.09584856987436802,0.18926189179403563,0.33333463900185367,0.11433309375325709,0.16280193967913412,sitting
25,1.577972202701423,0.6606719722454276,0.7839230163641655,0.522496674018492,1.6679837222869938,1.2029323574967823,0.4212593999273434,0.5588473932328176,walking
27,1.900714276549692,0.9892086706924518,1.0307817940768478,0.7713243058159638,2.4141282015655228,1.4925880465905863,0.8390196623225877,0.6404863930210645,stairs
35,0.0,0.1481288753402692,0.0,0.0,0.0,0.0,0.039582249589351096,0.2227105389006492,lying
8,1.9135865931404545,0.95404059327514,1.0100499605746942,0.6615104868295943,1.9929495315372217,1.4367222847826813,0.9090360657099557,0.6188121996752909,stairs
25,0.3477095108989041,0.30246512423568844,0.14788285929664355,0.21150956114279057,0.0022108157455004024,0.39558458499552823,0.18053812002035408,0.33258031690073664,standing
23,0.2430278173317275,0.04311893698659136,0.2781355425867511,0.2177879369298355,0.2802524527102265,0.3679823078148481,0.06651568952992909,0.35812227510017364,standing
40,1.738658090565591,0.6725093384166642,1.5851335136043827,0.7322220862377281,2.0692207120517923,1.2462600612505914,0.9294431135129636,0.7434389244541711,stairs
1,1.347160089456771,0.9327560255750089,1.3223456445075858,0.6483932878800917,2.2769208164678623,1.259409152834979,0.9075455979346367,0.38446056607453344,stairs
11,1.13625479161867,0.5205470665705314,0.891217137679609,0.3827160558758668,1.8108343298749103,1.1853875568636467,0.5925824491292474,0.6973413071059165,walking
26,1.3860850357646766,0.578371579332255,1.0621507695552932,0.5359500892487302,1.802290469366164,1.2444208258740195,0.4860342553416078,0.5279703647079776,walking
20,0.20225240757154475,0.0,0.2083088826246957,0.0,0.045568713271881126,0.14681534647347355,0.06943297515892352,0.265705334979812,sitting
19,1.3269610494020845,0.8032847049940346,0.801836866343134,0.6268119361357534,1.7504045545681828,1.0629911982780866,0.45912605260449,0.5686794279984873,walking
39,0.07589282371440863,0.12568559539960386,0.2733018273432741,0.026607302475334896,0.3419465319138234,0.2487106942511247,0.0485739879927877,0.30259793633134596,lying
15,0.1934992224799865,0.14371033912369954,0.01866684316534288,0.0,0.3830427931022902,0.06028222750828624,0.1893981117006155,0.2624578773074702,sitting
14,0.2757910744459318,0.17189763253449555,0.12242047324645274,0.0,0.05961418860629364,0.13964013933879268,0.234833611883956,0.44668818564403967,standing
12,0.10592894877965242,0.092883929036663,0.0,0.0,0.24261276532053835,0.0,0.005127620593606143,0.2560461303200656,lying
39,1.0405963633701636,0.5145491104784305,0.9271403122478608,0.5545549654367212,1.3645590383421737,0.8263346015139896,0.5462873143713947,0.412926322239803,walking
26,0.3650048527435825,0.06333773591004253,0.1313038676908062,0.07755101955002862,0.16723439909237503,0.2724624351325259,0.23178886229955575,0.3518525712751096,standing
5,1.710202133513703,0.8916498978884068,1.041592678085947,0.5449416851583073,2.3959150900801793,1.4160331084975561,0.8689354836162652,0.570024742855309,stairs
4,0.385779978699183,0.2228868924418991,0.016546914901346174,0.09918449645419539,0.3663081004264832,0.34797110363505745,0.015962737639061808,0.23497214913226072,standing
14,0.3251423166074987,0.2284599129023866,0.19516485769997205,0.0,0.07613198546922018,0.4283129881288269,0.11653221587248866,0.4129726391238024,standing
24,0.30355281091441616,0.0,0.17674092782233464,0.0,0.2593575333454732,0.0907776883528913,0.0,0.322743284194845,sitting
18,0.12568972696220912,0.0,0.0,0.0,0.10274182500663107,0.16424057819724514,0.0,0.24576068812848378,lying
40,0.39869746205832557,0.17969912129822022,0.15851189782585012,0.04830013679720981,0.23286270237793844,0.42539258812520997,0.2690465427791561,0.3807299632278236,standing
33,1.566829504611932,1.0351937953528558,1.270822068673851,0.6339989846599106,2.4028305426751424,1.3636900974200743,0.8901300968646041,0.6390229461158737,stairs
23,1.616975413805831,0.8974448731001287,1.2098073772471893,0.6767445040376209,2.0859077937993558,1.4938912697403885,0.9265410971085969,0.5133981080547803,stairs
36,0.1646454808308862,0.0,0.2568510787290537,0.14659071157263492,0.0,0.42964573045509524,0.19175526735200282,0.29966919343296894,standing
33,1.1470231880625026,0.7045915175251406,0.7512336869633839,0.4741094277123389,1.1596814754560103,1.5034428135830227,0.41137567301702843,0.3715477478599519,walking
34,1.4191804123080434,0.5321507215896624,0.7124616783022875,0.3040960843375407,1.6996813317790154,1.2616916270917893,0.6254825676650675,0.5653685197480166,walking
2,0.1358961191059624,0.0,0.012544376775118327,0.0,0.1825580123647899,0.30082877907790545,0.0,0.3840956070885833,sitting
39,0.11708023096631731,0.0,0.13857892308217917,0.0,0.0,0.09115554888654095,0.021380488860138016,0.21766294474837217,lying
28,1.510307295432274,0.9816567488542757,1.20238485338567,0.7209896087661306,2.0176711915458334,1.39383030516416,0.8535812583975533,0.6023966904968778,stairs
37,1.2453823826879558,0.6361918611787141,0.6448168269429787,0.4837402546558732,1.6739189547733178,1.1721038809831097,0.6799871039178388,0.605164077725347,walking
17,1.5106151467619766,0.7682546643857185,0.5024544926377446,0.5763570976557412,1.5319613909871521,1.1425343725978088,0.39806472500882045,0.633999766919292,walking
19,1.5545037870933804,0.8195759828735341,1.1618658139284794,0.6038415719008171,2.435789874642673,1.6350461457999028,0.9177825994801867,0.6151188661814806,stairs
1,0.09059416281861601,0.20896795595482298,0.07994577243541218,0.05173513894726606,0.0,0.41525299171525243,0.15799607652921777,0.4064202158396954,standing
1,1.3848684350546325,0.7320076832592914,0.8756099267414335,0.5213879473489765,1.6992943250713657,1.0256403521927737,0.5975307099867351,0.6395257714702968,walking
15,0.0,0.08243727652992769,0.02839740472733915,0.0,0.0,0.26110975157361305,0.0,0.2451626745868021,lying
8,0.5137714687973391,0.2684994704254167,0.0663328484570252,0.14048108660041891,0.0,0.2985115772840131,0.1538604680795758,0.3908973603136534,standing
26,0.0,0.06463303589420699,0.07857967197336832,0.0,0.36506367306846244,0.2462833235338585,0.0,0.29028093438519376,lying
25,0.010670843009903577,0.14469186683130952,0.0,0.0,0.0,0.23791756504835476,0.0,0.21551769069457868,lying
29,0.04941584742732419,0.0,0.0015765945166194423,0.05917536653169204,0.13490561847429358,0.0,0.053492791468913975,0.15411983970991933,lying
31,0.07350807662583486,0.2363751703552776,0.1154373538700839,0.0,0.271191887083568,0.5639481333907003,0.0897031473693278,0.25579339745651813,standing
30,0.3006346253635119,0.10060514155495805,0.16619243970160327,0.0,0.003430702653745968,0.10011598903821842,0.036605073707965334,0.349950398277367,sitting
35,0.01987502646734355,0.06852067922858657,0.13038714462974882,0.07982563660928979,0.27764472173320254,0.0,0.014269134783494234,0.30251892556763776,lying
14,1.1579590366917578,0.6640051695319122,0.47607159839134466,0.403342501096673,1.2883856237583498,1.2153872587493197,0.6944561379198251,0.6317571893988595,walking
34,0.08077270770944671,0.002449314857252506,0.0,0.0802958113851541,0.0,0.21354863066706242,0.05429748244054129,0.3342700442965659,lying
23,0.18845536710714172,0.19754222477353064,0.13270250555129404,0.0,0.21970191712453493,0.2723429383795932,0.04209797030362629,0.23418658418973315,standing
34,0.33521626696357604,0.09523653838904445,0.1608260720548047,0.0,0.0,0.35558354333367503,0.0,0.3019835403506344,standing
7,0.9644328576602712,0.6986836257668868,0.6466082897686765,0.3706835744874637,1.7786685786442393,1.0702696023608278,0.6626420073678388,0.5842596676939721,walking
9,0.9476675483043988,0.705597288451681,0.7086390324040786,0.3670387697749529,1.8837099251806286,1.0399570511497511,0.7692046447021361,0.504488144881594,walking
9,0.3031728863052504,0.15421766119725908,0.11715810566016524,0.139307571074474,0.10828833977420488,0.3680044758465157,0.008577726114951487,0.32970510804204495,standing
23,1.0475491252795839,0.7696698453220001,0.682257694982542,0.6821564586850105,1.645517117960939,0.9987723561703373,0.6898148427167687,0.4914712093516027,walking
3,0.1622357253507586,0.13297614961784124,0.0,0.0,0.13096754103918845,0.01299775587988472,0.0,0.20474399157032275,lying
8,2.1299170435082515,0.9371661899285919,1.4084465284278809,0.6448038181553859,2.1867075141128107,1.329739289283268,0.9330572579046515,0.5870147766827457,stairs
5,0.18532192994789404,0.060165647960843165,0.06552828173778782,0.0,0.6117949570171992,0.6124521501970616,0.08034890191789275,0.33515062594933565,sitting
7,0.28326150453774385,0.09392367601265386,0.09210198679677037,0.11274336945562767,0.2737655840191269,0.21284888243425076,0.2088003572042641,0.22979586553491832,sitting
31,1.8101728697924409,1.0504512072129222,1.2729225862006286,0.6331499865030891,2.6221628473530094,1.3327022615172472,0.75504688985554,0.48705427456403305,stairs
31,0.0,0.0,0.08779536629144444,0.2670130727944513,0.16165328152906955,0.10501581717444006,0.0,0.3108311311626682,lying
34,0.21029991445956236,0.2503273861119234,0.14009838564262822,0.135336548048231,0.0,0.0862078513327576,0.0,0.2713258163885006,sitting
12,0.09900701528946629,0.1879397787132557,0.1901777220136444,0.0,0.0,0.33374391320414165,0.17374478865196158,0.22546223064548734,sitting
6,0.9629992835514469,0.6557275528274576,0.9726580893755044,0.46844488786581695,1.5571676621913548,1.2572271127810306,0.5906941216785181,0.4950117984146906,walking
30,0.11506058086819201,0.050699471076396364,0.0007178831056785934,0.010864259173417217,0.0,0.11473215021372979,0.11169674472779134,0.15060350720454452,lying
24,1.2744607955038956,0.7924341110281989,0.7710311562820572,0.6621409688758484,1.6526416298247872,1.1590596099789945,0.7291211721680817,0.48686338173681076,walking
9,0.3691672354378334,0.19287513385805904,0.09676470090766777,0.0,0.0,0.29144594679507135,0.0,0.34359762038459163,standing
19,1.6380509839850308,0.6973462622944793,0.9892308494234459,0.4388160457671377,1.563607263410023,1.1357386371199258,0.4933770058288636,0.6640768944747781,walking
38,0.3103969967438435,0.0638147562944196,0.030312829559183768,0.002758855612682215,0.14874534975397682,0.18033340187482577,0.07873006451881334,0.3570554112324057,lying
13,0.4161183702055148,0.28825091024441657,0.10565135260190839,0.14702102701467562,0.028315763433075708,0.5305470373382107,0.09838910322750173,0.3014465703665765,standing
27,0.055137319382240556,0.0,0.05624443383855566,0.0,0.0,0.007821911010232885,0.0,0.28285377006204343,lying
1,0.18134907808350992,0.21246839060815456,0.13848257505142508,0.009104230296085078,0.2372192513016743,0.33043251340451196,0.2512514372273961,0.27206744689194057,sitting
9,0.14053971124031983,0.06698555474552714,0.05854796412945998,0.09926533488839667,0.0809657876013338,0.2903112945821229,0.2626101195524303,0.338914725022544,sitting
22,0.0,0.09571161682415313,0.0,0.0,0.15338397334366727,0.0,0.026889839434378005,0.29221771437568356,lying
24,0.14092979315041151,0.1360571468806203,0.1540270386225212,0.0,0.0,0.34095570545733866,0.10296468766856601,0.3764624862295864,standing
25,1.7676614768753642,0.8203261327528648,1.1346533690926826,0.6683900489202118,2.160500304601816,1.611074323121171,0.8147905432705224,0.7007790210607475,stairs
15,0.13031194800147375,0.0,0.0,0.1070226777414306,0.24675610633256997,0.012601042428489265,0.04431643103051488,0.32620766973402743,lying
22,0.24651119537260036,0.0698227971848666,0.2526766444327727,0.04283503162037186,0.3115301456917049,0.5501884537939639,0.10937434513789819,0.3025008022616391,standing
36,0.0,0.14562455540360997,0.14332890886013455,0.06516060873920226,0.057387194567477526,0.05275450103782629,0.04374328134269655,0.2694061496034159,lying
18,0.2776358091059101,0.0472310773776568,0.15701435693334082,0.08086253786929977,0.2147892063167442,0.18470689573071497,0.0,0.36390677447603526,sitting
10,0.0252694528242767,0.24267059811757663,0.11104660307200165,0.01715888342076375,0.04965658537454257,0.36946721880381705,0.06950432015962649,0.46293467643671193,sitting
34,0.33262950263167923,0.251492363683142,0.2883942252719327,0.019303913552963896,0.3916750069095015,0.42685447747934696,0.20615612294617797,0.3014449858261861,standing
34,1.7513913147098037,0.9330774150573029,0.9358902750309698,0.5293842928486622,2.5139259622795964,1.3558359446294284,0.6996232830770862,0.5490725759773175,stairs
10,1.616845325446164,0.8944816215846185,1.0054572673221656,0.735659494054076,2.4871164233578185,1.3916713748099792,0.7504102653457496,0.7175520820948431,stairs
37,1.7876384178151645,0.820604696969017,1.1012264064432324,0.5817968065765728,2.232612473693362,1.5590015686206178,0.8011644837138115,0.48921951962423205,stairs
38,1.397695381277012,0.7919965054794029,0.7931563193039001,0.39080217952063645,1.364851374866916,0.9987169962145487,0.595736866250279,0.5033535102233233,walking
40,0.16170409458210727,0.06876666414083574,0.0,0.03950307683785901,0.0,0.26186243552271615,0.14951504285698153,0.21319446213352508,lying
5,0.06653228062150626,0.005912506434018153,0.0,0.014663932479812994,0.0,0.041183178987466554,0.08186321523531863,0.17494349987632798,lying
40,1.2153941202920808,0.6549940708900469,0.6713372960314891,0.45151624530532897,1.4242305716779873,1.2036452834229072,0.5649960158740266,0.4426449624737479,walking
6,0.37969987880895606,0.0,0.0,0.16153415651882186,0.03223744972980071,0.19418444484825315,0.12911461496128626,0.1872560252756016,sitting
2,0.29542333621825806,0.03255181907658984,0.0,0.006612263540993438,0.1294390019926932,0.35786566208286863,0.08276221954903633,0.21908567217229,sitting
17,0.001374265746379555,0.02381973497252217,0.09007338774933388,0.08268171508475422,0.27608306471675537,0.029017193823924092,0.048326437259358375,0.30574216501612383,lying
20,0.09388278738803443,0.0,0.0,0.0,0.17103238609238716,0.22771698835314294,0.16959025088494545,0.3148276916290715,lying
9,0.11047736885265391,0.11904215435258159,0.0,0.16723981499191415,0.13230109226998243,0.07979976937487981,0.060615366374998626,0.2798078636241489,sitting
5,0.30370022425966925,0.03330611184177311,0.08094789973061095,0.0022707986528910443,0.0,0.16550114937471375,0.03799698327740992,0.3047630796093221,sitting
13,0.08779215303619907,0.07989646125906226,0.0,0.0,0.10384992054139458,0.11490837893025116,0.001337418392356439,0.2099731753246897,lying
1,1.791082662071143,0.7279370709357675,0.8181349639023265,0.6563143543467199,2.13091509971108,1.5076020451347096,0.9476264376434859,0.5076022017375466,stairs
7,1.2623979982120423,0.6507704665777088,0.7406434344539657,0.5883079182287937,1.5217575305374018,1.1446488552883025,0.6201160508561006,0.6016485199152009,walking
11,0.28405872769741847,0.3477717270481724,0.17495455158190618,0.16216694800517395,0.04333316693242113,0.27137718536904254,0.10843839162176788,0.27213286049267227,standing
18,0.5678099580227043,0.17648029272771712,0.003400044022307855,0.10690899015841232,0.0,0.7207717768674462,0.12822514886315775,0.2502128029112413,standing
35,1.6081367911004687,0.8827860192576491,0.9349973943187619,0.6696886211766141,2.0372251122956815,1.3310006372675853,0.8220166310546326,0.6227413197428072,stairs
40,1.1963846535415454,0.7973665278762547,1.05719560032486,0.6507088542625208,1.957399902779354,1.4438489109851889,0.8196672647141727,0.5383131902881777,stairs
6,1.4094110987052764,0.7962742727478088,0.7767602074234549,0.4981746095831748,1.8051725212579732,1.2387460645065282,0.6060860134992665,0.5865509419918737,walking
37,1.4506228488744943,0.6226342123247971,0.9846213508733193,0.4503730447104935,1.6329447130193282,1.126123806423269,0.6876078515094801,0.5393133289323807,walking
1,1.7228839251868528,0.9826260566624013,1.2401078904698628,0.7822829924175897,2.3857585146240043,1.4477339055104637,0.7115836766446513,0.6368721357305978,stairs
25,0.12876763254037693,0.09913253806022955,0.11701675343495288,0.0,0.05695417688636646,0.15656291552591178,0.13935812750300927,0.394458402792193,lying
4,1.531426643818004,0.8439833153003053,0.8278976476705626,0.7700764373547473,2.130683308852576,1.3826115465287705,0.794380963117136,0.586442548669182,stairs
21,0.2795204901257441,0.06933833126176883,0.06473085375647396,0.0,0.14223731216579155,0.3334405175020289,0.18309322949288287,0.26298529159865336,sitting
40,0.38988165474049924,0.25839578377444095,0.054622937483374254,0.07310391350197129,0.16482676228268545,0.38719162178600236,0.16334951611081153,0.39589705115643986,standing
36,0.15374163428955284,0.11389616387026237,0.02407775859637204,0.06610655083827204,0.010150216798431685,0.289434238121906,0.11226279562341152,0.2648499625825186,sitting
20,0.2492745803640313,0.0,0.08583247877217628,0.19858767209414357,0.07705933657546524,0.4527218147328223,0.23145276160167083,0.360055432500358,standing
39,0.19323936069092543,0.10799485008555439,0.028593013806157405,0.2180165438912947,0.0,0.09885155299595179,0.10755768198112726,0.3042747757301155,sitting
40,1.4755010292171304,0.7294764181106222,0.975724610064445,0.4917583731145408,1.7324841020600323,0.9840338187511914,0.6559431033223687,0.5800840515950416,walking
33,1.5670721748914127,0.9188609348933172,1.3060899940571087,0.6182811509356069,2.143969970388955,1.4883025880899667,0.8357080744284218,0.599135369565193,stairs
27,0.29450243993240277,0.07325712774384992,0.04116205752007493,0.23420306642736866,0.08676808861779997,0.23195646689406693,0.06570611555489578,0.25883664563945963,standing
22,0.2350001062510468,0.17653878894937036,0.05584661423378341,0.0,0.0,0.2921694858901102,0.041094492968535415,0.22621748163050304,standing
38,1.7089682237820425,0.8748575548518734,1.0474385725607263,0.5849693492116821,2.1433991752047343,1.576539214919275,0.7572481574134513,0.6441176334421786,stairs
24,0.20016340318922646,0.16771015644230244,0.0,0.14775980635858998,0.28237795858063963,0.4267819308775024,0.16205045533512583,0.1725751933356687,standing
19,0.16550309279305372,0.11515134929091532,0.1672971201352355,0.04250664702956031,0.025747332792466972,0.19817538485078867,0.06838419782162605,0.40619017690800785,sitting
36,0.4037841439981905,0.19377083574212822,0.11881122314748456,0.0,0.0,0.29675585673207844,0.05399539651709176,0.2624150401583065,standing
19,0.2138518188460551,0.0,0.07145900823702114,0.05935305587523023,0.22601758989927812,0.29794641287953,0.0887362740080141,0.27628494515768615,sitting
1,0.24327624057775257,0.020327397715850626,0.05377684609543562,0.20732648200115295,0.22234543038227833,0.3173517608255968,0.1371887274606959,0.4318264258910073,standing
37,0.21207343239338255,0.049892395275608015,0.011062322731935248,0.12837460062681816,0.0,0.10207684220104768,0.10496725089511122,0.3699945411370287,sitting
25,0.3107801145963289,0.14984560665127722,0.006689924937792718,0.02389391477945973,0.0,0.3062010956091152,0.30016127546560534,0.2803682214965404,sitting
27,0.3772086167615059,0.46656705398093545,0.023879511334455455,0.0,0.0,0.3146810767794542,0.06455428720019302,0.2770164340431556,standing
1,1.0662522808970618,0.8350656250559624,0.6224875593724192,0.3016998031475343,1.5509669395177355,1.216081482649061,0.6283991116217694,0.5587303199349345,walking
7,0.44126473985106285,0.215559763870597,0.12764439419647455,0.0983050423875245,0.2535808352224207,0.3245208792152039,0.16455222366339142,0.30014077990626686,standing
24,0.16686175990795699,0.26422988409047843,0.06627072843437198,0.05368877859164733,0.0,0.20106295674889882,0.18266027367063115,0.27465402650779974,sitting
17,0.0850927927240542,0.17198059007600036,0.08807465127178968,0.0,0.0,0.2762088520590777,0.0002949090490879658,0.23699060457123658,sitting
40,0.04430370892354621,0.0,0.10176239402567469,0.0,0.08790727676925003,0.2778069303708831,0.0,0.2046697532894226,lying
9,1.959137671823428,0.8609306677731071,1.4071211105194734,0.8011301672492522,2.3258694918909133,1.7040582388817687,0.8333694774977645,0.6871775339624729,stairs
29,1.4675330129414388,0.813341000566355,1.1367622925563305,0.7817190106693227,2.3274934307347825,1.4982413755573751,0.8494949150433841,0.5674837384475355,stairs
5,1.5394468073003336,0.7865069374863548,1.0443653681439067,0.6660150569710128,2.1886433395238725,1.2674376221187742,0.6919080348070188,0.5642231104294974,stairs
28,0.24292327165700625,0.09073423209015406,0.09672392786936966,0.13807452608956367,0.1906173268256726,0.414985817199784,0.0479322970760509,0.11596595049371164,standing
28,1.0050414799229703,0.8308748264276066,0.5148117528513383,0.493192284113187,1.3141082527692391,1.328194265460741,0.6778301079583975,0.5147190785791339,walking
5,0.28017203833243415,0.2977485113626679,0.18403012794811352,0.14362762139783558,0.27726339716611703,0.23434554507227726,0.05349655698561051,0.20563314736597849,standing
18,1.3227448439493033,0.6064102466520136,0.8470724376465079,0.26503925212296436,1.9274161430113486,1.0476805584610296,0.6242911519806352,0.5050513349623481,walking
26,0.2062646963752578,0.07180325843563629,0.0,0.0,0.06112110861891031,0.0,0.029158371645911278,0.4062878617694765,sitting
36,0.44944713054463914,0.2066252639098331,0.1725372294512996,0.17021500070396173,0.16156239746149859,0.35709097345550433,0.10315091306231276,0.3216548326252667,standing
26,0.169809300846662,0.1461955092141171,0.1416990911758902,0.18295472370087634,0.0,0.2926618107602788,0.008276077900114087,0.2551882997090027,sitting
30,1.8400832539838035,0.9066191661177218,0.9361357079102182,0.5978919996540634,2.303132877732912,1.4966156516935325,0.719533296669078,0.7012521368961739,stairs
23,0.2556577566248475,0.18019902567472545,0.11276933560652098,0.0,0.09561458111674158,0.39862190340557635,0.18569210804697844,0.3546959009917335,standing
38,1.5442458125598528,0.593144071878294,0.624299173860231,0.40936261481281533,1.1714840158675912,1.4450563686663733,0.5742362457936252,0.56127948468525,walking
34,0.06961066959579369,0.0,0.09831421159655729,0.01955740868661722,0.0,0.16366956855466147,0.11514923374372216,0.22375533679012632,lying
6,0.2253415262202466,0.0,0.13823077957848381,0.10502727240333146,0.0,0.05714143914438117,0.0,0.18531540835003446,lying
12,2.2153363532217294,0.7722574513860431,0.9283666926152191,0.7451426976435725,2.0440511766235363,1.2149482069390394,0.8183385327747519,0.84086245797695,stairs
27,0.40958206471335057,0.10720971716284074,0.12147762540929098,0.09406290707227957,0.15263558824470513,0.39801187512382546,0.11718849401352693,0.2810180683301566,standing
30,0.36241589477754893,0.2040487440467659,0.10378654406314058,0.0,0.3080163094945716,0.17912544469707292,0.18438303339898948,0.3360409134652492,standing
21,1.7106459429229166,0.868012581468636,1.0383454603698932,0.7117800329797147,2.3652482481708232,1.4336152138075153,0.7484656481144105,0.5828634604823721,stairs
24,0.08619212722983764,0.021713646787728733,0.18021074463225137,0.01644921680609978,0.15308317906205535,0.05884350782021061,0.03286847605717196,0.3501148995594796,sitting
1,0.28849687144767133,0.09049306482842183,0.1498316639425084,0.268496551824769,0.0,0.5087040408919467,0.006192389050377667,0.27304786098631945,standing
7,0.2433978927270491,0.20707243313196866,0.13814243278712424,0.12129891112818508,0.13595321908792607,0.4022284119851216,0.1761636018337762,0.37276426237951565,standing
24,0.14181437671054825,0.003837494905828742,0.044754484324235184,0.06698819899814815,0.23533130015059978,0.2805908416961013,0.09172720258201016,0.23598526203764594,sitting
16,1.8342594699269141,0.9788992330178105,1.4127567160489543,0.6761661124018491,2.1956794182561103,1.4508657376533443,0.8649600941576758,0.4881640073923214,stairs
24,0.10452516038801071,0.08527090827596456,0.0,0.06419578515528016,0.0,0.3828456665393526,0.049046486609939835,0.3617554560526326,sitting
25,0.48900684419811163,0.27473287151335923,0.21370648235789758,0.013787556766896171,0.06807519717626206,0.3223443271861641,0.08012632448125884,0.3500242125291391,standing
13,0.02585562532503323,0.10725970522758707,0.09449501169595462,0.0,0.07932147253478379,0.05880002589018636,0.0,0.29910271185955994,lying
5,0.17762696831912295,0.09585582058869319,0.13852571815070874,0.0,0.056930584407819854,0.0038890032281043985,0.022322669618220853,0.2477085395000149,lying
12,1.9559814673444813,1.015518083102161,1.4887901933588428,0.5878413770740427,2.3887982098516938,1.5367084011197127,0.6812170532125521,0.5340716729678903,stairs
32,0.1462114495412832,0.19891196419527174,0.21119087327597613,0.0,0.17169810544276998,0.21160869989965486,0.1758524770262168,0.24773752752108563,standing
7,0.02612402202645822,0.31886390470807624,0.07034217654363172,0.08487476396648513,0.07578543379385767,0.14493210265397957,0.07359421298027101,0.2559623104761553,sitting
4,1.48038711230757,0.699975474522009,0.9819633827806912,0.4657519159002958,1.7233443598733391,1.2165708934365056,0.6564590908334921,0.4957680606418377,walking
7,0.21332579918804437,0.19797280532807202,0.16708493709732133,0.0,0.0,0.0559625476384277,0.1083489722487884,0.23164691972876417,sitting
4,0.4673767960930379,0.2548948977433182,0.05559727676758333,0.0,0.0,0.5542079951694685,0.28278634541216235,0.24335377170118466,standing
10,0.06789411071071905,0.02459012407355174,0.0921516014923267,0.0,0.0,0.19633085041698867,0.01848476563023964,0.35715567753590477,lying
10,0.2349608667122023,0.1507837774639664,0.0,0.0,0.18957511526767032,0.37698457602340607,0.27106719745852687,0.24914523251582746,sitting
13,1.602700277865042,0.8265179079625997,1.2149008582562084,0.747188685742425,2.31340665207598,1.5818625690438652,0.716313263724715,0.7491967279325811,stairs
35,0.11597684334007177,0.24744089087688562,0.06797052371689527,0.0,0.1709581452301781,0.22485198040409657,0.1364814358989732,0.2563190402809117,standing
17,0.08473301629343775,0.0,0.10407171639314589,0.09585657610590992,0.08901580007876886,0.26919867009647774,0.013975421942388194,0.2762278649776717,lying
37,0.22610940635022742,0.19864039437859757,0.06508839168051682,0.033931604393903754,0.19958070709635262,0.12529163367303003,0.0644260829095808,0.1620952999504081,sitting
18,0.181346509991963,0.06747893567990049,0.09304949816870267,0.21171923881816235,0.0,0.3670038375457949,0.0,0.27050240586619345,sitting
18,0.0412526373850499,0.12970586017762392,0.12538246318429666,0.12341809889259514,0.0,0.0,0.0,0.21066342229185947,lying
11,1.2218789643695471,0.5737972858858016,0.7895302930859622,0.6553736901454298,1.7774485694482778,1.109151766395128,0.569496250569572,0.46087348098686254,walking
32,0.0951433594627304,0.05512940785632863,0.0,0.004532245847188445,0.0,0.19628578559058224,0.09722352717186847,0.3450500952527646,lying
25,1.533558631041784,0.8310003791326577,1.1385411091052402,0.523016007500794,2.352543334767498,1.4426699525148283,0.8599640814513226,0.6318357083549825,stairs
11,0.2183208785018232,0.18229304433716756,0.008796559499950646,0.0,0.07098765089316778,0.38321004215244536,0.19953594837489685,0.38227730278011857,sitting
23,1.6332857796129634,0.8367906191641987,0.857033094474176,0.47972428089638225,2.2181257922568793,1.291370123517143,0.8647586911181576,0.57504043840996,stairs
17,1.129513543613469,0.7129058096437788,0.9489222889317414,0.48834179558106017,1.4558517306639795,1.2568373045854067,0.5924354015293296,0.4311099438488165,walking
10,0.13645575224226225,0.0,0.003960527236837388,0.15198931610656696,0.3999084342215954,0.12545054591826624,0.051512575576817814,0.3386016686046977,sitting
40,0.10060306176044648,0.12189068590007104,0.06228757500544211,0.0003867321141999315,0.1505819923597648,0.06087242791300409,0.06670565592610683,0.23324626656410435,lying
16,0.1967725401154069,0.06200205810455786,0.10399254232154051,0.08787266663842193,0.20791608820355714,0.42692799667433134,0.08834544019667671,0.3059703096685751,standing
30,1.407599431770593,0.6996684854991584,0.5689016930777946,0.477401665252222,1.202762579989317,1.0113098382204675,0.5312910512117137,0.5443417662275019,walking
24,0.0,0.0,0.0683494773299789,0.0,0.0,0.048447250169574,0.11512868810542606,0.37203545080330364,lying
15,0.35011981306603246,0.1769148636031201,0.11149760853374074,0.14167498287368369,0.103467653077309,0.3656693122504909,0.13103429271800213,0.3267521371970655,standing
15,0.08676226223936145,0.045649636225213966,0.0,0.0,0.0,0.0,0.0,0.14334743848316905,lying
5,1.5806621773155618,0.8944472294656308,1.001215297477337,0.5277828218894689,2.322953664974743,1.474062270573458,0.7890060570051257,0.6069583616919183,stairs
22,0.0865472806482134,0.0,0.15665466871712658,0.13038792963033577,0.0005070259384131123,0.08175806326770949,0.1551430310589965,0.3288136530531125,lying
34,0.08354107236726627,0.07103540753208185,0.0,0.0,0.260709880320105,0.10310833555173939,0.04710753515794436,0.21148458933805536,sitting
39,0.5468005703119622,0.2673072663248047,0.06024215811146588,0.12642218138282196,0.04339884016358453,0.49517839195754415,0.09592088594514256,0.2910790575295532,standing
21,0.360696578832889,0.14436043880978752,0.1446902486603864,0.0,0.09158313652623142,0.33003802354034345,0.15588673261177857,0.36408724732114184,standing
27,1.2062130332743952,0.7036390987188418,0.78081573224922,0.3737454955424942,1.5004363634284554,1.2228381183622017,0.492129476685186,0.601980171971517,walking
23,1.5885151658348302,0.8643127681274164,1.1429581658307126,0.5850929528570311,2.3679449893658973,1.5856882423915133,0.8012854763968476,0.47864293889933734,stairs
8,0.11497256420996245,0.020642158634836497,0.021127603585307825,0.13069569171135725,0.21065640029206392,0.07295024122883584,0.03226812680019408,0.3482243064082142,sitting
12,0.2281563168475957,0.2503794387548036,0.15537877062092997,0.22563204415627047,0.0,0.632348782224399,0.11617511651191362,0.24683625914681612,standing
28,0.31080425035282466,0.0930568914986022,0.13024942810021461,0.030338753690470798,0.3412599505995307,0.12177345975320251,0.10941754499300993,0.3034478849187222,sitting
17,1.1295695682215092,0.7405587952591468,0.8494432775766532,0.297138285983666,1.9232087488839202,1.4287127517152944,0.6033781679307597,0.5633240110490417,walking
38,1.0549832115572841,0.7634817624964652,0.8581925107969519,0.2730621831395502,1.4267792854348142,1.2399592578243557,0.5603672083778191,0.5819891792755439,walking
3,0.18277408854571645,0.0,0.030203828614143773,0.0,0.17532624922758278,0.08442607078778927,0.13500495691347042,0.25200358089837266,sitting
33,0.33343876164120073,0.11927053823271136,0.021927329053423747,0.0,0.008694260346418431,0.17856146401513154,0.17402887565263647,0.34170651385436757,standing
16,0.15475162604588982,0.2140973459346237,0.0273281811907779,0.0778965227995061,0.1959387413264793,0.11109318541842347,0.20513444408022924,0.404956534552886,lying
38,0.22926415690770446,0.0699322804588712,0.06615696250569356,0.001124839239614657,0.0,0.11538808534553076,0.05074885812771757,0.37991516759105015,sitting
10,0.17929479911447868,0.0,0.08045928036318645,0.0007340175889578443,0.0,0.14753863708325454,0.10968098603710506,0.1864873038988522,sitting
31,1.2710830255351369,0.7609972593124774,0.7627915536517849,0.6761306018207546,2.581993652835049,1.4296672475440795,0.789549768319756,0.553255187182249,stairs
27,1.5580157660350211,1.025280521553298,0.7308649574875268,0.7726057368510418,2.1948870564177096,1.0346344106536391,0.7052127964587815,0.6962995545126643,stairs
10,1.49331176278687,0.9838054306055533,0.9589070068345439,0.6093604691751411,2.2815405899569012,1.1985494512300066,0.9092389085729358,0.5452110707274147,stairs
19,1.7939468905762863,0.964629705239517,0.7457469866881792,0.6085265249951473,2.2535595909767028,1.3201749432604608,0.9094501581499549,0.6936125030455952,stairs
7,0.16669545013500314,0.07504747436334909,0.06759045323185045,0.06798828596391376,0.13358992797226596,0.0,0.06688369802615353,0.26164405146450065,lying
11,0.11707320033788607,0.16788781698748428,0.0,0.06462254506132135,0.12555442617740098,0.2048660036017454,0.11402986502123383,0.229431950679902,sitting
16,0.04468926957050516,0.0,0.05219057058834051,0.12401383545429545,0.4869885277765913,0.0,0.0,0.25819980475501886,lying
10,1.4886679890676662,0.9456947976114503,0.9609027174902408,0.6646496420583052,2.1984996779309864,1.8996393026611456,0.9106708399601033,0.4941911114162101,stairs
13,1.5689741711720167,0.8389063408717643,0.9588631095331357,0.6359950804933011,2.314366602366969,1.3236632294969173,0.7973065086922464,0.5960714061308041,stairs
20,0.23702580727144223,0.16210346824590427,0.06513507797716239,0.10334736580695533,0.18532566088748317,0.330391121793735,0.0,0.3163221470629395,sitting
35,1.473154488809384,0.7948238311945881,0.7156194022756522,0.540770684181154,1.4771319297017187,1.029552088752748,0.6073245253087401,0.5029209854160482,walking
25,0.3151489760930392,0.13213557854574381,0.0844498984303422,0.0012150801679173956,0.024414439512642827,0.41737548390031387,0.11413098967035105,0.3004705377913572,standing
8,1.118589601197894,0.7648854017868381,0.7394897940531707,0.4137236498450883,1.6544920566046917,1.3550615572964022,0.47358131401048076,0.5009043020280919,walking
31,0.20257725940768315,0.06703435910247327,0.1061589867886254,0.08237149712140114,0.0,0.3023450776077189,0.04211801190937785,0.29156736176107145,sitting
17,0.15982930761277156,0.0,0.005049976953126867,0.13080771682802314,0.17893976118868324,0.35341598746718916,0.144557650185625,0.23892698684655378,standing
23,0.18578983449721087,0.28783022303547817,0.015237806378506403,0.0,0.31695801525936707,0.11460895849892101,0.0,0.3007985711084023,lying
26,1.6251938252460532,0.6310377954263422,1.0422837457807517,0.5964602754086699,2.367937044860506,1.4026047519894853,0.8531344918739348,0.5204159253646071,stairs
33,1.5970572187754815,0.7333599463115664,0.9908662697531364,0.5168283577078181,1.5547451871510847,1.2362530333819017,0.584461872009255,0.5012521295250553,walking
24,0.17025234382587595,0.11612109513510754,0.010853822814652567,0.0,0.0691743943427084,0.22078933937394643,0.0,0.2568516334773686,sitting
31,2.067641856626095,0.9785540995437865,1.0124534161637722,0.6602285955059364,1.9401588117513175,1.472759944971417,0.8648803505878255,0.562376140940069,stairs
32,0.31579696587685946,0.19482149141084446,0.1112559854409948,0.20473990835022926,0.3570994047586925,0.37195968409437463,0.12414709887711843,0.17151071640128676,standing
7,0.16144085324124252,0.3241596996197596,0.02425921818409138,0.004223820277347204,0.09137715995550406,0.3299017411429084,0.1476202801570065,0.3215468106394853,standing
18,0.14175857352471252,0.03849578785125789,0.10348306754456482,0.0938906994248484,0.3060418345679531,0.04022514030475863,0.04920947461822212,0.19353733479468416,lying
10,1.5399878568916119,0.7545571512516874,0.7768576314399599,0.4247266219328987,1.4699921273157974,0.9821934890833516,0.6342691652116402,0.5876830385103959,walking
3,0.2594031620090288,0.0,0.1356531854720763,0.0884189705264603,0.12458350130551962,0.17714230007068024,0.030557686621589544,0.4098042124301758,standing
23,1.0628726674764852,0.5822359795103378,0.729380803917546,0.539595907690827,1.5991894465080077,1.0892670112324496,0.6291093583687819,0.48791014149803347,walking
19,0.4662804398504114,0.12677846628072892,0.1299115199358944,0.1261037876245566,0.0,0.5246891917143328,0.1327629521011132,0.4072879480887459,standing
29,1.1473853192819041,0.6306581889868197,0.9154585608127858,0.5570864837034754,1.7045660064246448,1.3622527634575976,0.5936344265081793,0.41762302508380517,walking
34,1.7010313182279975,0.8341452671608505,1.025101344199865,0.5920917276990223,2.334897797789369,1.3134988527219418,0.8563154630221648,0.5067671629913115,stairs
34,1.6050346920526772,0.697921441813203,0.9041147679842227,0.40508617352507303,1.6797912872009186,1.1953995208056716,0.5397806441913688,0.610466910105642,walking
11,0.3442187234691561,0.04657935789195897,0.0,0.07209260209681431,0.0,0.29086229442165007,0.20106993654880728,0.2584428496133115,sitting
40,0.012333310410517953,0.1513658142824228,0.0,0.0,0.19258587365228005,0.0,0.06558555483955544,0.268755296778933,lying
23,1.2835199371039767,0.44525623980988427,0.7094122139424784,0.5207040982652188,1.4270655231881508,1.121431165717011,0.610409446737012,0.5174928933843337,walking
19,1.4995127381803246,0.719688907785036,0.6704611995556913,0.565507124998909,1.6589994986800582,0.972145167629041,0.7407865536778819,0.5550455563137603,walking
20,0.27591180131604476,0.05551871830928573,0.03367043765487302,0.04415709490578987,0.0,0.41291020197064976,0.05183594785642098,0.33972754001191213,sitting
6,0.1477635448258635,0.09430660600289072,0.002698334195586044,0.0,0.21428365769864172,0.27963081607138074,0.05989611293171758,0.24822758818007643,sitting
35,0.19943573794834876,0.0,0.09295150123188817,0.0,0.18912576247369195,0.25708041944213245,0.09995046680822928,0.27509384059005804,sitting
3,1.311010534187565,0.7910056259221545,1.023795540002405,0.3275624421818466,1.5788344963358092,0.9120271599868061,0.5867215600480474,0.5758731328170457,walking
7,1.2280583511744765,0.9304135875313435,0.7919754194701482,0.4441505777044861,1.6027187300572558,1.166649391825596,0.7383700422519697,0.5321757684377059,walking
40,1.2150053648618877,0.5992202286205499,0.7244191621260914,0.4526516800036492,1.7489605210558383,1.3215434146587077,0.5935747146384063,0.5105088397265124,walking
12,0.2219194139234656,0.018563121546681355,0.12534803888906754,0.14225340339277304,0.09777484954581518,0.3244092473832457,0.08119889286236423,0.3313167612161971,sitting
35,0.1449005851434652,0.0,0.01576607050089669,0.0,0.0,0.17945348953632168,0.01408439572154821,0.23354562466511375,lying
26,1.3893788701886653,0.6857402895527529,0.6184336798084145,0.44251396659191133,1.4950219979458983,0.8702564030902105,0.6382892182281107,0.5859746049680185,walking
20,0.4295125781899216,0.3607727696987384,0.010184087825879498,0.0,0.0034508817233199485,0.43126742786984834,0.2095236478287332,0.35251340669119746,standing
18,0.14507538517775853,0.044182101293995774,0.01306121829074973,0.0,0.0,0.0,0.0,0.35848341691931407,lying
36,0.2082147158,0.24245141580989363,0.2159271923304782,0.0,0.0,0.5157032536327713,0.06570958970515077,0.3299020956732981,standing
30,0.20811761698384607,0.17654344475257402,0.17957173294503753,0.0,0.0995770598490838,0.009608380521075294,0.20861450555187322,0.17989767258042966,sitting
34,0.11338982010038187,0.0669440145523075,0.03391194539671414,0.07578403458968222,0.0,0.18737718964336036,0.10978822507650371,0.25205768082047386,lying
34,0.31400107535141264,0.13528588458612373,0.10885282624480364,0.09266647053562034,0.008938159974357512,0.3138729806931771,0.10874509915915392,0.33616104909861055,standing
33,0.3506183072253772,0.039896323750478246,0.13629442595369465,0.1185997189577451,0.21829831089431825,0.38294791535775075,0.10126972399340028,0.23747678044625076,standing
19,1.1614491319283342,0.7571738374757042,0.7107658968442195,0.34813550597777043,1.7426594043825394,1.0152279037296996,0.6254357076284573,0.5110330741330279,walking
22,0.0,0.15485708001391266,0.0572234747633838,0.08424782955843149,0.0,0.09149979597421455,0.0,0.2881785618405385,lying
22,1.359279900525932,1.0045699058555666,1.540330890780513,0.60597582380241,2.436315272134382,1.5059989076285014,0.9004312625610796,0.5805372952843119,stairs
16,1.5990619158924821,0.7644210724502827,1.0323967598610617,0.5737759042941345,1.6823007436589097,1.016416281532522,0.5603451770824844,0.49277947302797553,walking
17,0.11232395536268652,0.04923695590620998,0.07200804348638169,0.0,0.022925624956211338,0.09383485141459917,0.18392006218947213,0.17186581270080953,lying
39,0.08052310402377987,0.14073845518066994,0.11046735217514947,0.0,0.08496309065873078,0.029408229550685894,0.000826092481956836,0.11205012920351856,lying
23,0.019924365902830588,0.12442245816280247,0.1786305307766456,0.027678490218999315,0.27620317715509574,0.07878995945719364,0.06142967339557495,0.25536079615743806,sitting
34,0.0,0.24448650363930308,0.0,0.11286359303610674,0.0,0.0,0.07179935445223516,0.17591832732309037,lying
12,1.1519605211197927,0.6206008230341113,0.9193637133286315,0.36278805259153557,1.5983568746976875,1.017172982173592,0.6552500360782737,0.4313286945120578,walking
31,1.2144357605622487,0.5508099194145015,0.7781661435500737,0.46304852291316384,1.1466328313959617,1.0141100062039332,0.642306942685153,0.5731264175025881,walking
20,0.18003338211292336,0.22611181496548044,0.048032558325082304,0.0,0.0,0.3391013232811646,0.06418479379065138,0.237757389900662,sitting
9,1.5929935890989118,0.7262686798271987,0.7667111805155502,0.5768636708839953,1.5274787291661465,0.9437714805173762,0.5300852116409088,0.41324079851885853,walking
40,1.352236094612647,0.9520497417339191,1.0420546095961736,0.4500045744739398,2.4800691570488267,1.4800296277914582,0.86623642125973,0.6865331761295023,stairs
2,0.2689840018866987,0.16988611131133136,0.05294252084760435,0.07445935616210217,0.0,0.1514214737952881,0.16888690090804756,0.21599291327571524,sitting
17,0.215530141020977,0.0519755314258719,0.011765946729666493,0.0,0.0,0.4464530829820746,0.05480190365509689,0.1810782369882854,sitting
11,0.19071210344458858,0.13856381950620283,0.04325193359080578,0.0,0.054853032388291964,0.06834794466679323,0.21286474804265815,0.30195567540094687,sitting
32,0.2985898016655154,0.1914563568853165,0.14882794627663493,0.0153327592734495,0.2384177944762068,0.37876003444010947,0.12154025798906104,0.4110490318257203,standing
21,1.397925184393823,0.8568440783520007,0.913070175205594,0.7934142037343754,1.9819438064547676,1.4575239447528618,0.8498613219801265,0.6021112698632252,stairs
5,0.9113956923898101,0.7082898574891627,0.76139216228252,0.44187317457291286,1.5825499241500258,1.481900553710621,0.483551549115356,0.625482554730468,walking
4,1.4346744605220594,0.6293246976783543,0.6404469009061712,0.40440434538638304,1.645958006944977,1.1820265206940197,0.5960174333192134,0.5438102359719958,walking
3,1.8973130736443125,0.5698310191291348,0.8149914093662186,0.49538617047847433,1.594468225078335,1.3411985686384873,0.6554849036112564,0.5572313890553767,walking
27,0.001174463955324917,0.13895763419577215,0.1715983083793914,0.0,0.0,0.0,0.11759410868794842,0.16811603824431837,lying
9,0.3462299884138579,0.22392732907918014,0.1022055218467757,0.16355695694838185,0.0,0.22101358034382404,0.15627230320370658,0.29587976582593756,sitting
23,0.037237384703810314,0.12538024175350573,0.0,0.01065776431364251,0.14891900620988027,0.1462331012279289,0.0,0.3132274733770481,lying
39,0.10084806555760721,0.0030856525165141035,0.0,0.09369912019877163,0.10591901850232975,0.295259152823874,0.031723579854575815,0.27289193790051824,lying
21,1.6935639925479695,0.9208904315579578,0.9643504705915277,0.7428390499444724,2.3615391628103892,1.6539166098749376,0.8195101875558449,0.48940212505936215,stairs
27,0.11984908594121946,0.18118203904456048,0.056485052740028435,0.042690858484208505,0.0,0.24083836401002653,0.18900020828292502,0.4098389930628995,standing
24,0.3318077397742861,0.18850461885531544,0.185393139773365,0.1326999598589355,0.173892854231899,0.4031735906028098,0.2731282005030252,0.27672835563930864,standing
22,1.4207749792476019,1.0050466670709484,1.0208666415510392,0.6609498843957627,2.1800089914030623,1.2706246587986667,0.802035615629513,0.5901032671244655,stairs
17,0.24086450306086576,0.11265633755299984,0.07439412912992986,0.13260126799587005,0.0,0.19994097665680016,0.17481046330552313,0.3617539586527766,sitting
12,0.0,0.0,0.07329363839960584,0.10456373221455198,0.08456343552327052,0.0,0.17648126946351408,0.31744752245702546,lying
19,0.6554075196850568,0.34367394694659326,0.0883329749678704,0.021428331085982064,0.0443449943332072,0.023705379007288807,0.06510176919289881,0.2653241830477703,standing
33,0.4923310324495081,0.1834622239878677,0.0,0.07761891002691637,0.0673540002972008,0.3096225514060291,0.08251832080292137,0.2494593907558528,standing
21,0.4089770370713903,0.13690277829345995,0.0,0.09805228595354201,0.07207740671672279,0.21982377525985625,0.13247540454881807,0.3046710941166339,standing
1,0.3837439263155846,0.1587400409697437,0.0687484004928952,0.0,0.23420792018300143,0.09068175226228592,0.10484894821529007,0.22113322542027603,standing
8,0.11779118046506681,0.0,0.0,0.0,0.0,0.48069894670599445,0.2953631872204227,0.1336564660906203,sitting
19,0.3739354181319081,0.09693364309801272,0.11676481239021042,0.2481167084706279,0.0,0.4648725719656004,0.2410922639155897,0.38847309862924534,standing
13,1.3718477954625825,1.0029161733021108,1.1862816342845928,0.5639323215789077,2.3163551602540915,1.4610256782058084,0.9663905083025126,0.5265177420730222,stairs
31,1.168431056971889,0.5744360602852076,0.9046934009576753,0.3474408469791436,1.6465407386125284,1.1234684756695095,0.580829671460962,0.5181384998604899,walking
40,0.13819434819704823,0.17282975656168093,0.09179113657882898,0.0708268575811829,0.22749665379395873,0.30968054143817647,0.10504703079264066,0.30338888822999455,lying
18,1.384665357744835,0.7287071144571203,0.8412518374950044,0.4279397806543404,1.4441755780572223,1.2326984030410784,0.6303825101078459,0.5711796512469773,walking
11,1.9266949990414584,0.9111670511876543,1.181030381542533,0.5627756412673337,2.226422008797744,1.8171535231490064,0.8505325672619122,0.6250415351423448,stairs
33,0.03711313973568355,0.05034291087987525,0.023274083544473845,0.06777822939417058,0.042766945129203815,0.171427737009722,0.06125058308151521,0.31058504693887423,lying
10,0.1604542649523898,0.20739249768827117,0.03955661299337254,0.0,0.025055948252789107,0.14049113338608168,0.006877316876699027,0.3005435036062425,lying
19,0.9652737943368173,0.8435720532081314,0.6921312191496379,0.4965501653792762,1.7993931955425724,1.1255232608693897,0.5837062442016355,0.6761828607528115,walking
2,1.2853209808840365,0.7309360029285339,0.799110129752962,0.4273435999779534,1.5587443760097974,0.8049136008116873,0.6541037226060741,0.5272387549009362,walking
26,0.39458087763214666,0.026310973581640168,0.17511722291072718,0.007827114277141625,0.0,0.3427347788239244,0.19063146833399278,0.3735415544693794,standing
29,0.19875546503983726,0.06165030555033176,0.0,0.09930971538451747,0.0,0.11401434889890599,0.23872699722149987,0.38528823985986504,sitting
17,0.38601182199769135,0.24779376474299902,0.03236490953211743,0.1000347672958051,0.25305337772233605,0.22746505791968366,0.0067328400501533575,0.2748849212564199,sitting
1,1.438055262857522,0.9524864915563922,1.3001393621480855,0.7594908167945686,2.220848450076747,1.3713368142615638,0.7708576570059982,0.7042778069525109,stairs
2,0.24508256787678434,0.11365529700781418,0.10450803884512735,0.03744125932261391,0.11925501905709039,0.49502070116507446,0.13680408806647734,0.3494380759001542,standing
33,1.3882102784323862,1.015722548375263,1.4190776365244182,0.8060365494701709,2.509918574642508,1.61887243936288,0.8596600038795698,0.513105157492608,stairs
20,1.722317254350606,0.8024408346269476,1.1597424494804698,0.6406231069029433,2.0546088115805854,1.508994438416998,0.8299273068987583,0.5629914428533471,stairs
17,0.3723063806038807,0.17679979493750836,0.0,0.04656231541927276,0.0,0.08286001841268742,0.04146966803955586,0.3036544171893794,sitting
9,1.6161884660265484,0.8462966065418452,0.849753472980286,0.538727310724912,1.669491093597264,1.044364271995051,0.6756221544236919,0.5942683766216444,walking
35,0.2837598968463878,0.15386731205663515,0.14946054478959972,0.12885955058638482,0.049504331191434735,0.3539190686410806,0.09926837352489395,0.412227633520241,standing
30,0.38080600168669326,0.12109461383382403,0.10402788287386108,0.11040531059356243,0.0,0.23845946695051182,0.15165179342712407,0.38175558052854064,standing
21,0.07700165487584963,0.042010279418842444,0.10752511879355067,0.0,0.4113468041894992,0.0,0.12614920862899795,0.14883493149180335,lying
39,0.17756097391908926,0.2581497107137818,0.07325712402949858,0.05226075989196864,0.3278504855397133,0.4120966466237679,0.1206975569058021,0.17995529593724832,standing
10,1.9442387748112768,0.8314543857657537,1.2781305307304245,0.736635679485375,1.9290685719423024,1.5883200727465614,0.7378311051737105,0.6013424734953076,stairs
15,0.2126859752942351,0.0,0.048963910756783746,0.08264380901720722,0.1447043758192175,0.07412679001900419,0.041830982878752254,0.34454771196783496,lying
3,1.3387471130490676,0.6298901122572723,0.84561618027182,0.5342612784762061,1.6657027453055657,1.4041292338160125,0.7001152859756,0.5560683054626296,walking
1,0.2781747373008185,0.06442904435022562,0.040204862310355326,0.06910796911548284,0.0,0.0,0.16319360719945314,0.2771845129937655,sitting
27,1.8982959499454164,1.0041759347676775,0.8490848591670146,0.6468568592887028,2.109960930175346,1.7943325987896404,0.8753886207094169,0.6045779881227056,stairs
4,0.06788509175900104,0.03897229170900182,0.1555629755824756,0.060178840960591,0.22199426964426247,0.0,0.04711668684428149,0.3087106876468633,lying
38,0.36895323491749765,0.10093351201610698,0.08041790679880373,0.0,0.1938201506139511,0.4517637137142988,0.12097873390644841,0.3208015173092812,standing
12,1.7074871172598063,0.7507944334334641,1.0988626577704885,0.4319235123469608,2.234264820024097,1.4392653839769989,0.8685950368424276,0.666073379420262,stairs
30,1.6481675987955642,0.9341641380123221,1.332603033309711,0.607967399700825,2.1530163528000164,1.4033297488367968,0.6993454079609355,0.7182540463258038,stairs
30,0.2743771048142261,0.061600830861731584,0.03670301408103195,0.211958455106241,0.037835329915952697,0.25890298897963504,0.23943356445371283,0.42920933647137505,sitting
2,0.21563551899975872,0.23456940610978505,0.06596731994325236,0.0,0.0,0.0330277243482858,0.030521348000044003,0.2529023822958555,sitting
4,0.04413595442417179,0.11972105506374789,0.040573541362857145,0.04456316979431942,0.031792591084597956,0.053672975045459016,0.07496357453609391,0.1586044010197853,lying
18,0.15700723046416018,0.06618258040316423,0.0,0.0,0.19884844331905313,0.25159572590705276,0.0,0.21583401251757958,lying
11,0.22846633300710828,0.0,0.08263421911961125,0.07242803817136975,0.0,0.035455822002245216,0.0,0.27436730852773544,lying
11,1.1954827916833133,1.0177636126245333,0.9944936596946657,0.6687899606262175,2.0587884116547364,1.5543580303327056,0.7720331870095015,0.6107375749019803,stairs
40,2.133724377433986,0.7897554302547343,1.154242118652964,0.6124549999527512,1.9138087946199922,1.5395978954887943,0.8132707087113076,0.5163606914360421,stairs
35,0.061201401935604055,0.1859020076053355,0.04699476512944846,0.019917550115129766,0.3584037309456066,0.1473432834696467,0.10577401712493148,0.2406909038384471,lying
17,0.08666878680050841,0.0,0.22206258174148286,2.9912762449867125e-05,0.2550137475180738,0.3618934873520375,0.159474389751731,0.1749890994817594,sitting
30,0.3318904346166101,0.2504154550820881,0.1360428593312388,0.051499689435405505,0.21111950055734507,0.44012584854013026,0.12827067634179987,0.3857992651483464,standing
34,0.0,0.0,0.008516064176825933,0.0092129012685817,0.0,0.34149459459598397,0.0,0.19477675666953673,lying
14,0.1407891083114577,0.1323761190648946,0.0,0.0,0.0,0.024964244874927183,0.02288680042182098,0.1796725395251581,lying
33,0.3328434108166449,0.20032025439794604,0.07493490866833749,0.13680133815377243,0.14161655099523923,0.08191990315387293,0.0,0.2669089521576682,sitting
2,0.10878850067776838,0.0,0.0009524478732540129,0.0,0.0,0.2140691814470771,0.12228186385872239,0.214116740736917,lying
14,0.14436438534906376,0.06556140464878404,0.023069333569969104,0.042483516291860174,0.07527336518934248,0.0,0.0,0.33221760666841066,lying
32,1.6972530985676835,0.7935482872357468,1.310988671944298,0.6798702229395573,2.2174008742086824,1.2601185198401967,0.7948383191552533,0.6486435642518558,stairs
30,0.1268427467816522,0.21879609513091877,0.1357455734320232,0.11774295788695788,0.0,0.4928701832435382,0.20145215588689147,0.2894564023229937,standing
39,1.7458345030876314,0.7395671779534142,0.7132809357368725,0.6151354943695352,2.3019876686633625,1.5717836468722044,0.7683625686918903,0.5680918817380481,stairs
28,1.8629077563741459,0.9685736134024883,1.3073619320715897,0.6827842523076615,2.1234545926527164,1.4924035540695813,0.844842196801955,0.6825420634734974,stairs
28,0.06857573072504679,0.0641974766281242,0.010820059563292628,0.08293287436301755,0.0,0.3034264784002073,0.07219099473077029,0.23867671707991223,lying
31,0.22411267951376357,0.1915789827296695,0.19008257282595803,0.0,0.050747473339072285,0.2304423995626503,0.2232524972557144,0.3926919465862553,standing
11,1.054925270043297,0.6257485121610145,0.6900430524550056,0.546235505476152,1.6334860028094595,1.134395066098831,0.6772356092564228,0.4007280050595176,walking
15,1.3696298673106488,0.6949292336771601,0.9112217501258254,0.5404191581768587,1.4343052841223218,1.1613318414513278,0.5200759700490829,0.6320175105218026,walking
4,0.0,0.0,0.014701492724651669,0.0,0.11023573873773893,0.13323666278491839,0.0,0.2539346574492308,lying
6,1.6346122233366691,0.8479934290512519,1.4578636553919457,0.7082030075248611,1.990290752799167,1.3557732049953455,0.7187786396332606,0.6182629874708606,stairs
17,1.1118251958856535,0.7295284056557677,0.9795044756642762,0.5806441166064714,1.8847405193913376,1.1390175357998717,0.6084456529571971,0.427236243226835,walking
3,0.0,0.03310882722967477,0.0,0.03956338595864141,0.1389717959661605,0.0,0.1151352705713044,0.1806603568516818,sitting
20,0.11827786210775548,0.06121919538152841,0.0,0.0,0.029670502436454547,0.0,0.0,0.14545022784215556,lying
1,0.0,0.08771360142742116,0.05675387323859496,0.007570401721079256,0.22606626934404686,0.4307457408144706,0.019772753918838662,0.27555218353696365,sitting
4,1.3238449456975967,0.6243120399106072,1.1131014294807662,0.5511589401895413,1.3204620767541726,1.2903641776556765,0.5247343565532531,0.5064584206337525,walking
17,1.5396266026187073,0.6251968901275486,0.8517019835511959,0.40750460822177326,1.397942432247836,1.0305022184603405,0.6914767856390348,0.4515276315405956,walking
32,1.5955285007003466,0.8859038037934261,0.9408183628392357,0.7285493704921999,2.586538591301404,1.443182816804212,0.9130097374868102,0.6161709307633316,stairs
11,0.980987845122354,0.8240383054939572,0.9388244733070277,0.4379283793240535,1.7832353414840474,0.9917673987319132,0.7135639445032553,0.450393792554785,walking
3,1.3772031910133942,1.0074093310245316,1.163019210234982,0.6843938204718811,2.2254421783072136,1.364122622383592,0.8292844044115241,0.5820078253891464,stairs
39,0.058351928183729196,0.0,0.07660242766788738,0.0,0.0,0.3773642113901342,0.0,0.2941266502391282,lying
29,0.1898567523240171,0.0,0.06935764972432454,0.0727589096310342,0.18942854320257663,0.0,0.037499166207620366,0.32631083161635155,lying
35,0.24404898422671834,0.061859748836704004,0.08306099146749453,0.03955997647884398,0.3157063437605407,0.20044418259229468,0.10701906709354174,0.29902567173259564,sitting
39,1.7691482957038458,1.0053757584543552,1.3089392044580455,0.7321263229964597,2.088289116147301,1.267000581729182,0.8169738853071714,0.5673747520974212,stairs
18,0.13161621320222625,0.0,0.07085662930808773,0.14843540041583445,0.0,0.2970769757448013,0.14191476448550053,0.2636560474229038,lying
36,1.7253290040334266,0.8650057623469484,1.3573415444955,0.567893053368361,1.8293432106145966,1.3966888181955817,0.7685231564303506,0.6319435469992973,stairs
38,1.5279764043805255,1.1156508672003576,0.9215988041827522,0.8361984378301093,2.302884174766531,1.6132372732536004,0.6937603313358889,0.6982480448048889,stairs
33,1.2587443265229248,0.9706283991364786,0.9619802583528175,0.7201145322958235,2.478010519203645,1.5350974552447538,0.7245816994880754,0.68674667900915,stairs
28,0.18265133214866636,0.12764991845589674,0.15224017629044767,0.0,0.33231926754569807,0.11085729397072144,0.0,0.2764144813599814,lying
15,0.039268165840847746,0.03697326145784867,0.10061486369876857,0.19068332944754018,0.19378300631099735,0.17261806024722334,0.17417963607564946,0.33046959656534936,lying
23,1.2639761173517021,0.669763154657018,1.041199211959051,0.33234448713366616,1.7575424941920843,1.143958074236152,0.626603018525818,0.6323051495246615,walking
29,0.14185944363379316,0.25641854378387924,0.08358563601230817,0.1575411936844114,0.0,0.5894197862483428,0.0818125844421621,0.3004528755633733,standing
22,1.4907219134909617,1.0929107685545225,0.883267018249265,0.6050233192079996,2.28679109571998,1.5424560747712899,0.778159076021693,0.6930913700813729,stairs
4,0.057893190209306764,0.3459079250790779,0.0,0.0,0.46974168832680446,0.06897061531793364,0.137715818032131,0.2711945412595974,sitting
20,0.32035302329232657,0.2677522890660119,0.09158833473891705,0.05086815671951184,0.02807184445219582,0.5087238441246109,0.1901928488950056,0.30731975561096275,standing
18,0.18860179074157069,0.11681835690928058,0.0,0.0,0.013336566944726638,0.00018264952147359348,0.09743036310792118,0.4753618047002251,sitting
2,0.30016101621541325,0.2675462031018294,0.0,0.0,0.23864374246470257,0.31430030566037725,0.2144530862244024,0.41758529838962366,sitting
33,0.48112645563443823,0.19674357277225418,0.3001663394631231,0.1991236961412401,0.0,0.37788813875854915,0.20938920604427452,0.2982649835305484,standing
21,1.4832409095913077,0.6567410122187884,0.9667147833378207,0.6944955383172323,1.288265118271414,1.2573082309358945,0.5632203771335522,0.4048072962287314,walking
5,1.376466960177423,0.6246653972125316,1.0817596143345476,0.47779793341769006,1.6054126323417708,1.0004472601287682,0.5727499004959256,0.5160468063013961,walking
18,1.446971148142608,0.8670009582490756,1.0383522028364223,0.6320791644689768,2.4311843764441354,1.4954146104006087,0.8572486546947248,0.6638272359489628,stairs
7,0.32614033431341327,0.2375920488663853,0.06921982939612824,0.04757099005902218,0.0,0.12094400939232276,0.0,0.30955049382713545,sitting
5,0.24105623132740206,0.015341583103988005,0.18216774192129492,0.0,0.06637423906995835,0.3024728257769363,0.1443063042669725,0.40779703368915177,standing
3,1.3552417627962412,0.7827784950170089,1.1149093796351148,0.6271682840039977,2.548690497985916,1.2472727637923815,0.7962628264366449,0.5212165568111893,stairs
3,0.1354822025571853,0.0,0.06169789717059598,0.0,0.028921725556737055,0.06273589299572233,0.13205639569155783,0.30973233499479447,lying
20,1.549739491021647,0.9516512281012114,0.864681669248804,0.5253727992756554,2.159524088026124,1.3720185884589808,0.7235815877770123,0.6092194738274724,stairs
26,0.36799099611207164,0.27604039058800084,0.12758143933765992,0.0,0.0,0.30860931566863703,0.13046797609883687,0.27566484539316144,standing
35,1.7377278979232174,0.9413069765672201,1.5615966831307602,0.7243638879749379,2.327900386601852,1.5029537575537772,0.9409168423005208,0.6387261868398201,stairs
12,1.9871790875244189,1.119448879533556,1.0247596188449317,0.7770698668473939,2.0164248999044103,1.280791577587812,0.7684147750610226,0.590116703238494,stairs
12,0.2900522084205552,0.15072927821374665,0.06821411342902356,0.14295570942292135,0.20412133602370836,0.044118225499059444,0.10218556171164024,0.2915764869038602,sitting
21,0.16025612252327037,0.16923682673084006,0.1127535621052042,0.06000213916463423,0.0,0.3284854372633731,0.1212473157777253,0.11123857259919062,sitting
29,0.46313595270299057,0.21362345584644066,0.11867935787314209,0.0,0.011326218965577797,0.445150967905414,0.040679962901412736,0.17390364343479212,standing
3,0.004664351034524117,0.0,0.0,0.04502674793229595,0.39552696432717294,0.3729150520895519,0.0,0.23120108058987557,lying
16,1.8351825465013238,0.9982017715369507,0.7877535032117586,0.6103753449291665,2.52240988538362,1.4644065813762568,0.8654013483222005,0.42734796910547107,stairs
33,0.3522451853423376,0.17104761493762313,0.06899320911841988,0.16692417031092377,0.17458754131835483,0.3098509911500936,0.13526524160287365,0.20095790202302893,standing
19,1.5368150574444832,0.9089119175414847,1.0194692947992026,0.716721990409592,1.9719454727422991,1.2182367937478646,0.8358461517721288,0.7180909196288636,stairs
11,0.1752728268241357,0.12281793963942175,0.0,0.025317883971802832,0.10008946720170392,0.021665124339355052,0.15273899640030034,0.22544847146675945,lying
8,0.29012695743967026,0.21320922631414907,0.0,0.021959692180535145,0.0,0.5971300241606332,0.13409977607671608,0.2870418245460693,standing
33,1.5788949525956775,0.6010110814888229,0.8976625798449879,0.4042605036323151,1.6583095490486848,1.317325736369525,0.685378867933854,0.6475030455843432,walking
10,1.647325049506165,0.698936110809667,0.7797377816831804,0.5515282565741966,1.6915963739598598,1.1550171301544652,0.7208594967349611,0.6863407824023197,walking
23,0.0,0.0,0.09992290276045043,0.0,0.3063166239053703,0.3017109163354128,0.19170989945496378,0.36766749823157135,sitting
5,0.32955553316612396,0.2395775271948469,0.3077196245692405,0.13020700667654456,0.008625653347804643,0.17973421672521364,0.15515227520324412,0.21558901757962895,standing
8,0.9663697916266407,0.5710587551607126,0.9876191797254579,0.45833162978808706,1.4623180511997702,1.134025904126312,0.6595445564905882,0.5062058525570138,walking
28,1.1054577096460045,0.6546012231965612,0.8238375008405259,0.5406220930699244,1.6270516345394146,1.1041123740144771,0.5980224947917913,0.5555979723229877,walking
13,1.7669569160865541,1.0052024971322926,1.1244538397006507,0.6294226667532773,2.496382117922006,1.2977566094901987,0.7816060108497197,0.6020493827114443,stairs
25,0.9193120354013804,0.766193803287373,0.9102422904919127,0.44719536931328263,1.7065150626775403,1.157705219424316,0.6643771536797811,0.41993272151589145,walking
29,1.4270731874753757,0.8621493246731597,1.0312273918508872,0.2375609185454889,1.706032184173684,1.0045699215375716,0.7081766105185678,0.4858443277516868,walking
36,0.21460923607381494,0.13510157596203576,0.0,0.03601154554404757,0.30543049452913706,0.2891390641419186,0.0,0.3431775895655674,lying
22,0.23558618139536391,0.0,0.031086417485657828,0.0,0.0,0.06831107789382619,0.02552528812170221,0.259124041252985,lying
1,0.9966080462206518,0.6161640303846313,0.9030165171436622,0.4526434235893957,1.8421644821709084,1.2724846328271502,0.7940949199273816,0.6087555597499148,walking
14,1.4737174274312579,1.0226759540328378,1.334635612055264,0.6809517302532326,2.1639925063137677,1.3523711679397556,0.9482825895633435,0.6975809043277633,stairs
23,0.1394149773922076,0.019123589310576533,0.1488467033525434,0.05162154753114147,0.0006973267563870206,0.3391210588673121,0.1265821941210541,0.443744891191884,sitting
3,0.19906757557599886,0.04795653648343256,0.0,0.00679325782594508,0.0,0.05496273601143467,0.01712323185532827,0.18490054338714687,sitting
12,0.35653734270979565,0.1688812640201586,0.10197737755721277,0.0,0.0613535766899803,0.3445320882072043,0.17006182902143485,0.4372559074169321,standing
35,0.20619439634753794,0.16963905431785006,0.11024100952484736,0.0,0.10508505211136192,0.024969177399648226,0.18064400905704528,0.2118113453185645,lying
22,1.639227798429581,0.8246715586392899,1.3330639839554466,0.5704984248247924,2.1120197270779806,1.3591717627808924,0.7275718600054355,0.6975402389907543,stairs
12,0.25104265781946444,0.0,0.0,0.04082314442668635,0.10412009424233341,0.38616492478914827,0.17745711410678444,0.3532361967332852,standing
31,0.10414900627722512,0.08571745962954812,0.06307734056268574,0.0,0.06386114093860325,0.08861370333710847,0.024557089208362318,0.3055886520846003,lying
31,0.2729299605266135,0.0,0.14168777912993213,0.0,0.06208995557392773,0.347277223470494,0.10831941029879648,0.4572017381028739,standing
39,0.15688187113663338,0.06864128814200583,6.493178628760171e-05,0.10085497866087784,0.0,0.047878138724442285,0.0,0.19691803118321435,lying
7,1.3468009990599026,0.890763482003903,1.0179010071291665,0.573563583707671,2.328259475615764,1.5672684609922205,0.8073501445753148,0.600570836850756,stairs
38,0.40634656104670486,0.256403700712034,0.14647899515233953,0.09393483409237946,0.0,0.23205550765786004,0.0,0.3160835227774083,sitting
13,0.26962096402374364,0.09376859327324084,0.06417614622293419,0.0009981921356326945,0.0,0.5881668035530948,0.14325227924911627,0.24247624269614365,standing
9,0.0828418643194509,0.0,0.053120979639968376,0.0,0.0,0.2904416918092086,0.03728717520420438,0.2773698387834157,lying
22,1.7295457431504055,0.5387700243271353,0.8492836296178434,0.38197368881016724,1.3500733466215133,1.5122605409967895,0.6310808892190976,0.6109559508149359,walking
13,1.7985449759952687,1.1003852006080421,1.2408720791583197,0.8400936894894689,2.0965721394282846,1.2244149927466856,0.8605251387965686,0.6954395466863668,stairs
16,1.377337032984413,0.8797725233041062,1.3131430189376212,0.6796883261719303,2.0163453375227527,1.2792578599735944,0.7730680840882108,0.6234876650776043,stairs
15,0.0,0.0,0.0,0.048561926322923145,0.0,0.3389576222700008,0.12804839610787044,0.19157801625993395,lying
15,0.42842028489870054,0.03839937676554428,0.2681781132650501,0.09384131673824155,0.23866272933544536,0.1035974136965952,0.08684875997195643,0.25206245628828583,standing
9,0.1741686308864932,0.22103390757082275,0.16890801207170264,0.02586033475491572,0.0,0.1950076962533908,0.08194362152738777,0.2613354353042442,sitting
7,0.21454746529539348,0.11079637543079965,0.07335969604256976,0.0774432108290484,0.2687170814805435,0.3893471586371727,0.058885743583254074,0.39644175183235864,standing
3,0.09996617725503931,0.06467464762484158,0.015155792901633734,0.05833808584642626,0.008334336023060895,0.0,0.08029729566008878,0.3205030308407128,lying
4,1.524396814539942,0.9206739540771046,0.7590402625262294,0.6428678633380697,2.1651928708365995,1.3671885774905947,0.9111240371980818,0.6445232914013059,stairs
4,1.145204969099068,0.5297235801115336,0.7356774696368686,0.6546413575729304,1.5017692838554384,1.0295042811624795,0.6289838939085719,0.52584174949385,walking
36,0.2005412588213922,0.32694306358504455,0.07526177502385634,0.06686543377817127,0.0,0.29708625135775985,0.0869888577817325,0.2622410412959272,sitting
40,1.3062633180313061,0.6972577969798575,0.8786711496143729,0.5572675784564178,1.5226619421192915,1.0622852168794357,0.673989620569864,0.48692795082777796,walking
17,1.0274436740874413,0.48080188701246174,0.9221203107112237,0.5194578834442668,1.5335492624199516,1.1029921186289853,0.5286390890748244,0.5500082258334523,walking
7,0.13307216619126164,0.0,0.10578076833133149,0.0,0.0,0.196056784862209,0.0,0.23980670520922728,lying
18,0.297634037280642,0.003935121962616417,0.051328408677750265,0.09792729769675948,0.0,0.3090617583089232,0.04080364298666789,0.43400343679637826,standing
31,0.2571440388347811,0.0,0.0,0.0029528641522467564,0.41585070814589575,0.49350121667907854,0.04785662404857345,0.28553026771891565,standing
3,1.176208862742329,0.6662138848593944,0.8770538487039617,0.45711161513415827,1.5620664309953558,1.2438549018276988,0.5983301928510003,0.6029762347525316,walking
26,0.07000288341008659,0.1510203502448792,0.09677279619130733,0.14219401788787672,0.11721930512365569,0.12347706462017657,0.0,0.2804880526626758,sitting
19,1.3985191906374972,0.79833724970327,0.8678057152718994,0.6082823127733914,1.5709924322464506,0.9181074855974427,0.5895416621202697,0.4901172737606331,walking
15,1.3989694926051353,0.6793598283203937,0.7380080771406525,0.3302407297172212,1.4939863306985526,1.1309140581160895,0.6803161095634545,0.5315898531953592,walking
17,1.9015450456626137,0.697567767352118,1.131716629346106,0.6799927085259211,2.3483981475969897,1.389398092803994,0.8964291157767753,0.4941987153506213,stairs
13,0.11228691675469553,0.1417557986912671,0.08575761218343161,0.09202496575450275,0.0,0.03102071293536543,0.12320049855186854,0.2444034421111056,sitting
30,1.4128767636240862,0.714285570474566,1.0399727423249239,0.5216893080757016,1.7391471238552807,1.122751942887014,0.5905184754288795,0.4835281604437783,walking
13,1.6078268079975373,0.9082430060578528,1.237335603704254,0.743745417092759,2.381988188170047,1.5708263406933836,0.7644571015171487,0.5545411523132597,stairs
20,0.30471236666906915,0.009199545393853648,0.0,0.1294450445123998,0.051724308472245184,0.4654393959420141,0.0,0.22400547944398144,sitting
31,1.004797181614921,0.6035816376301129,0.861115429219023,0.45560447703842966,1.6135399318682273,1.2654241718846975,0.7716793279214281,0.5386013264575656,walking
4,1.0425319327582405,0.4599823171119003,0.883803064184484,0.3252407053769162,1.5673829562072734,1.2968449601696344,0.5700402952135144,0.5567720178287612,walking
10,0.14863164820474864,0.2932272080253321,0.053201937105885444,0.0,0.0,0.06561436171834581,0.061071120815829986,0.2258113004275367,lying
13,0.09667727094984012,0.11975918401222738,0.0,0.07219480232662362,0.0,0.23013098746709446,0.15196269474368135,0.2576906430763483,lying
35,1.9511185747295128,0.9882850022800727,0.8959993153887575,0.7293770331864569,2.3679066357180782,1.4806909745585954,0.6889371724518903,0.6688597823438376,stairs
14,1.137060969493008,1.0313599007841554,1.371607021983337,0.6962318807185112,2.430393557935567,1.8588666434786627,0.849268132724349,0.5855436180455066,stairs
12,0.27122002729070804,0.03917491471292357,0.12115786391797934,0.0,0.06732382874147891,0.3616255572196679,0.10135890487750665,0.27898766626566507,sitting
23,1.8863668056986542,0.8150063903810592,0.9883511804158281,0.5832587257608197,2.0175977291526355,1.3038071496776462,0.6930579461210431,0.6031766158298696,stairs
34,1.1187514643220706,0.816341238819992,1.3387064937312672,0.8116716872720664,2.25212875713374,1.4149221436168264,0.6932675195139145,0.4671179060591749,stairs
29,0.18712954189143036,0.10223581798045003,0.22165488828954028,0.00806938288902069,0.13064471797364646,0.7194388023264959,0.2300654033090933,0.3790523680562511,standing
11,0.3567869214683233,0.15292143136446193,0.17270562446763407,0.0,0.29070188390916707,0.42258099922848047,0.15712157198940158,0.38669998887746665,standing
15,2.483424441078042,0.9278202416706759,1.4214984639423953,0.4662141507394926,2.3567837879566875,1.483766118411266,0.7594454804495644,0.6239772898485166,stairs
11,0.17522593624112878,0.04656418003444951,0.14379919468425206,0.2479080243455215,0.03219066602827042,0.3781235288080434,0.10008664498436778,0.22975867233262903,sitting
11,0.12976340887113996,0.15276911137561222,0.004165377993171404,0.05640002811080417,0.16321620194023406,0.07921517981393855,0.029759845098320484,0.46891475868034316,sitting
10,1.4485270715852765,0.739268301970826,0.6546486331162708,0.5216375447959014,1.5095623004903012,0.9598307423138466,0.6203008829426601,0.47470070438495876,walking
39,1.0913052020976017,0.6106892517721849,0.48999044509235296,0.5723031876552814,1.3874885967993194,0.9881395381517487,0.5816860318911732,0.4880403351794164,walking
4,0.08152259667962782,0.0473274455278743,0.1118387093063843,0.19717286376327553,0.15589923953397872,0.0,0.0,0.33919552765941247,sitting
28,0.20159671872438312,0.14002425835602986,0.12455700262737138,0.0,0.2728891143109079,0.22333564987326882,0.10187761806747786,0.3163723356609024,sitting
23,0.05061246497997962,0.16846712196826966,0.014260816783754446,0.03756880751381624,0.030532521168170634,0.15988035030318654,0.13726829808657084,0.32787064709057123,sitting
2,0.03598422366471255,0.05175615955482371,0.09143036498638889,0.10029482319913588,0.0,0.046554788099598315,0.0347173305437469,0.27821783891055557,lying
10,0.3198960839852383,0.0,0.018364281120813647,0.018377472195266607,0.27889133055410587,0.02786078360950381,0.0,0.30183226445372763,sitting
10,1.6010799544898904,0.8922330599214915,1.5039844537875713,0.6280280896699133,2.4088377274819037,1.2645009594212417,0.7508869984183383,0.6804070288639402,stairs
12,0.08255071370163256,0.18207556631076854,0.06146083797932228,0.048636624451774454,0.165184415081315,0.0,0.15735001461099077,0.28006904861268683,lying
13,0.10446550257260837,0.12871112666530196,0.0,0.0,0.1340011430528717,0.3724135160001337,0.113222546407308,0.39938117044305776,lying
13,1.0705164526707864,0.5377698271512873,0.6305782191121758,0.5237154013108754,1.4078635095661798,1.0745032366493614,0.6499805140585707,0.6091394003967333,walking
31,1.8460533990952892,0.9561906985938292,1.2020520783479915,0.7810964175835815,2.5368469276882197,1.4416063497639986,0.8420265431467293,0.6506541362145959,stairs
17,1.50855506801106,0.6134318261955504,0.5244559307320894,0.4581535413821721,1.973434732758958,1.0794216138193522,0.6132809004394013,0.44645421467420476,walking
4,0.8583636680264783,0.6341249161076962,0.7321756773214814,0.39632288090564577,1.761843118196099,1.0036360048667745,0.6862318568173555,0.5362801597529223,walking
29,0.1977401810813527,0.02905982736000505,0.0,0.0,0.07591532913487009,0.2661821473481166,0.07872493295990601,0.21843996351118317,lying
23,0.186225714982701,0.2234749549383722,0.13302841424744735,0.0,0.0,0.18728578285921654,0.0,0.3697489741617427,sitting
24,2.004477013875971,0.9185373412085451,1.3091340438508643,0.6883900790123657,2.1955323209922253,1.637464464717457,0.743643117778312,0.6157807107795686,stairs
35,1.7831574865969573,0.9571788028018259,1.112720102974913,0.6843572193382402,2.455993686861351,1.5887092689564388,0.9208368055688017,0.6852237976888161,stairs
20,0.14311453808902846,0.0,0.10786846529294714,0.05010379272114289,0.2642935236148707,0.19294273192835587,0.0,0.23531871844433858,sitting
9,0.40281315919346783,0.1394412793716681,0.0,0.0,0.0,0.3927836541176941,0.0,0.31158986103098724,standing
10,0.36031065671769985,0.13015432837776306,0.09103677846573843,0.012280964907559117,0.03039013852405435,0.28284701750010066,0.0,0.3715304917524731,sitting
25,1.9247990021360977,0.8381118565118654,1.1380350010954192,0.7382513999846749,2.437382172125764,1.4104375051364046,0.8093730975596095,0.5788748239896614,stairs
35,0.13391549443065975,0.10789941365860237,0.01099811930539725,0.07908367205075106,0.021136336052218027,0.5293635143043018,0.18484902950798265,0.2688941047584379,standing
16,0.19279495899919058,0.20973570461925956,0.14951505397281828,0.1659729057881154,0.036855525469594336,0.4295939365326715,0.006349937372142789,0.42260308852594536,standing
34,0.8330135104555372,0.823777017176022,0.6048508648436166,0.47587261708741735,1.8397415806225583,1.2542122535334796,0.6216486074737736,0.5859811356550371,walking
24,0.05944790169715487,0.005922152474349629,0.0035374702553970863,0.0,0.0,0.04254315837546474,0.11788547071557537,0.3120927304252779,lying
7,0.0,0.0,0.16712009930335595,0.0,0.0,0.291560619845888,0.0,0.30874094640594674,lying
8,0.12696063543227631,0.0,0.1241705298341772,0.0576016458285878,0.0,0.15049449638349321,0.07000589217212694,0.38741855806299386,sitting
39,0.15600291243679473,0.05020919437207256,0.05962958041059957,0.08490409501169405,0.15420254989599874,0.0781348671259337,0.18045959578473197,0.49362836585314007,sitting
35,0.21536938423219654,0.14973393509021943,0.048685351012032,0.0,0.06859906440855827,0.3146361143716869,0.26920571741872473,0.3407658819133278,sitting
8,0.4458099453005685,0.1355250983168347,0.14487912094057426,0.05784189490773169,0.3482201484042381,0.4260452869174992,0.080643348573603,0.3838277995668858,standing
38,1.396735401241257,0.7033043099901829,0.6804263054849639,0.2477294030121908,1.6163333411584286,1.2885786984596184,0.5014279682780347,0.4837823577829327,walking
22,1.2463560338922774,0.4478010779237921,0.7942732071776247,0.5132248043143979,1.8714649451094438,1.2215793193730584,0.6034653705165853,0.5674480729444334,walking
22,1.4135517602682377,0.6924955950027369,0.9609233806077759,0.5497639311718008,1.5902395089559853,1.0974094226038593,0.6234092760441737,0.5840840800540135,walking
9,0.3922350671382498,0.0013817979420238657,0.15570326535294915,0.0,0.3872857803160359,0.27074688740225694,0.0986718834119012,0.38014841394063936,standing
10,1.24430402984668,0.7418422228252189,0.8987455377695743,0.46187641186901246,1.5068039574123382,1.2169623013393975,0.6590445342675343,0.45457321606613527,walking
40,0.38839304798297225,0.3065340813908104,0.1351802532460319,0.17791415598891192,0.304276227319561,0.320826089090456,0.17970495788312713,0.4101906069862925,standing
40,0.14664861678238703,0.18067654409866468,0.17317412661330492,0.0,0.31318901182377124,0.10247310289688322,0.05387877179992673,0.258395433927748,sitting
29,1.1220987543251892,0.6200472379057873,0.862239304621184,0.5778802791950883,1.7811187002084383,1.3390340053453587,0.6568488085815065,0.5521604930880463,walking
10,0.0391029075497002,0.05164339138252985,0.0,0.03336442355168857,0.0,0.1299599127737702,0.18291875780200428,0.19047934934258637,lying
34,0.2757714553777505,0.06233580707699353,0.09284870198067816,0.0,0.4378489263608741,0.05722699229028402,0.07752384386819863,0.24845433619152374,sitting
15,0.06740416765294951,0.035059118660495756,0.08373186768361487,0.0,0.0,0.027391586537771323,0.0,0.3742689494392657,lying
34,1.4004122425618521,0.8013049999090203,1.4995602298674768,0.6721902358102928,2.2120131490938024,1.279428059570633,0.6416466829149008,0.5696716369362383,stairs
31,0.18414134914337538,0.06802360089036445,0.1487608318383092,0.1488880717359618,0.13302789078666644,0.2771508649184868,0.1391496734392798,0.3845668006063627,standing
8,0.2664923899023207,0.10935828327779212,0.1388767654241357,0.1279044846958553,0.2580755300644495,0.37456379535886597,0.018405536945526907,0.2136577444954791,standing
27,1.3672071040844695,0.9625970274551209,1.0694358905616568,0.6101753526261005,2.005239527970521,1.3094797634761273,0.8104995635586606,0.5535663074656727,stairs
2,1.4674327742262232,0.8546571441208514,0.8423658996488613,0.43414398094435175,1.7024925759172884,1.0781085739114427,0.7160174983681822,0.480011990137102,walking
14,1.7420277509410949,0.8520927867400218,1.1728013535381203,0.514037842924238,2.473805427338153,1.551819143248679,0.8464924444861438,0.5815934868783242,stairs
19,1.136279652108285,0.7661956641935039,0.6962349743072944,0.3196094656123658,1.5840690485868612,1.1534168841350674,0.5334472557230714,0.5338659538190694,walking
4,0.031839267824732405,0.11129768248825528,0.03786329585271583,0.13147170240982614,0.0,0.1263232071522336,0.0,0.16544120804151546,lying
25,0.10054823088661465,0.1561519997881241,0.009117972527092177,0.061717248439596806,0.09654821081610525,0.12335148883362283,0.0969928789919938,0.2824946355747721,sitting
39,0.32850485856472295,0.20777418822779745,0.03557994800944324,0.16604485028300903,0.3495124365122917,0.4143281152245767,0.07395180353349598,0.3502838743502613,standing
12,0.1416012402156365,0.2119620759636682,0.004454933124293771,0.11406424893429878,0.0065533438570512074,0.0,0.0037569137561411572,0.34986425587914954,lying
23,1.2883288482821527,0.7285077122957406,0.6372947341687898,0.43287782743608977,1.666492850827857,1.3075334734649515,0.6615121843901101,0.5246510695349716,walking
39,0.41461049246023696,0.18774525976592846,0.1341797711052881,0.0,0.0,0.13911447368219423,0.30328268325112573,0.36846694815749886,standing
24,1.834105277253502,0.9051872322058204,1.1153798775251276,0.6054486385531644,2.4789681808701056,1.2358538951902411,0.8429339647548757,0.726109609382046,stairs
31,0.08321098945107486,0.0,0.1350147915057497,0.05522679415639948,0.0,0.4507138386749834,0.0004887126093754968,0.09940317025104575,sitting
22,1.5529190608986607,0.7622028231084381,1.169194884881184,0.6331380547759095,2.2057340306569944,1.4386969896305584,0.8570588794071974,0.6068474098585417,stairs
37,1.343873594016378,0.7725696366952497,0.8030769466098882,0.5683216902585891,1.2785772523314825,1.114346345637232,0.5787417303977015,0.5185978595473649,walking
37,0.2707134617430841,0.24271296263995712,0.22024696479046008,0.0,0.28007965377994454,0.47840367763085234,0.1274839438102938,0.3245595381087784,sitting
2,1.9723738980377945,0.8183874696575768,1.3696891505934283,0.7053820609041863,2.074965172480077,1.4179052094133757,0.7067543277340638,0.6262839418733289,stairs
34,0.39761500813160744,0.17438569833585837,0.21096313102593658,0.2191009499991936,0.0,0.4152985987569171,0.12499181414702858,0.4020227403234604,standing
26,0.235430913095026,0.07147809153127244,0.11478928717864964,0.08493092694558657,0.31623076239252385,0.33713072801684496,0.26544925581021994,0.33267692043869174,sitting
21,0.051528707512564886,0.0,0.0,0.06615290829528088,0.024342465443017387,0.17749082332415544,0.0,0.3000990173488053,sitting
8,1.6262869422374415,0.819104925522381,1.1189085126404559,0.8419246716651506,2.1158755969584777,1.4592699373941913,0.9778918823055984,0.5808147366324902,stairs
18,1.710081635037347,0.9115006081315118,1.2357511252431175,0.662378369322857,2.2628607945384913,1.411670677165174,0.7413109672351542,0.6444593393647458,stairs
12,0.34389521667807843,0.051894456147968386,0.0737459001537207,0.0,0.2573117156729188,0.3389958050882534,0.18045593909497482,0.26766326178752353,sitting
37,1.293167630433919,0.8374998538065579,0.6505197329320158,0.3933726259230492,1.6416878170134526,1.1235859616733868,0.6639906780289333,0.4395037576190139,walking
7,1.1052585905368286,0.7020150161881639,0.8454838991621024,0.2513478862651387,1.3801170546969836,0.7940728358482775,0.6071334952327432,0.6060912354274697,walking
16,1.5806272513976636,0.7617672840613828,1.4935321694635064,0.6518535817435646,2.2933419028290305,1.2728563721060486,0.8398096159813926,0.5443942899433281,stairs
28,0.0,0.021786973818894686,0.013532466074654605,0.0,0.0,0.15606958384981387,0.0,0.40355413905021337,lying
4,0.3674700052884643,0.14107971810621964,0.021430413422429656,0.22474213270033144,0.0,0.610302788863754,0.22560235890117042,0.19974682522074128,standing
40,0.07746997071343675,0.0,0.047983693203187475,0.09863844649082484,0.0,0.16162824837449827,0.1898435202347163,0.2539306808899179,sitting
39,1.707275694303419,0.7885712935855189,1.021145537510633,0.6549943113906664,2.4563535461642134,1.3101949299899975,0.7884096488903974,0.6212927811937783,stairs
9,1.887963454672545,0.8986157905148252,0.9908241221016086,0.7256397968326129,2.2359624744658975,1.3905012088266817,0.8564501024299159,0.6953425846884104,stairs
15,0.1775058346939071,0.07415224125696962,0.15078259371126382,0.0,0.0,0.28709971933249673,0.1256170371543197,0.26485035126461504,standing
32,1.2438777940544472,0.6559626825162483,0.897516510851717,0.4532601689646511,1.7242013901554931,1.0941471997898788,0.5452398267099489,0.6448171103726542,walking
11,0.00866526600698847,0.0,0.04448462703609501,0.0406963563661865,0.16381128218837224,0.11030577747483977,0.0415808911068418,0.3714447043987391,lying
34,0.08834610087972251,0.23885376657244128,0.07834023256839398,0.1188268823607351,0.23049851321896508,0.3604658988497777,0.054737163624448915,0.2617743812119988,sitting
37,0.12181258379687267,0.1966388241345388,0.07151745202227454,0.164212232291422,0.0,0.1734891021470369,0.0507413933279456,0.2806984806443874,sitting
36,1.8208927997587858,0.9401848802778514,1.2281800166146914,0.7455148966388232,2.5005959125749087,1.3785027990604666,0.8618566369817707,0.7233731409554534,stairs
29,0.0,0.0,0.0,0.0,0.0,0.0,0.07334824793921625,0.1831738963103054,lying
4,0.0,0.09706428385634705,0.0,0.09719655007383893,0.2497234500390159,0.24509889818172353,0.13750762840636532,0.345837146238021,lying
27,0.05753464688778256,0.003183320293183793,0.04309849917093228,0.014636332820195148,0.0,0.024320434201836424,0.03611406779345276,0.21610862545857906,lying
7,1.3019878570441592,0.669508695209003,1.0571380083761022,0.3470169495762073,1.5755289146326783,1.0612344155797102,0.7266478094972172,0.5823615241163952,walking
6,0.146886139261607,0.046702296008183763,0.0,0.18681796495214553,0.0,0.09089615960249159,0.0,0.2636473028037524,sitting
37,0.25088953905854405,0.011784424773371452,0.0,0.0,0.0,0.5697562703016459,0.1264931661812043,0.2634766488797026,sitting
40,0.3347670804289874,0.1834431001869105,0.12205845347407378,0.14590339519877932,0.40841531627310645,0.17838531631953933,0.04724149525470535,0.35671857834852694,standing
1,1.1158125559380383,0.8370368220438955,0.5094004276750024,0.509540916952357,1.3256380476556773,1.0698315208218772,0.5214877262727848,0.5384330144445845,walking
20,0.0,0.1157247511643752,0.019059583711764284,0.012480439970909233,0.14660824954407264,0.06694194048853064,0.07052869850386917,0.21509395834131384,lying
37,0.05202800243914506,0.05011266537334043,0.0,0.0785808818338245,0.0,0.27307604453516565,0.0,0.3306916116596376,lying
37,0.17454475904076988,0.0,0.1215714958085296,0.11831104006643023,0.051295542316021,0.3816441013079578,0.0,0.2740125250821893,lying
18,0.3327235643956393,0.0457231431771756,0.17555081303822506,0.1153780583228256,0.0,0.30937346945144617,0.1657641485984516,0.16575261831742574,standing
32,0.2606864224324715,0.2580496638837356,0.2646821160881846,0.14986884244573262,0.2503416327515013,0.358223855299036,0.1640426731229374,0.3048665348797279,standing
37,0.1528908928726662,0.11965073520709435,0.14506509881646057,0.10552013979450375,0.0,0.36919002605605133,0.14186031968631374,0.27463775988540007,standing
5,1.0083632148711155,0.7669188786948771,0.8955657630223917,0.5285378081772575,1.6931904445853103,1.0919288972740948,0.5770258023387883,0.45390146011756244,walking
30,0.2788249093476597,0.3127711127566384,0.07676214184116764,0.0951744838124604,0.0,0.3574371149443116,0.0,0.39974632650357,standing
36,0.0,0.07882494035934846,0.10615065251005015,0.009538657894423866,0.0,0.25855103408923275,0.0,0.3140768567611527,lying
30,0.03918184960365281,0.0,0.03317388328387749,0.16406806284732428,0.3356873774441057,0.25367216522606156,0.0803600415131581,0.23635241636408105,sitting
18,1.0579327564151084,0.9145766170603498,1.254463792715601,0.7850852457861941,2.21789975970436,1.219969660835313,0.8105031445022013,0.48468951517322123,stairs
32,0.16581796707320967,0.16264072823808104,0.0,0.0,0.0,0.3770619969991751,0.0,0.28565346805841985,lying
29,1.928092147070553,1.0047166514128931,1.0881596147903765,0.6225514155188676,2.4384531499336415,1.3416523474814837,0.8792746855755474,0.6016976120821507,stairs
2,0.14233393706190856,0.2798465635917774,0.08906870179447748,0.006940327288311288,0.02108022691680001,0.027197334467212675,0.08891292975467481,0.25985129021620074,sitting
19,0.21823554687940405,0.08159732588337332,0.010017291821710853,0.0,0.02112572913352517,0.17578736261862218,0.0,0.24917932455983755,lying
22,0.10287645419583238,0.04162848756470609,0.06332193999795047,0.03374027396991825,0.43702573554098423,0.27418537397357,0.06066015273860827,0.3113587729889401,lying
28,0.08089188696773567,0.0,0.09311211647606016,0.1615172827425239,0.0,0.2632875959074241,0.056837670200917983,0.3107843442709424,lying
4,0.3118435104550865,0.13118630127573608,0.08790393282401562,0.06126060082205706,0.3970113438764459,0.43307588240459655,0.05706412701965502,0.2595155718899371,standing
35,0.08497083886289954,0.0885852079352786,0.0842648983059025,0.13574463959019525,0.3347639032689286,0.0,0.0,0.26352086967616023,lying
11,0.10645912736865559,0.14021540525618584,0.12178470320585713,0.11081368556291772,0.38623799047701896,0.28603789559154463,0.07141126957318145,0.2547960378358449,sitting
38,0.16845305061013344,0.1295834781847545,0.190203786945354,0.28035216021563214,0.21024836180442769,0.27676368893902953,0.15929192576384354,0.3864490346898937,standing
33,0.26510307881855244,0.02971158952084385,0.17277764855393365,0.1361141699942896,0.07319040939045399,0.659689474410865,0.044596878332197276,0.3280373895512115,standing
28,0.04893662852300147,0.01227408268425003,0.09833332967451855,0.0762767234318685,0.34774980559966295,0.0,0.2513778393536423,0.3133448091946166,lying
30,0.2746218695147635,0.12395674815231957,0.02033732334688427,0.0,0.0,0.10949104880203048,0.005152600972066351,0.27102062921245756,sitting
11,0.1699758944910687,0.2722650200706684,0.07124251355516711,0.09249938431166624,0.1503797477121067,0.020588204874207178,0.04780388573660291,0.2836456783434791,lying
2,1.9884365286402212,0.8600652600526746,1.2087808682114543,0.5195479350219806,2.369434718578958,1.5032288496435162,0.7959784867708461,0.5710585127644408,stairs
38,1.379139297940633,0.6795801263711796,0.7431063615096014,0.48759200019046217,1.5051088024135257,1.0880534662987214,0.6479067490716995,0.4091963592494279,walking
37,0.4776904270513174,0.16188079631616353,0.07559296072646057,0.07270154426423589,0.06884254933566791,0.7838655314246091,0.14292493022499378,0.29110855609763253,standing
40,0.0,0.1442488940448861,0.07068597500263762,0.0,0.3330821841261439,0.3665370518422246,0.0485353354259449,0.31638752365993433,lying
8,0.18029099544818789,0.3546997589814509,0.16978626435057864,0.0676287049204469,0.139628419451366,0.350064264110491,0.19072390965933791,0.280341012334217,standing
16,0.1043429255939538,0.005893179532320693,0.04437845487391994,0.02925863116314324,0.0,0.11682332327747522,0.05245032363860946,0.3332580257796937,lying
23,1.4958882849253143,1.0509759639197673,1.0477466067057628,0.6447590915642128,2.2889401574620774,1.4976999707002188,0.8690841036211581,0.5758474323349659,stairs
33,0.39877174324198394,0.13112638686502381,0.13511972804120573,0.0852541723370473,0.09145136918526056,0.5306250055283218,0.15714014434828838,0.4024258082909135,standing
33,0.35128910281826586,0.13051022467430184,0.0,0.10218698485072442,0.0,0.28056328082920756,0.20855170190280825,0.26784877922001554,standing
32,0.04777811037084175,0.11857482057649962,0.10683108681028286,0.0369799822587495,0.09792554503785582,0.12387878555513196,0.0,0.25118552669798094,lying
3,0.0704202894160551,0.014410628741763461,0.0,0.0,0.07809226205118878,0.0,0.0,0.2846044349239689,lying
14,0.10629484913280265,0.01784101915807623,0.0,0.0,0.0,0.23532874589751648,0.029865207863238256,0.38769631874868266,lying
2,0.045784232484853415,0.16283982709770922,0.15081235191766484,0.012222009697763825,0.06538517468027669,0.34799835090699976,0.07410401399033974,0.28495123702151715,sitting
29,0.23040005619055848,0.19382322620017667,0.16537390845614722,0.06630632244069427,0.21228776064766447,0.0874902707626114,0.03263420981119184,0.3035639642005916,sitting
19,0.20852533136147172,0.24905448271195624,0.11488884560850225,0.025864940045009263,0.0,0.26594519881378115,0.17145879029929906,0.3438082952463345,standing
16,1.930829656944124,0.6926250529313636,1.0081930126761791,0.6786850212476978,2.359958264930331,1.3529353882828918,0.8929651078222811,0.6164363889339491,stairs
36,2.028318995164709,1.061412705558603,1.1818885700736343,0.6081752752495493,1.904549046241479,1.5825338997139382,0.8539445560796818,0.6912670838934856,stairs
30,0.18790869550926054,0.037817770782179294,0.175874052062831,0.02784921561504599,0.3510754511247639,0.3182357905199296,0.05991214299168271,0.35648759898491295,standing
12,0.9392417959283084,0.6302980077704409,0.7525452907560118,0.3365311349799722,1.6405779474165967,1.0549438590734035,0.6768518606906238,0.5026597516128977,walking
8,0.2047546023029037,0.12548046656997244,0.0884587974621189,0.008963219950753457,0.25620480484778185,0.3731953149710396,0.03422963685164879,0.32632477248287817,sitting
3,0.05200379557899351,0.29129397917297783,0.09125853512028669,0.18330510552418866,0.0,0.11537717308936382,0.0,0.39783485297306814,sitting
13,1.3874564378232006,0.818175821833873,0.6995680913286498,0.5504310250745711,1.7791128997281527,1.1993421543857297,0.504592513520775,0.46685658882785275,walking
10,0.0,0.02669879491689767,0.013157526536807164,0.05903243376189667,0.19437603170612713,0.13946477998910053,0.046756246070569496,0.2381219898393979,lying
35,0.1115935819431403,0.0,0.03533756464489675,0.0,0.0,0.22030061506266224,0.05404904887637555,0.23243677775678054,lying
15,0.20684775632599073,0.1664664936383928,0.15260011251393027,0.0,0.0,0.42382794180612504,0.028960898994863787,0.1782806157730252,standing
3,0.2460606287103283,0.1662841927479394,0.009862612999196094,0.05967099104803532,0.10761275897721917,0.5040195229781594,0.0,0.3942091994018236,standing
35,0.055319706705583144,0.03994380425169041,0.04698927322265871,0.0,0.17515243031920938,0.08544134107703397,0.005964879936932985,0.18101973422266732,lying
35,0.24556195367444145,0.021880665817737385,0.1659126899643225,0.0,0.0,0.29555756816760376,0.17048151696799457,0.2985752795198409,sitting
35,1.1815923667516228,0.6964505643063273,0.8450299414878347,0.5427557720525804,1.8995464317856903,1.030665905415967,0.7489742546530664,0.48489095867041415,walking
32,0.20089306125934808,0.16687306015994535,0.0,0.22762783883661436,0.05998849079727973,0.36672847298172884,0.26203245274127057,0.20036685201421311,sitting
29,1.5235746203670173,0.8226700084419736,1.0831764068758183,0.5417188440035803,1.605316379970712,1.0316932140814838,0.5397639221631989,0.4547848272352702,walking
31,0.21433464547888398,0.05560350836584556,0.026957540587636716,0.0,0.22052059323179463,0.005129237516532034,0.0,0.19690613449708214,lying
31,1.3157267363074328,0.633803433696712,0.5791851358595692,0.45018580207090336,1.5438713885293573,1.1218162154091558,0.7170409698675737,0.4626345462792742,walking
13,1.0745474530351824,0.8273137833424812,1.0821418193865178,0.34684266128663876,1.790657687312931,1.1560207538030365,0.6667687042049034,0.5136977552222564,walking
3,1.224574110247756,0.5694898875623026,0.9676138413625998,0.4735826293728891,1.480212396199539,1.1302956529131232,0.6120311589670134,0.48475003679282824,walking
13,1.7787252153660442,0.9988876319238763,1.1075605081012478,0.6841192720042493,2.3611693975467976,1.297545897927117,0.8029117216919165,0.6565154832165307,stairs
11,0.3925785622330418,0.0,0.07672236793656313,0.08500548927951009,0.035434621924283295,0.340916460418358,0.08930270929156506,0.38131699401111463,standing
17,1.5129724892645193,0.9725345434482872,1.2625736539614023,0.6614119480870904,2.294995831030598,1.4729475537481043,0.7693422407575305,0.6281034959179866,stairs
10,0.46304619893797944,0.08223515218636204,0.20813746877386707,0.04849122072054904,0.20496723351781004,0.4989213658721561,0.247327238781118,0.29900290495044185,standing
27,1.666518614618922,1.147262873940397,1.2871623516584256,0.6445254316300286,2.0944612569024965,1.554939227438704,0.7681372369117068,0.48628193733977776,stairs
7,0.19916959507268744,0.0,0.0023478648056411977,0.04693355722388906,0.0,0.24571781356992328,0.0,0.2511878772398891,sitting
12,0.015603006628797891,0.014322633782242807,0.11041393688926687,0.025346207443656257,0.0,0.0,0.024520332817398932,0.3722037376002961,lying
9,1.5949779546502978,1.0241118028615384,0.9680159147793332,0.8952093476021691,2.339023357236499,1.4917726069044794,0.8875452818005233,0.5640411363550167,stairs
17,0.07706057455858506,0.043984789643454786,0.06519709463571971,0.1790933968911149,0.26796243483835186,0.0,0.16504510985500542,0.2936549004191755,lying
8,0.0197017913195279,0.13889540199546335,0.12726518297806377,0.0,0.14190282315458844,0.2606763202018898,0.08794902090267645,0.3038105390789855,sitting
24,0.11305693449117299,0.19352438405446087,0.04825942747765125,0.010156433284214686,0.0,0.07166888013904857,0.10668337954447689,0.29138178199671116,sitting
26,1.292250986115665,0.6594580040558333,0.6388675720807351,0.5738949933607449,1.4459263362463035,1.1453334933500465,0.6050970133237581,0.5909387867951511,walking
1,1.7773247722332648,0.8435142241912824,1.2154674119979048,0.6858580743825089,2.3166710848311105,1.5091739269019724,0.7479467133857423,0.6504515857786939,stairs
16,1.0987947842830539,0.6583704110547293,0.8926776703778142,0.3059171495566995,1.4777169861643649,1.277285735145782,0.7040293273670601,0.5122756957958566,walking
29,0.24065417290842112,0.03134675401791098,0.05475428669313413,0.0728722757553118,0.015021072779624042,0.4989600626633581,0.17053188573810674,0.2603161635092933,standing
2,0.1233635470407764,0.11141893935372418,0.0,0.0,0.0013577257333651782,0.09638596204225969,0.0,0.1756228187405758,lying
5,0.46219717520964254,0.038510068100930356,0.1772077283781915,0.2292976051188469,0.26369577489442864,0.24391085467936097,0.09011539663657506,0.29318745898922827,standing
33,0.9931055977893672,0.7372126185421735,0.8494527679445362,0.5872516833993006,1.5868768017031005,1.0577657254693313,0.7728252052127705,0.5738492540189117,walking
33,0.11725187905659776,0.0,0.0,0.11436278267471484,0.1240274097348036,0.2731618475295185,0.0,0.09763335887300245,lying
19,0.0,0.025538626555645857,0.12058247522070596,0.13164094941682164,0.26663137811271487,0.2404453095593792,0.09010877784824797,0.16221930293436967,sitting
20,0.16543198128327702,0.07543438363897398,0.07611011795874656,0.018082392816920107,0.14250425380518547,0.006707283903386513,0.14012812095953175,0.35146407346121666,lying
22,0.19868334403011823,0.0,0.052630478517830925,0.0,0.15895036255631576,0.09491593792218157,0.05425366195593881,0.18949818316855116,lying
28,1.3585436955718087,0.912211401271606,1.1484560527896766,0.7463765935306874,2.4289563513857004,1.4559040736584248,0.8785510938258339,0.6491108249868525,stairs
9,0.2117557630384793,0.0,0.0883885842893195,0.16615828815781147,0.2849690575382424,0.29849526801617454,0.0,0.4628201215635004,sitting
23,0.18845791109922547,0.0,0.076448924552025,0.03812420881891385,0.0,0.0,0.1620131664766473,0.36954763106155725,sitting
1,1.3069033370561947,0.5559146015912012,0.7245696722032765,0.5393604694455676,1.3704198846335311,1.2254484305305569,0.6340448202170786,0.46313514292300845,walking
33,0.0,0.0,0.08645851869804468,0.0,0.11471715556996254,0.0,0.08126020950663143,0.2758281387794222,lying
8,1.1825524053750194,0.5187021705541385,0.9113045261877013,0.6099602117878469,1.4786667144279964,1.074496043031005,0.5039077968751108,0.453981451724297,walking
9,0.4530412034435911,0.0,0.1309750969075792,0.22663418393064189,0.054486032761108,0.710877827518405,0.10900121168298144,0.2694429805898119,standing
29,0.028489959860605547,0.13947340249664933,0.010090282507363758,0.0,0.0293578039563864,0.20759804219162908,0.05704034487831092,0.17751450040422667,lying
16,1.3545228671304392,0.7869698252976252,0.7255582663173472,0.5260991375674231,1.6254249605703348,1.0903059697026656,0.5545222804337991,0.6230284605858198,walking
15,0.13369528992676047,0.14091903546375262,0.025730932795561358,0.0,0.17141079196438386,0.0,0.055256978048774885,0.276145155099621,lying
24,1.0932207639573543,0.6942710695070234,0.6396444533919681,0.49581457392759326,1.3687330540854517,1.0526934005632937,0.4578104814285844,0.29840144107060657,walking
5,0.20423666199087326,0.17429457826111677,0.15101260441686737,0.20634355776013363,0.4508562846937001,0.25940830727838105,0.2724684459097345,0.27712988233089675,standing
4,1.6653555214765539,0.8442279295386308,0.8374094653118302,0.6633984837622876,2.4330219268644644,1.6273802978325815,0.7938743661306695,0.6448360636558357,stairs
32,0.37285237226022794,0.33352723097974396,0.11043412574658577,0.055190631110487796,0.15274508442463872,0.5156667715653623,0.22215091286073718,0.2700941547058392,standing
32,1.0838019824112313,0.7674638757185275,0.5686460297692378,0.74282239619,2.351602475687112,1.5159200842543752,0.7147346095347461,0.6792361477360436,stairs
26,0.0,0.0,0.13234287043310364,0.04047804263323808,0.46240628916941595,0.20350778640060482,0.12892707508854656,0.3130064338474049,lying
33,1.2006051447968147,0.5234818251295787,0.8943176773377799,0.5134966317528796,1.9066384873469495,1.0829228986458865,0.6419763168877378,0.49757485545527275,walking
2,1.0881516137053597,0.7554324917681511,0.6677462736215805,0.4764234517321957,1.3265316577760968,1.3431465245735077,0.5275587675140653,0.5769899637856194,walking
6,0.10006072303498151,0.01694729256032186,0.0,0.17661256973773276,0.3524432085577155,0.33432205520319797,0.051870188975285864,0.36958811003122627,sitting
38,0.06756898909991595,0.0,0.05866953540839656,0.0,0.12440200988585119,0.09529591035537577,0.0,0.16610227728485097,lying
22,0.3530701697197492,0.13697343258481903,0.15875020420857722,0.1497883918695433,0.0,0.4179374876172273,0.1838208784941604,0.3753615749249194,standing
11,0.17817896375630055,0.04303222402882073,0.05635320519650004,0.021506539248493002,0.07048870730247984,0.48622142232737703,0.23168920415332406,0.3147677857572882,standing
13,1.4391151807278924,0.7730433308833292,0.4942079300214618,0.44709590454383613,1.7659332384282826,1.1956311014032266,0.5820793021470859,0.44742185242275356,walking
33,0.2840652155349158,0.0010439703415075219,0.004052337858935842,0.14299529070682157,0.0,0.4812909240885775,0.14706687887332517,0.27312294766843204,standing
24,0.06996594932563209,0.02351405530513672,0.12497718259840548,0.042825058126200535,0.13864895280500028,0.20726072011879815,0.0,0.48486359534181733,lying
8,1.5291338814440838,0.9258276593569219,1.1398352732050565,0.6706538371583789,2.183087399728534,1.4947424293251692,0.8503788070962965,0.5505052882314505,stairs
1,1.389544032790865,1.024574747331336,1.0994911810815637,0.6992889242023002,2.2544114941082594,1.4874628679687552,0.7176322319193725,0.5467451640153157,stairs
5,0.1109511862517549,0.0,0.057269195439623125,0.0,0.12007850766368391,0.05818063373909284,0.0,0.27169806889601844,lying
5,1.3575536741145102,0.7390639636750718,0.9083850215607786,0.46743301224218936,1.6574443589002161,1.209145143328299,0.49054287425411125,0.5165397885057348,walking
15,1.54598193590584,0.8319466558624298,0.6281599778128012,0.40757700812703196,1.139800724476852,1.2047872964136785,0.7045672393041337,0.4350396473288023,walking
19,0.0,0.0,0.03677044040335162,0.06116393560455229,0.0,0.16929453346821632,0.08002877070975203,0.27303927503476955,lying
2,0.122163534084831,0.04648718206202367,0.020787130711585645,0.07700020336679868,0.11744670517132336,0.30148133995632054,0.26240923921858433,0.17545076558686834,sitting
2,1.4013792633044493,0.8119997926785991,0.5513930770065179,0.45008292972053204,1.3955285289629775,1.3542354516773862,0.6832713001025482,0.549290485713404,walking
13,0.28374887830782697,0.010545029944286716,0.08726358168069104,0.15608369782234732,0.15747935961643078,0.5602671503642827,0.038228882737401854,0.2448372318247472,standing
25,0.29624004061083564,0.04713180374766443,0.0,0.018796147010761384,0.0,0.48585575200361886,0.05277617826033952,0.26184146197806996,standing
36,0.15717258977150622,0.0940244607800028,0.1705494955517487,0.2545587604700076,0.32468960377434747,0.5658982228922813,0.17742247066973632,0.4402293098638732,standing
23,0.1686946408915704,0.14309708407958846,0.08075521316887516,0.1730314716076039,0.22590495855213133,0.14151443874443095,0.0,0.31734210652827727,sitting
35,1.6544958484837253,0.8177222090681466,1.163319834764045,0.8035704310265259,2.4149048368328927,1.4002340218762561,0.7619809745651693,0.5986329950663831,stairs
20,0.2484709524192828,0.0,0.1710599171923965,0.0,0.7175955100732208,0.21926442163579477,0.12516606926387752,0.34990132038609,sitting
32,1.426240834765168,0.9458700686437813,0.8156126109324578,0.4777486281680755,1.7770088873573069,1.0519232758236996,0.5628405918552928,0.5397073698346677,walking
15,0.26446366612613537,0.2535784560597948,0.12764182917352185,0.0,0.29011709733725766,0.5181695318174332,0.1201376860835135,0.47353026149018007,standing
37,0.2803921618349654,0.015795042157165512,0.10144362361534653,0.03606848640770563,0.1211368891618649,0.3445060659417766,0.08067743112065973,0.22701480851881053,sitting
2,0.30039135562423813,0.11958753615376538,0.01952064132269217,0.0,0.30159061555823896,0.21835296343007557,0.075965835482344,0.28352555291133685,standing
15,0.16985430138307903,0.1212279131798478,0.02130496559959604,0.24292759265420383,0.09146470080291015,0.3021159331191908,0.02861117725744939,0.33180964527616325,sitting
17,0.10947438566977136,0.0,0.0,0.14099657904955268,0.049990606409009805,0.16694680686351943,0.16977965421581392,0.14476395450812402,lying
5,0.1694402863115817,0.0013749541009407257,0.0,0.0,0.19669107338083247,0.3469911819907847,0.1723305107033634,0.2306210680796159,sitting
36,0.1885304855386638,0.1491792256524074,0.14553406761893473,0.1450670406269829,0.1642733648245509,0.3492988881906862,0.028201926665491345,0.4201076745347298,sitting
17,0.14635087316208978,0.0,0.09205189478458616,0.0047109133105849715,0.0,0.4054163024662978,0.0002733158433394778,0.248671602017698,sitting
28,1.1346604551399855,0.7809474539962916,0.6608421593734612,0.4595548683859004,1.6444590883024248,1.0405908771051846,0.6705513009823098,0.5321271622701111,walking
4,1.5050375753704284,0.970433188968703,1.0077000745844524,0.6781025110950989,2.1972786756542777,1.2918621177734215,0.8011707568761038,0.6261602163640934,stairs
35,0.8552623654050662,0.6581963240561874,0.5498712921311791,0.5465192901953047,1.5215973418237128,1.2851971307074108,0.7432436547243767,0.6509687224880989,walking
11,0.0,0.11898935087703072,0.031103480326777636,0.0,0.0,0.20050071554872506,0.0,0.31528231786018357,lying
9,1.566373591373517,1.0316576068203878,1.015827485815125,0.7198322162175648,2.0508412386641814,1.5982259784531359,0.9512133970618938,0.4926335777061843,stairs
21,0.2860870851559081,0.07108964795292433,0.09378434795858574,0.04661097025144236,0.15403981139482828,0.18114544972801588,0.24457172134528116,0.3617107831986174,sitting
6,0.21205185550328498,0.09867216720540856,0.0802187306539743,0.0,0.08598854727699747,0.42576906270734116,0.0664478939750242,0.19006995633273427,sitting
25,0.1914084776503404,0.07786495987882515,0.0,0.0,0.22018906070652805,0.3390958375718376,0.23205438059484862,0.26255441278398484,sitting
23,0.0,0.1331846729176693,0.07843970205209391,0.027831603105497704,0.0,0.003202672701188375,0.1030957341759354,0.33865263996809075,lying
33,0.9956945630511556,0.6364866372145916,0.6796377152976,0.15071411949698094,1.8869464257072004,1.1764564541546763,0.747351371307643,0.5279406530886994,walking
25,0.029066541131680695,0.06833087879915983,0.033936609076605014,0.0,0.0988061479815055,0.07582620408485652,0.0,0.277500356292754,sitting
6,0.3608002462905988,0.23298690047518722,0.056944592300232064,0.032596422631471215,0.12043985528519922,0.5667717704806897,0.1358638576394679,0.2741727755445451,standing
22,0.9802612390232154,0.729590887054758,0.5507602512581549,0.5780764141386049,1.7607034289672325,1.0884643186515457,0.6076388486711918,0.5773333128451262,walking
17,0.23439705878681577,0.05763182124216287,0.28634554122725575,0.0014891828270801877,0.0,0.5701043993372861,0.16319241018035743,0.2877728132494126,standing
26,0.2652475250930243,0.05516150902536308,0.1562071116172852,0.0737578050070726,0.06347600967795965,0.2553503731865155,0.0866581922709219,0.22309727033056997,sitting
12,0.15931352883713082,0.05278827820201647,0.14496654300636275,0.03768949676867263,0.08489442988096396,0.6646351131800199,0.22120881887854127,0.20035572364035398,standing
8,0.08373104033282186,0.14586521978633837,0.0,0.27993356131045743,0.0,0.28220834144783963,0.10681366232676136,0.22346638063370838,sitting
22,1.5152706605261257,0.6270340252383891,0.9558971631798079,0.42326583867949746,1.832870571474143,1.3258715295890855,0.5815445290335846,0.5658582494381101,walking
31,1.7598945215495794,0.9191232533930433,1.1802332573537249,0.6036481736923294,2.195558459869853,1.4490479424536673,0.8059787117256569,0.6411389031109853,stairs
23,0.0727294623254486,0.0,0.17351675148365256,0.00732903171467774,0.0,0.21446800331027216,0.03727649376378567,0.2150381463412851,sitting
37,1.0416108640079538,0.8106507672680794,0.5722687717059193,0.4009502338850211,1.4694643495570363,1.3037901565874908,0.5826236385568818,0.4547104923685806,walking
21,0.10483150487340571,0.11206732400093201,0.0,0.0,0.0,0.3031670260104125,0.1072023761310902,0.26190621852929147,sitting
34,0.23457901259032427,0.23341636875781402,0.04134897646190236,0.003352877837009452,0.0,0.3468950281196178,0.2398530644261005,0.26112370302348165,standing
39,0.24410154906652237,0.21007905373624922,0.10066850808786108,0.10808059102026295,0.0367337980825478,0.05175872647044727,0.059653840914525774,0.2987415638563918,sitting
3,1.5985056823793369,0.9460110796142147,0.7398221539499779,0.6298737947727496,2.339809220119446,1.3528275714955522,0.9025777253169514,0.6448382260289005,stairs
27,0.08214201926236246,0.14576022682095122,0.11946073857767442,0.020205139507231254,0.09639083701321398,0.0,0.02261002474401969,0.36765091599204003,lying
23,0.27648449794050217,0.2626737764097893,0.2234707989585074,0.022335768588839594,0.08885044022766117,0.06952772373005972,0.1161504977127008,0.2550615119616338,standing
27,1.4264409437383392,0.4858943467028116,0.4261588183855159,0.5860013619874511,1.6410778584967578,1.3313300155576429,0.6962330591317851,0.5918063263918972,walking
23,0.05298850747357189,0.0,0.014087947748011025,0.11529193190643908,0.22419154461369015,0.11503211843393019,0.0,0.31136838778147535,lying
13,1.7308090971673409,0.9794190672129146,0.9893919628545202,0.5860288756547656,2.118365758788284,1.5820820638665,0.7489728571400311,0.6134780647993066,stairs
18,0.031131612009292875,0.1471281690609685,0.0,0.0,0.1633742001337994,0.12577183690130894,0.15561212119992607,0.22741521054880892,sitting
18,0.47690077079108073,0.09922146986971389,0.21574040985093285,0.13407417236011354,0.3889271388882606,0.5178081681894748,0.05720222519358484,0.26828806207768896,standing
29,0.6821062504498284,0.7507603974532409,0.8587237528660868,0.48200325816309475,1.646729545733505,1.4194959942148078,0.6493345196883273,0.5379890597900316,walking
24,1.2423918110859122,0.6048272902660966,0.9772293026792666,0.411139405846613,1.95544104495179,1.1250191135977914,0.5864691209834463,0.631537336031355,walking
30,0.12238464517081432,0.0,0.06515900899361557,0.07807263777279759,0.01383531920546361,0.23434567329226472,0.0,0.25682654357937634,lying
35,1.417748752413845,0.8201869180090787,0.8361989462441903,0.509388149446262,1.3583867547638666,1.1649648695766484,0.6431659769654094,0.47558700262836373,walking
24,0.06229793946505527,0.01366546072694855,0.03958117653109162,0.0,0.0,0.0,0.011582638258457227,0.2626208133874685,lying
9,0.14265950797125493,0.07282398181660928,0.1052496835772973,0.07701508093231976,0.17974371676011716,0.024317941077043298,0.02428865481647324,0.3150243825501216,lying
16,1.4123670693155592,0.5170267289168486,0.6827363559953492,0.46165190114471605,1.3830801512535429,1.0894704866142166,0.5673228832792248,0.5039136564640733,walking
11,1.6033071800494074,0.8398371985111851,0.7483299205524314,0.5502951603011332,1.5852083330300606,0.9446096704580276,0.5801024455421536,0.5560234363424692,walking
7,0.8837473603702625,0.604513512209408,0.9316728763204688,0.40780641682681573,0.8777162362123717,1.1231296302633273,0.5508617981312084,0.4462759632135382,walking
38,0.0,0.05880506147684734,0.10961707348033581,0.08983397462978068,0.0,0.14573479132438433,0.08915893594116114,0.3258141110486888,lying
24,1.9491666214002024,1.067756574332382,1.0669125974521974,0.6075268998610934,2.2752701832414592,1.516227695824834,0.6069147291709737,0.6428118078099465,stairs
6,0.8996329485019613,0.7943783220627797,0.6558846701385046,0.2803565531223381,2.0939177678065137,1.1146725603872365,0.5381374856874245,0.5969776325651525,walking
27,1.3711607190529391,0.6657603422949486,0.55374662260286,0.5590911286193232,1.9333194436052703,1.089059380736615,0.6497726206266314,0.5528039197583668,walking
21,0.22164840445524575,0.1662335326457241,0.004371437010503659,0.03630092331069736,0.1394006809055042,0.07781768164739739,0.0996479457760813,0.23850640427860814,sitting
7,0.0,0.0,0.0,0.11061508174205742,0.0,0.0624983730561553,0.0727223406847787,0.12384402310331907,lying
40,0.0,0.11490923658805027,0.0,0.03325585007804091,0.0,0.28204575043952607,0.050298841168082496,0.3173253146285319,lying
38,1.2809128059616703,0.6097006529605107,0.49216369225822293,0.48654495299423733,1.5306773332674066,1.203574741217392,0.6585930737939913,0.6092990817995148,walking
28,0.17352836404578484,0.04597406401794373,0.0,0.04804585684744869,0.0,0.19590959748822115,0.017620725421770626,0.20360953983690747,lying
14,0.323800941319444,0.17249276932498805,0.14166457920471043,0.08195238023222742,0.0,0.3011962506012379,0.2076659041142659,0.42521250987978443,standing
6,1.1763337739301831,0.5442623914532395,0.6895682708257791,0.5342761047523394,1.5921207055791449,1.3076712065576739,0.6587251637750673,0.48408435875692585,walking
10,0.024637534712119803,0.09345161527061273,0.03927126612893402,0.043318975196835446,0.01603002739264149,0.15536055616650282,0.04287111554263549,0.32939882766411643,lying
25,0.16119818071608788,0.11228346196779365,0.12078745551581575,0.037090741916280305,0.25321633909147145,0.08879702830522243,0.1345140305626124,0.3429692618273153,sitting
1,0.43045941609981886,0.0,0.0,0.0,0.0,0.2883089970963844,0.2507627457200858,0.35795312270732926,standing
30,0.11168491441697964,0.4070244233440504,0.138929451691409,0.30487407805937555,0.3088297156387358,0.2849208084918502,0.08524075828735167,0.2992745886542246,standing
5,2.041916456845452,0.9396454898995161,0.9112677590408478,0.63751458095227,2.5530972472807085,1.498785150139146,0.8898216931246256,0.5598180428340351,stairs
32,0.10763446959376605,0.039658908223208424,0.06361791818409003,0.0,0.22018683562798191,0.23832505917097974,0.08640621039684658,0.2711062014913963,sitting
35,1.8206276047843495,1.021288080095585,1.056320974300957,0.7183966938226404,1.9683664379671506,1.2784203845521052,0.6878791537358423,0.6984775091988562,stairs
38,1.5195234060038127,0.8254557083415566,1.1233755662339808,0.8223026759294663,2.14711287929939,1.2624037040074618,0.735042762095884,0.5776421794515519,stairs
6,0.03307153891837664,0.015462702936347387,0.11458753974980199,0.0,0.0,0.0,0.05336286424502622,0.45686984473460646,lying
29,0.3603721809514198,0.0,0.013203934874004328,0.07153294736186247,0.3296553439826463,0.31787755164284964,0.14535672491577045,0.3241750519321569,standing
33,0.2994392237293188,0.07443755070413312,0.09518513479831417,0.03547902740601279,0.0,0.1726955606845343,0.0,0.3121264293884542,sitting
4,1.8472648408982055,1.1461470586558389,0.7616748881244784,0.5899438625728403,2.225817732184175,1.1981623333351294,0.8135274692136567,0.7983139034842811,stairs
37,1.4171696843187542,0.5831634236141988,0.9639552376006952,0.4270956709373148,1.317090133097011,1.1331608345564437,0.7154935053319316,0.531826442705788,walking
5,0.4685244931866356,0.2951832707002862,0.15141634229131049,0.14374638318309038,0.4769107688385269,0.15869590897854108,0.16709308377796123,0.39788527441472277,standing
5,0.03674731900524013,0.0740762364102334,0.08364084086669671,0.07657178935098351,0.0,0.0,0.0819939301114191,0.3552806145565862,lying
10,0.2576924994115531,0.20577710724564197,0.14200961898951098,0.3106867643944846,0.2494138132225343,0.37566453871495253,0.05146130890399371,0.2807743202347484,standing
22,1.5636692187240273,0.7000649584986052,0.6700173545466428,0.43556932612533633,1.3908744960954151,1.0444491685846837,0.6242008014637124,0.48099663919842767,walking
6,1.5408445785919889,0.9341852711428743,1.3506801818068859,0.5917067002625971,2.3265988193509872,1.412206595809677,0.8533479598876603,0.7567289461450067,stairs
34,1.8082326310588388,0.9014165257159015,1.1110958097936696,0.6686193581716928,2.52210768299309,1.4821998729643138,0.7581683239013284,0.6002048323098128,stairs
2,0.3178636034490165,0.12659447552448908,0.12540671956323254,0.17234384541586964,0.1503805834646431,0.30529983672970906,0.09162393662301223,0.2229414522961716,standing
28,0.011158838644999558,0.24322322381121073,0.06179133393413182,0.0,0.0,0.0,0.06147456657800785,0.19972727865907886,lying
32,0.2905123694646216,0.17358708215556964,0.11780054449853723,0.1293452284044957,0.0,0.34821348856449835,0.07474092836383556,0.2355351348904023,standing
6,0.4847876488503179,0.04517080669950266,0.06684944731968458,0.2151961243105917,0.24631575556240795,0.2366759585000123,0.14192899565531414,0.3488400139153977,standing
39,2.0916675415668697,0.986426961161487,1.022249609502001,0.6812050932834782,2.028304119963322,1.3324611009116494,0.7774316839222549,0.6157410623690888,stairs
9,0.25277222712140207,0.15254569554897077,0.0,0.24407683245488926,0.11656519417580403,0.012333032998012194,0.06823340888506887,0.23175741947413703,sitting
3,1.3215459935614786,0.693296525914936,0.9047069562621797,0.42784238556468157,1.4458959247496226,0.8741118556128284,0.7947257037447099,0.545621013490694,walking
1,0.10742087519107033,0.34572452493046363,0.17583338894496808,0.05320090592088522,0.4322739129890719,0.48443340334570945,0.20250836527716645,0.23320896850546405,standing
33,1.3260803902447127,0.732053047882567,0.9451197911528797,0.4820630050490127,1.7882119065107211,0.992161324945568,0.6790722229913433,0.5361639438808471,walking
14,0.2267117570219725,0.014673203086006031,0.22019282014323932,0.10484890616285238,0.0,0.6551743766022549,0.04976391071050944,0.37920614030463184,standing
14,0.01662053728561086,0.23614577391380623,0.07561200958010114,0.0,0.03885840474883169,0.20924808470431805,0.07424557973528226,0.3821090717242478,lying
5,1.37151170434713,0.8065055752286581,1.1115687043253393,0.6297022914488721,2.2321706518927296,1.5474784337244372,0.7982956831792507,0.5743977436314874,stairs
25,0.21906470256459645,0.26416168243812344,0.2171009205967711,0.17166365554458088,0.4587816628292998,0.4409302564539611,0.2829984277510639,0.3652290222587002,standing
21,1.2187437261018537,0.8013623058575248,0.8628256358220001,0.5887813355141509,1.7767183186787836,1.0130353453511773,0.7491447568606876,0.4784354083415061,walking
10,0.14919504401116943,0.04727486188246377,0.10829197682073738,0.07136952730818408,0.0,0.1311173428853414,0.09362848887386516,0.3646060404349839,sitting
17,0.17109610193910824,0.11209115996781563,0.042048648283045234,0.021957820032182048,0.016438106442986836,0.0,0.13434107889542282,0.30759668096587267,lying
8,0.21666818252633346,0.049472269605978725,0.059249142953757813,0.0,0.015134642757942116,0.4054954376161187,0.0,0.3031737968419375,sitting
31,1.4456457789472406,0.83156901650215,1.2411644533434347,0.7013615961480663,2.2864454388371693,1.2911265572650321,0.9063917173300603,0.6509005606247488,stairs
22,1.5855843961051272,0.9871884417336798,1.01663594315363,0.5952802883353697,2.4105703525331617,1.3675691506764909,0.8246128292053756,0.590685535351906,stairs
2,0.10122125136285963,0.21450435379228697,0.03875553820176516,0.15665039932481525,0.12639707220168223,0.12021442115531371,0.07094248410928923,0.28008561879676597,lying
7,1.1537047724704903,0.7365604881907315,0.6795310426571775,0.5373125481906661,1.3994929744100362,1.2894084093793021,0.45959708041377356,0.4581199891004124,walking
21,0.1476911888086927,0.10004736690684198,0.038232916575209885,0.0,0.14917022349614584,0.46620485312827764,0.0,0.31975240796968807,lying
30,0.10488474766556853,0.0,0.06707875671671605,0.0,0.0,0.0,0.0,0.22377538786752946,lying
29,1.8045123914204373,0.9129779057637061,1.1240237448713728,0.6194441290283945,2.3070550168905126,1.4910600389928799,0.9087703763977115,0.7143842251045927,stairs
37,0.17840839287164398,0.24026470310695386,0.13428724698924693,0.06820267733827386,0.05781866038688848,0.4742455106135447,0.0,0.3229386781095638,sitting
24,0.37456151538155147,0.27112865695503197,0.06893046759726602,0.03285139620020829,0.0,0.4404350860490024,0.13315570953964093,0.3131459753179216,standing
25,0.19035390029001903,0.15023084146937676,0.14452006765712677,0.0,0.014625804726523958,0.18721878713522186,0.10120786607185486,0.1876407435291457,sitting
19,0.10198621928234139,0.19404989948361792,0.12675449337930278,0.04339923059177607,0.0,0.3666481460108323,0.14565353993264285,0.2558379857137966,standing
19,0.5738314829033618,0.05690070956441849,0.0,0.09869634567645535,0.0,0.2606760768777623,0.10467977390124542,0.342636538464382,standing
7,1.8328207652003112,0.8850830165690731,1.4251813489774772,0.7581075029864996,1.72561939321813,1.4693230455955082,0.8906635778678103,0.714731468962851,stairs
30,1.0537735259059384,0.5918265211992758,0.8211867340277144,0.3664783028429097,1.5069986973723861,1.0817003450930618,0.7460017279391946,0.5413024147365785,walking
29,1.1334147904255976,0.8616487374835067,0.6543012830309903,0.564382146372087,1.8006698578691052,1.1001949621281506,0.7082031105409737,0.5224315676623235,walking
4,0.03657285216949077,0.02302087227554131,0.03969002080978411,0.08770270643681875,0.10132578095048846,0.22972107367784844,0.08813778773494509,0.2673300526115307,sitting
10,0.12099862348263646,0.10170409868572813,0.06956351357673858,0.08412327720385565,0.058894641546957595,0.09817575096340538,0.15713047660749588,0.27744793450834826,sitting
9,0.15277542037524602,0.0981876300269142,0.05364085198706589,0.16222572296265375,0.0023240879058497588,0.1646789997337604,0.20097043678783638,0.43008956334418347,sitting
24,0.4179990586296799,0.09851427758130187,0.055744917656275254,0.033839550951361576,0.0,0.2911573300186088,0.02840322689679673,0.2904668298271321,sitting
7,0.3508601084571217,0.00747111158343397,0.029324108203582624,0.04247815805493242,0.12982629241806326,0.20510418011027098,0.09956556734401564,0.3157654896834494,sitting
31,0.14872930104783452,0.0,0.01246659713471683,0.023625327329821786,0.08827953413133202,0.19561856670863187,0.04522167925725693,0.2823536791380382,sitting
5,1.4363120457072527,0.851627103873677,1.3307378631508908,0.6092202533362765,2.1772824222339144,1.5424567513761553,0.8823731782597868,0.690096226349192,stairs
16,1.0942769906293508,0.6716463326137432,1.0410161711267127,0.45014358592059434,1.4160128082338732,1.2416325842507705,0.619795247835533,0.5506126515331111,walking
22,1.7449540111990953,0.7310463990124922,1.2971141096221204,0.7607734978521999,2.168911817825484,1.7293492713414826,0.8232651924869318,0.5636529068107695,stairs
36,0.12206940274810847,0.0,0.1058621107983197,0.10970007008033505,0.0,0.03242533377817834,0.0,0.5210665698086369,lying
27,0.06361144456038341,0.0,0.16667911356661508,0.01109357755336126,0.19808675139328052,0.0,0.04750521348992912,0.3237209519957706,lying
22,0.29641265546418505,0.2658621411716865,0.0287917254291582,0.026328311541464276,0.11617754916033646,0.17931526954819194,0.1404263489577514,0.36959260754861306,standing
18,0.49284007974618704,0.23557481162383404,0.26408265075975906,0.05699526296231534,0.0,0.41296798001449514,0.08412841439998021,0.2681302227242599,standing
30,0.05829400116318291,0.1893114685910978,0.0,0.08180954817414851,0.0,0.0,0.04062795541499366,0.24798133729493746,lying
23,0.016589424111281587,0.05771371846962214,0.0,0.03949323047274539,0.0,0.248937152883348,0.0,0.31052599522180513,lying
30,1.3384501182528297,0.7123003271725878,0.7638146283637306,0.6233447499118423,1.4928075569038541,1.2426996161855883,0.5864509517258808,0.521198086257274,walking
37,0.3120890824036449,0.3669845251243583,0.05595493551303346,0.05893998628312832,0.08133398142062562,0.517453915524215,0.12146803691830707,0.18614090876341274,standing
3,1.1502303521109707,0.7482419567666319,1.1690857642734747,0.40986541283747163,1.9821255200992125,1.2951518169360603,0.7090905800712842,0.5540417746856727,walking
23,0.0,0.06624183719590826,0.0,0.018160315894016447,0.0,0.0,0.0,0.2248864099469203,lying
5,0.29774265276136225,0.22084090128070483,0.2749567629744349,0.041801093812713644,0.0,0.33424412835260425,0.20818519383495704,0.19861277997452081,standing
29,0.3209896327123464,0.04760603097733963,0.04977111624100046,0.07119487793388003,0.05455365316120819,0.2760454267989182,0.26362493398127573,0.2573425135116701,standing
15,0.3020767726722383,0.09138384004055462,0.11767983795560631,0.09418279431324274,0.21011619601701528,0.33546154809038137,0.1707940625931219,0.3431743462601501,standing
1,1.0615646548078752,0.6754234563890876,0.5847133707934228,0.4298006296443091,1.3321517083598853,1.2830682722244755,0.6629969593006886,0.38229178606237635,walking
37,0.2133912819181478,0.15372806708537792,0.15189711977881193,0.09952072284960173,0.0,0.39161963591158777,0.1014477659291541,0.1641185759238627,sitting
17,0.5076327994737533,0.22864028324134678,0.10659509257226336,0.03595602210992325,0.31930053389070956,0.49809214888964926,0.10149680987106267,0.30484059999715957,standing
19,0.058264445460636485,0.1008284971512608,0.09998793932311809,0.0,0.12082782143627269,0.0,0.0,0.270620329230472,lying
8,0.3271374895237802,0.11406014841637135,0.07695540129561589,0.029666517414488173,0.11403945808875413,0.26490973233889387,0.030821450472587816,0.33931934913376327,sitting
8,1.8405005225445532,0.8160338592348928,1.0525320444086013,0.7177406044589444,2.3725649568790614,1.232217791519163,0.7755722111728788,0.6727901941835509,stairs
5,0.16937668007886497,0.1656624359298305,0.1758560562603408,0.0,0.0,0.25700861570000494,0.015363349887829988,0.1780726646964697,sitting
36,0.3539823248443613,0.16434634190578107,0.12108668021971916,0.2298771365792282,0.12247081641527842,0.22279626713460587,0.05725460375060068,0.2826149612484885,standing
23,1.2411068017026012,0.7424522604176156,0.867110708913009,0.44238123328426465,1.7790678195887657,1.171620711040315,0.5550678310604741,0.4344889937507676,walking
25,0.06489566488745235,0.08656003417518843,0.09611390017549662,0.09481687133873928,0.04204856690512918,0.017120965952494238,0.0,0.18429393107640984,lying
22,0.1908287159641196,0.14040157792571556,0.0,0.23908581662952283,0.14965480632512987,0.3852186405757993,0.1711506864430151,0.42541400548774755,standing
35,1.4019688414254943,0.8049385414091846,0.9132315359673658,0.6808758972529046,2.3469844757000797,1.29374059583911,0.8216251806187553,0.5605254502001897,stairs
21,0.2662675722732878,0.22543709130721976,0.03853480791470032,0.07353533372495125,0.17515163350792684,0.13472812916831423,0.062260813865543975,0.17512513082059084,sitting
14,0.12175568278946625,0.0,0.08369243122962232,0.0,0.09379738997345666,0.17236550541635876,0.0,0.21193439234231512,lying
40,1.6991050351324435,0.8798565567525349,0.9168224676414805,0.6125166208227794,2.372123370980773,1.5976491053026842,0.838799270837233,0.5795292914554637,stairs
3,1.7926720678684946,0.8439036877901401,1.2109715537652497,0.5145689380507215,2.347948215947742,1.5700371169313347,0.8169646229680115,0.6045562836584533,stairs
37,0.0043972937736254936,0.04927015580900565,0.05698413680947772,0.0,0.17367495230242203,0.2694358229092813,0.1700777957591712,0.27976345176479467,sitting
28,0.0,0.02760692137611913,0.03793330876784807,0.11225776241373181,0.0,0.07685258403553619,0.040354991345358096,0.3664150123025618,sitting
37,0.13234323416365068,0.05047903194386022,0.0,0.025443364426601937,0.042349406506603196,0.2504966477369119,0.2518240901622608,0.32435530545439123,sitting
36,0.2513261125648418,0.24932827354066195,0.12619153390727256,0.21620255533176236,0.0,0.31519685280067344,0.3049585537305589,0.3181337102456579,standing
24,0.2930221736471615,0.0432997761327549,0.12937204711473052,0.053316573825147644,0.0,0.29261585552329555,0.10200169883232871,0.2132266120984555,sitting
20,0.9802828729638262,0.7656005381373798,0.5946324200316997,0.5210081927103501,1.5888939619907583,1.2068742047367145,0.6723474011061445,0.5164511936056597,walking
3,1.2968644741060624,0.8262131918564003,0.6801317821646466,0.5214575558757586,1.6327737713590031,1.1207598142934192,0.6060460193499362,0.4351514216644981,walking
13,1.6842489275803503,0.9478809362502413,1.0716604939877603,0.7236890025966174,2.221982501178425,1.5207004337093235,0.7809221147612513,0.5191177905363786,stairs
23,0.3321816201516281,0.0,0.0,0.12529167710022882,0.0,0.4165422039124194,0.10962162427110489,0.234472182503482,standing
19,0.060288508682665484,0.052348071557083924,0.04586066692687459,0.08121290310318385,0.0,0.23450975481069355,0.12875592135049252,0.22603038000261816,sitting
9,0.06577930510045629,0.0,0.0052404580360063055,0.016697557736734658,0.0,0.15597720333812776,0.0,0.14169837799654475,lying
29,1.4454882979633275,0.6416147291961377,1.1094997970135505,0.6908452036688343,2.07044301641023,1.2239711153074773,0.8117568329793868,0.6561241881000441,stairs
2,0.2350423915779951,0.1598433463261803,0.0,0.033019310759878295,0.2501946672772908,0.03739073833344264,0.0,0.27543748985015676,sitting
8,0.031041808560945044,0.01707834549741826,0.08928263464757982,0.05255559970743111,0.0,0.04120676231097573,0.027812534754769518,0.3164155616278063,lying
3,0.25692343958036734,0.0,0.056811231642191144,0.09483483868837278,0.0,0.0911576033030446,0.2637289971903803,0.17795997898177085,sitting
19,0.994234467815706,0.6281068819995057,0.6682011563307537,0.44545948065892943,1.5827873367297098,1.0820857136197541,0.6664396786523481,0.5394914617081796,walking
27,1.1431607020471533,0.7284856480345183,1.0360575071637383,0.3791657960528212,1.639010888275673,1.3221143631250365,0.5197390203037274,0.49960313168701953,walking
12,2.0666169927287483,0.9502635755420694,1.3207076902923496,0.7492162001469148,2.3557145694157247,1.4832862625281695,0.8627452714106204,0.6209023173056536,stairs
32,1.0732055696085263,0.8357424984123634,0.8107534300603985,0.6683640752372156,2.0718925530493655,1.489775955860877,0.8531606020824168,0.6258837547405438,stairs
13,0.2309550339590139,0.10325654626264555,0.12758120876022036,0.0,0.10508949219633307,0.4279422203479172,0.07754928225732022,0.3888779635492555,standing
10,1.51441557039465,0.680734765987657,1.0051929064460565,0.6418242548003094,1.499525327972031,1.3204856914670975,0.5866469094606118,0.5672399108841178,walking
5,0.03309219169356137,0.29105653442980894,0.18768495450509282,0.0,0.2589920386216457,0.34165239394776803,0.15152921851565126,0.17971110196698725,sitting
31,1.3765479261727522,0.7783157881544067,0.9430130674650736,0.38507967647508495,1.5724384231333774,1.0774492644169822,0.7791907982364865,0.5734301719799769,walking
18,0.30525801810086395,0.15031163388895127,0.07348300671019878,0.011682093428636485,0.33649089983799935,0.34390089218068176,0.15416482060208783,0.32807927001807113,standing
27,1.3381268489010771,0.5506365900272165,0.7562866029957722,0.5266183461564421,1.722978412732842,1.0777047461789506,0.4759607516275677,0.5515587527188194,walking
39,1.8507346136004836,0.8284633720457271,1.1285365619381205,0.6988679882751768,2.2518762063946376,1.3884317388018048,0.7774719127008962,0.5895648959976232,stairs
14,0.2414658847496209,0.0867489400770118,0.0,0.0943385036271801,0.12371446847966733,0.30702307531313777,0.0905635878520757,0.25594983174248936,sitting
23,0.0439167354211346,0.0004037691547646091,0.0385925755946905,0.03464908642618533,0.0,0.2593357815237519,0.0,0.23238937283202812,lying
7,1.1785766386650147,0.7464032039071989,0.9583060656869581,0.4645281837278508,1.915451644928381,1.0147314536567191,0.5833191629724449,0.48630722443873364,walking
14,0.06712463070753721,0.06277249776060347,0.0035212926894404376,0.0,0.010998998355674548,0.12398573355793821,0.0,0.28975548916069627,lying
26,0.1813437025166215,0.13608215117856898,0.003361334452594747,0.07649473198130288,0.41465229162521183,0.243117015750317,0.12364385046638982,0.2310597735392563,sitting
36,0.07553162860672843,0.26296102170053803,0.15708611627705163,0.0,0.0,0.2609582643119852,0.0,0.25987234456555236,sitting
4,0.25532148550804623,0.09522885499324799,0.16432396152048862,0.0,0.0,0.30103389566376315,0.0,0.23758784648042347,standing
40,1.337576256756076,0.764579702674391,0.31287995653802825,0.42477821616520034,1.4775819939024535,1.1040083841897042,0.6331835447275838,0.6505397949206887,walking
38,1.372442401239511,0.5785728752828141,0.7527721298475715,0.24975252978192816,1.8070260226163404,1.0608336269566063,0.6571361246211899,0.5601790852277061,walking
37,1.3936499877579949,0.8563351160349992,1.0065899844176445,0.6399892686774644,2.482896909765083,1.5290663194781053,0.9127981009791615,0.7039419453912504,stairs
7,0.07049594545064168,0.17763803086635968,0.21144877214299368,0.05333142471291573,0.0,0.3174216817283863,0.028148055041113382,0.29847628129710735,sitting
38,0.2329509393008644,0.23956374469102013,0.2480330820693973,0.09969183874164453,0.0,0.4942234299308216,0.12696829938692725,0.2392372734940639,standing
22,0.372842124039226,0.18728030832254122,0.12471555479698454,0.02654287031113342,0.026672514115708104,0.0,0.15740306167940493,0.2590367057889679,standing
23,1.4438880992401306,0.8292467479493205,1.3584426547246409,0.694123514394502,2.235029502464554,1.2898652098638295,0.9156781004346206,0.5445903572569344,stairs
29,0.09552170816330104,0.0,0.008093786722208826,0.0,0.008281673728833462,0.12300864368512537,0.1238046333770933,0.3622472027499354,sitting
8,1.5613569498007565,0.9791635625866976,1.0949395355804235,0.626452025840871,2.246479890806033,1.3559066810434781,0.8584174022568011,0.50044514786956,stairs
28,1.492535603959275,0.7171841619111946,0.715960329196749,0.38874437256797034,1.25401045503266,1.3222782148760015,0.5220084763950398,0.5728639412917466,walking
22,1.3560608441478437,0.9032276865061579,0.7865030804351834,0.8239961132755218,2.2009623449797235,1.2663974197667913,0.9304228720357318,0.5321631198749603,stairs
30,0.10846170805276548,0.05781149719971236,0.06541584000519951,0.0,0.0,0.25151776804007786,0.011037995213292216,0.31506854718210386,lying
30,1.8829652044362626,0.9457470935738735,1.0392678595817504,0.5665209599044716,2.3748101143676728,1.3401692559472693,0.7681744454563942,0.6366210661170202,stairs
15,0.13232140110398374,0.1902862552673902,0.047163177512094936,0.03892124154242077,0.19310520722725694,0.15290407742092674,0.08511908747552069,0.3220329880386992,standing
8,1.3396252577522023,0.9625859676155941,1.1803533449815693,0.702533462640391,2.2875048166150473,1.4511489525230654,0.7434645867275589,0.5714692208913039,stairs
31,1.1646167460504386,0.7099574984465146,0.622426466381203,0.5070596608542095,1.6356619268048838,1.2691958664508567,0.629984266739173,0.4640007381715505,walking
36,0.48757168988654,0.24898318227474422,0.07226666242835833,0.1280203134338322,0.0,0.26678921780941367,0.25735232562865085,0.2813059766492439,standing
13,0.13770072008449577,0.2383752834274481,0.04129240150833206,0.020986562304759884,0.1221226487618767,0.169282651836697,0.1847422887107858,0.2950077200402082,sitting
17,0.39105854426032677,0.15829006782904317,0.10208702420056115,0.04528903695894667,0.24336234334443516,0.08633630824169719,0.061651666529909485,0.4190320129190142,standing
33,1.5991855750799269,1.0488939291562116,0.993212829307882,0.730596951693357,2.3080159401247267,1.6290959714914865,0.8873536009616709,0.5552958780651164,stairs
7,1.6872224901429518,0.9591013960914161,1.0454968878224036,0.7510915847055775,2.3958827838842076,1.3089736734208073,0.741284232202261,0.5679440537364543,stairs
14,1.9856179312034732,0.9298558105869787,1.1228425659990495,0.7007693369410686,2.1781787864406477,1.3601792780940807,0.906676314167286,0.7116580551793062,stairs
9,0.12873866373085766,0.19437508023089314,0.0,0.031471700657917066,0.0,0.23829761819607725,0.04704011537134059,0.2444101120674042,sitting
13,1.623985826553709,0.8693694399351206,1.2943577853783794,0.6948418828585164,2.3474272301021513,1.6291975209693028,0.8127344393113726,0.6788512837473648,stairs
18,0.1044151521788649,0.0,0.06280150504223526,0.01014862000019612,0.0,0.06368644231039898,0.0,0.2607949450497946,lying
6,0.0918824228650561,0.13780870878863688,0.07541834826879976,0.021799181865074034,0.1209902098477901,0.402058742729271,0.07270538699440696,0.42897600513230943,standing
4,1.716072512627038,0.9381150801582501,1.2367313921803036,0.5851644242509528,2.4457982017060154,1.6409319026314404,0.7758647768864845,0.5349800253538881,stairs
7,1.2700703394693509,0.801503717521646,0.7452956076726075,0.5944111189181589,1.6168002075495456,1.1217923902901643,0.5977837138862936,0.6587436563363113,walking
35,0.4268044233526759,0.24988269830182724,0.10655523736388159,0.21690641833524565,0.07919393590044153,0.3576144913593766,0.033670441149631455,0.30837832646748636,standing
13,1.6694974056194143,1.0172907947026852,0.6130924895635954,0.7693387140356781,2.098968442825628,1.2735092077445191,0.7658122128831999,0.609610096798028,stairs
1,0.13772765079168203,0.0,0.008021383025826119,0.03162957804526058,0.12653187543135402,0.08632137619456151,0.11012324570755211,0.34088980117188045,lying
27,1.076323760193492,0.9024282478608515,1.0831997412230152,0.6310919117957059,2.1854544041571624,0.9650382295283544,0.8870407505044713,0.7316240909648445,stairs
26,0.0,0.0,0.0034898085811313484,0.0,0.41582980732685715,0.005140543771265216,0.01501466360895419,0.32235693080213773,lying
10,0.07646365031310613,0.10034764895250732,0.08951462635413374,0.0,0.0,0.05528872855179884,0.0,0.21604870882858887,lying
35,1.268151150762738,0.7865153806387897,1.4590321995593827,0.7417401584329251,2.3485600844500056,1.4938643212492915,0.6993667341902007,0.5717834006892372,stairs
5,0.0856918305978085,0.0,0.07283356733665616,0.0,0.0,0.0,0.08504984402042312,0.20658325378634843,lying
8,1.2428096529100525,0.4390874437112242,0.8696980046626367,0.46903863099410453,1.431592257892647,1.0666502467068586,0.5980230623535242,0.6452826509120282,walking
20,1.1948164044103002,0.6942474665197758,0.6107464232647184,0.5326305386106842,1.6615387792844263,1.2247277945740036,0.6891104062501024,0.5014931846646683,walking
16,1.0498212980132022,0.7549742497706414,0.6249915383308489,0.45661071257782193,1.547521091708027,1.0459433800179898,0.5846216814261644,0.5783091525860274,walking
40,1.742242747478216,0.8734945500358662,0.6191590618520648,0.7275107363582619,2.446426689933194,1.3328033498085894,0.8784979433797261,0.5823611019006509,stairs
19,0.06802636626409593,0.0,0.0,0.0,0.07081333062083547,0.4510012809346665,0.0,0.3320140321235119,lying
5,0.18092008442555602,0.18862654789860359,0.16055940931262475,0.0,0.30764691426152346,0.19390272487718183,0.0,0.25848695808405137,sitting
3,1.7582476156930542,0.8738950721636226,1.3900057718196916,0.567380113887457,2.188631359262562,1.2997239850616233,0.8359754273431587,0.6744101016958695,stairs
33,0.34188247447130726,0.15002544410814955,0.06684020803161889,0.0,0.07964557754798542,0.5232896309382961,0.02385665325437325,0.2854741705257142,standing
21,1.979544302905419,0.8488919996351735,1.0347043592819967,0.771516604260646,2.4003477104325865,1.4908966278880718,0.7533965606630143,0.5815435807498818,stairs
7,0.07066090466807079,0.13757416219144336,0.06406106516334573,0.17591414065129332,0.0,0.0,0.0,0.3178447305198163,lying
24,0.023927145977349212,0.09541332035727053,0.1079526755241558,0.11982204237638944,0.0,0.04536316653781802,0.031807742036319656,0.3173535233531554,lying
14,0.21117407739332994,0.0,0.05915934783789227,0.1961132847623408,0.12907642807109593,0.33314684984938464,0.1525058124250359,0.3045727769179689,sitting
24,0.12939935778996503,0.0,0.16370474321251988,0.10243134898095865,0.15659379777359056,0.2739850715669921,0.1351929166357596,0.35097169116064747,sitting
14,0.11059123911183696,0.028212577681636274,0.0,0.06775711696126442,0.0,0.17104461156206435,0.0,0.34476985630509616,lying
17,1.7867751944132515,0.8870530052117809,1.3111124595844927,0.5681050910637102,2.2580266131170514,1.4640556174164305,0.7719450818379074,0.6672622314733576,stairs
1,0.30109038395805426,0.07784513464628853,0.08039705094082761,0.009073904333106318,0.3142718333633021,0.07491343272030543,0.07104641010114912,0.19047946629690354,lying
27,0.235092287164896,0.24018568616487412,0.006541932312433316,0.13378297366250044,0.038065444288152436,0.30253787856305187,0.17899258047313665,0.26086579590590875,sitting
12,0.33108259632269166,0.2395036065841343,0.14184618294574877,0.13127147786686144,0.2521589588749354,0.30306805858877645,0.10043021735735069,0.40541273881396883,sitting
35,0.33896496554345096,0.17646624167463923,0.004292176005066428,0.00882368261106102,0.13878805098734623,0.40204344164299255,0.2002261026284377,0.3159883442320734,standing
29,0.20871678647453534,0.06826737087157536,0.04433130383150826,0.013504186909257919,0.0,0.0,0.02213762464400312,0.35685192909804087,lying
28,0.274068821895502,0.09987932133408711,0.11769837692692306,0.02409968924479118,0.31460187396635503,0.37264395944550094,0.0,0.1737041482541215,sitting
32,1.2963636297627534,0.6445918064365319,0.7797944742929215,0.5860342741386156,1.3516672207795282,1.4490752603090173,0.6668230516480552,0.627403440626016,walking
1,1.5557817339642115,0.9369187609973009,1.039810313654116,0.645374657186407,2.162084117256015,1.4548135593314002,0.7849346682232158,0.4910134350199532,stairs
23,0.03500852097283505,0.10980439313980014,0.15340645835101563,0.0,0.15945089047827085,0.0,0.10304151064704245,0.33673875195153424,lying
33,0.11672107388296336,0.1169204976675593,0.13388653811945256,0.023208673812382955,0.14712309048240937,0.06157710637358543,0.0,0.34341736808958334,sitting
12,0.08471972151085834,0.0,0.13139086306172132,0.07611335939372542,0.08635740689700411,0.12735488259414632,0.0,0.2912435248349691,sitting
11,0.1627468919607171,0.19737619638000853,0.16701196584749728,0.10499687762209578,0.4195424518352887,0.639405349750408,0.21837983057864643,0.38490838852890624,standing
13,1.498912048916641,0.7386213336156281,0.6983697138939551,0.2802568766721267,1.6118587965327962,1.3014662606531981,0.6464490519764786,0.4812757793417998,walking
22,0.036233339761775084,0.03848646654974773,0.0,0.0,0.23948156528556747,0.01704211934027948,0.0,0.2402503237966601,lying
40,0.06264134975117452,0.12445815306677199,0.16323875192184942,0.0,0.0,0.19467512388077216,0.0,0.17047883399607894,lying
36,0.19541786852809653,0.11343809297657911,0.16051538806854404,0.05035143053479551,0.0,0.07606724190486558,0.06953844500066961,0.272730706547677,sitting
23,1.6514581933663943,0.8616662862842717,1.0700594857954404,0.4815369191211488,1.5808023686775161,1.2665910577921868,0.6777382892054878,0.49319025369086283,walking
37,1.2292172618536998,0.8952195670392725,0.882725654662236,0.6487009499917124,2.184596992142899,1.5106287856677472,0.8527213231051195,0.6951859845349371,stairs
34,0.23352714458857232,0.0,0.07285141890441924,0.0,0.0,0.0,0.012882474572581556,0.25484046060012217,lying
31,1.3079008581747398,0.8690859192447843,0.8035407620052898,0.4635452528394613,1.6273923887474897,1.0362596221956486,0.616869985287808,0.3685217067521494,walking
3,1.140802243223972,0.7809651256241891,0.893752508135687,0.6237557846695481,1.78192720038419,1.2521528982129084,0.6290746766677676,0.4491078277060423,walking
19,1.6945084282273615,0.7263408571683653,0.9538281749131021,0.6764097456008746,2.142726159890785,1.3255017328225398,0.8803425145809988,0.5905867795467077,stairs
31,1.6102354880046517,0.9699174316227804,1.226264724015498,0.6436413883146,2.2705865385191797,1.598446486898449,0.7414936723769814,0.6093751308597855,stairs
7,0.4457205399548311,0.10791540987229842,0.10256543096056728,0.0,0.1320560388506804,0.4539703509535643,0.09523009863592671,0.41317978185882237,standing
4,1.3347490617931703,0.7145961320114051,0.6071613222351568,0.5521787070211891,1.6097757603218985,1.189735855563013,0.6206528424430855,0.4452378632046051,walking
16,0.17712459037094505,0.21820852889879636,0.17409450053358855,0.0,0.09423612384680398,0.5211435786983417,0.0723441552021351,0.40389965174292,standing
8,0.1149757018120233,0.12763769172621162,0.0669349498291967,0.08613615138252001,0.0,0.1626929585076311,0.0272584459340761,0.2615454790369908,lying
22,0.08812834353319118,0.036412284951711574,0.04807398643728932,0.0,0.34309469101057866,0.0,0.021202780135914562,0.3226553468485017,lying
11,1.7183974476231607,0.9743687381645249,1.4783342432132618,0.6497368290345684,2.4640961994837824,1.3478225085461915,0.9528572569790877,0.5769791027616252,stairs
22,0.415050074703039,0.07612645400559462,0.1827833320649697,0.04427897996978404,0.08238704536586247,0.5279357285696152,0.19193761509269064,0.30424135316870937,standing
8,0.03395596315034616,0.01937564186719696,0.055763018622422084,0.08959145347149094,0.0,0.1718921252872517,0.02302816580085644,0.2078717707865369,lying
39,1.0463852312604587,0.644328392734971,1.1037198084392954,0.4547477212170387,1.4683019887881799,1.0130355053268558,0.7314207563733456,0.5524777984845223,walking
25,0.16249838997656108,0.10242698176703116,0.09539210640938538,0.15836322007900094,0.0,0.0,0.14870025540884318,0.3018911708007967,sitting
40,1.7222536956320427,0.9202111527918325,0.7631186615433619,0.6506039392761902,2.2515808259918897,1.4097279284139836,0.7989565931035356,0.683629804393732,stairs
11,1.644744512534998,0.9626323208007823,0.9182773101396164,0.6929235334686106,2.573463359595269,1.3682252117760765,0.6897754550314253,0.5724619111472429,stairs
4,1.3726448697599654,0.9331573132043111,1.1587345107751714,0.6517765896734758,2.5733766319038844,1.3435909508912252,0.8569806080013199,0.5906096629395108,stairs
14,0.8632162215101448,0.7758066666766468,0.9696943007178408,0.27870347075046764,1.800253682795881,1.317617317693747,0.6376721973020595,0.5156120615837215,walking
14,0.130170766128496,0.17131041534059643,0.02349530397126242,0.0,0.0,0.214376324144589,0.07348386435488567,0.3725922669148942,sitting
9,1.5860623163728982,0.9227691115480645,1.2133372512349159,0.7688256957318119,2.494677777506402,1.5797939935626724,0.5722459333365817,0.5780155221118786,stairs
6,0.059957042399504154,0.19973786115139588,0.12206236687539543,0.07610669073769825,0.3848454205385049,0.0,0.059298677295351016,0.24090412984415888,lying
1,1.2571878555925082,0.6977502700054393,0.8242760969003541,0.5045179446264366,1.7335128456431343,1.1418213746330736,0.6685430963572133,0.5251709679815175,walking
32,0.006080002983787802,0.08107520009049583,0.05807317669948983,0.005890615438959253,0.3945124222853523,0.23488097982421294,0.09845297416920623,0.34285911533873203,lying
30,0.20067661861534955,0.12783493934653634,0.22357400019367696,0.0,0.0,0.1478509626762669,0.08053893320138278,0.247756529379603,sitting
24,1.1845885078012333,0.7372601905782598,0.7318580118757231,0.5041103794078267,1.7936799233603975,1.275569328798218,0.4865320350818819,0.5510301148493341,walking
5,1.2070910323871142,0.8992962005329259,0.6421371243817695,0.5723770762249138,1.8675436610472884,1.142811541672058,0.6804354055021185,0.47757801405273353,walking
14,0.36433251801616107,0.23754349490446264,0.15308760794323142,0.0003954785391928478,0.1547420417821852,0.1723929497931485,0.12683095104620307,0.3029385135139914,standing
5,0.1200941349766037,0.0,0.11372515503321562,0.324017473004512,0.04801866310908208,0.16498331004382727,0.0,0.20760715651218145,lying
8,1.4218262546096436,0.7493453294282467,0.6844802459995208,0.4493648784287542,1.6591907137488193,1.202606531645013,0.47487147979448296,0.41948157043394496,walking
7,0.2392038755224794,0.3540159039216998,0.13569836765026883,0.10809396961529959,0.1567157635038091,0.003057883579459436,0.04794926148408423,0.44801817623717943,sitting
17,1.2825126660934505,0.7797432681195402,0.7519258491767182,0.5099863714758822,1.4489579213674557,1.123243072234028,0.5095527067020329,0.6357427441374237,walking
26,0.3364625831357907,0.21030768891948584,0.11792171778979729,0.06919558971366357,0.3185490013840947,0.53841530505738,0.24105818152698652,0.19918686301549773,standing
25,1.5512738067763676,0.9535783299360494,1.1307980007395175,0.6005533642884427,2.1827814356573985,1.605484882783056,0.8936348883380294,0.7047083938698735,stairs
6,0.09798394333606017,0.0,0.14947235845786155,0.08715435070657307,0.22759898593320885,0.01895251447298242,0.07577596370857512,0.38280511703867637,lying
26,1.2538654296538487,0.8507919573536978,1.2936629323636202,0.5406940794068641,2.0244469222001444,1.2849474367800071,0.7522319560230605,0.5609355008103813,stairs
26,0.3767516206388923,0.16641850457835222,0.09486494835425367,0.29026951509425997,0.42707198624396514,0.6610328476682378,0.1373786861326257,0.42094950683671983,standing
28,1.7657498056453895,0.8614703248879919,1.11124157246798,0.6762147210752578,2.236005855314459,1.6243970178470915,0.8847378886562645,0.7055802290564551,stairs
5,1.104781680179797,0.7990063203603914,0.7636595928922066,0.4522781102886968,1.3356778494817727,0.9696265715518511,0.5842822424340895,0.5469180627818883,walking
13,1.7918001647960855,0.7808586242518645,1.2202038392830459,0.7071103568873619,2.386409820180318,1.3741701714830603,0.8602488637434158,0.5482622051762547,stairs
5,0.47908454295618574,0.31498168145225863,0.05780734781462726,0.0,0.0066623201585152975,0.6033280461857544,0.21179439928898863,0.3563288734905949,standing
30,1.6245557316772739,0.8699431342813796,0.8994911779747281,0.6488752673662982,2.212007556792048,1.786327445352538,0.8087949729937932,0.6070692191152053,stairs
16,2.001300534608432,0.8765193078488206,1.172202644408915,0.6405817875925757,1.991262381058256,1.5599425427150901,0.7795498372199665,0.6367829798024743,stairs
12,0.14597444483511512,0.15607476545991117,0.03839037391638363,0.10033645170741476,0.0,0.08308942109261092,0.1142681720508758,0.2640734753989812,sitting
28,1.3032695207492937,0.5563451906748916,0.7637691026341067,0.5495292687902906,1.9730473335267804,1.1763917752519035,0.5285449782783207,0.50836175707956,walking
20,0.0,0.07013638930051525,0.07310776187329657,0.05002670972288046,0.2142915884732365,0.04737626256517353,0.0,0.3468210424638465,lying
22,0.15490192802663572,0.20556703218441294,0.1645415641782289,0.11162541925100102,0.1677208290653718,0.22768800849660126,0.0,0.27238095142738067,sitting
38,1.376103587429487,0.7257750451317897,0.8912665112951428,0.5877320172823741,1.6406773458324901,1.1886021086018714,0.830040576218561,0.4718248007940662,walking
21,1.4899499351167482,0.8472833700691971,0.9304765469328078,0.48023044780662344,1.753097062766876,1.285319734256222,0.5821797733018237,0.4892508315545917,walking
9,0.5050899383548569,0.0,0.2872764704614501,0.1842646902821328,0.0,0.3898136396908666,0.2503289813271482,0.27150729220101505,standing
15,0.1475570734065027,0.0,0.0,0.08379984788824643,0.18020683197523887,0.0,0.09959322058059752,0.22757400542398576,lying
5,1.483437630523745,0.7621972123359706,0.6879791562093356,0.3614304740272991,1.7545902990546047,1.2735539937168827,0.7168134356377178,0.5879541913010061,walking
40,0.24699812031120777,0.19200007259982246,0.07891080235778303,0.0,0.5217947884191956,0.4575098782661878,0.0770137099210969,0.2791924094134165,sitting
23,0.11455535190605845,0.1042107955572479,0.004255900637367416,0.15323562486017483,0.0,0.14977657629779492,0.01690071482192665,0.3578248330653724,lying
22,1.133980777435939,0.7757149292875529,0.6824370499373162,0.5575341670972467,1.5906488809882138,1.2808131905741842,0.6031955575544233,0.5278201239205059,walking
34,1.6343567055320192,1.0534191366957526,1.3527948049904273,0.7589115694823363,2.0812914760778924,1.6328942178188957,0.7280756444438086,0.7383869035553929,stairs
33,0.13740301175228667,0.09943668108489036,0.06187806696241448,0.02163726228634636,0.18816415157846095,0.0870266603714426,0.0,0.2966526619739109,sitting
39,0.29179636666932596,0.11143066396475143,0.22843247991148202,0.022469932245510298,0.06308900395285318,0.47780277623220574,0.13497315660319723,0.26379736149829774,standing
10,0.15779118371408063,0.05719860647415094,0.12487158947867436,0.13951556194103387,0.06481724338193096,0.004539737491091045,0.0,0.2009681410784976,sitting
13,0.031044986796647037,0.07342900197477475,0.1515387888704509,0.0,0.08307905531060433,0.39117353186714554,0.0,0.3020272305146221,lying
30,0.07822003779400166,0.04445570930951504,0.0,0.008154006027450773,0.0,0.0,0.014736203470229498,0.3391239776285233,lying
27,0.29060451478128735,0.08647203428069644,0.13120029774277508,0.049874621035126895,0.0,0.3694267910758585,0.08919877661075037,0.33131346689886376,standing
26,0.21638026273110067,0.0,0.11950049565699292,0.0007619041543220698,0.0980511635012486,0.14380040462838373,0.0,0.2292923235335584,lying
22,0.37221091033365816,0.12053869160114601,0.09581833322219654,0.1120300290223657,0.039028340683236025,0.34136796812624864,0.014118342669774422,0.20985723939149042,standing
9,1.009098192548323,0.7098949209889827,0.9014112047611259,0.334313321819808,1.667084195812387,1.4996047007903175,0.5327118100459729,0.4899579027590321,walking
23,0.2705149710763243,0.0,0.006950220514270883,0.0,0.0,0.24994245595690315,0.05909082863133551,0.1986808411533495,sitting
2,0.059024237279564525,0.07119089377535628,0.08597877962666767,0.0,0.029393664147844636,0.0,0.023225295428528824,0.32829460997443516,lying
27,0.2980133896167317,0.18522608746921077,0.1503941026897177,0.12358193830310638,0.18200804566454226,0.5507606599451131,0.1471569862533764,0.27021772330780613,standing
8,1.1040120712533927,0.8676682598525185,0.869141339987147,0.4233486558020974,1.6404692654112407,1.3471147474375587,0.7159565282662461,0.4821690120937789,walking
28,0.384174115701415,0.16514107288093394,0.0,0.0,0.0,0.03206877933505656,0.0,0.2851107672419871,sitting
19,0.2416974563858317,0.054101783676731754,0.0,0.04757191202329282,0.056788735155990124,0.4987367224779131,0.16293873124414926,0.27353378148659147,sitting
35,1.5747277037178948,0.9392373889887521,1.1815769219160366,0.59111565265841,2.3209553211800675,1.6208893648818972,0.8785797702647528,0.6446079358374159,stairs
26,0.22228895387744074,0.24519156758543217,0.0,0.0,0.06456458697005699,0.2189011426454538,0.0,0.29062702225444376,lying
3,0.3097241345416665,0.02371073760836584,0.03701666747351036,0.03211876905963251,0.015748476205831585,0.345481151805464,0.12277966675735993,0.26452172344482333,sitting
13,1.622346047083531,0.9864547533679,1.1669078425586334,0.6428847104104672,2.429474360038762,1.3589543124705727,0.8736682775259871,0.5480220139265021,stairs
12,1.0974406549783913,0.6392592071766162,1.1024545949244784,0.35895423604733123,1.6332329450924339,1.1955439655049995,0.5720275199974599,0.658954942664893,walking
18,1.5983175289255676,0.7711244432356463,0.8435755583765461,0.44253802759652766,1.6128458731051671,1.1722027543482103,0.7548339739558815,0.5304876531649203,walking
17,0.4352399560383837,0.25953251151900375,0.11509544309208776,0.1879515087514047,0.0,0.5014790199146506,0.1415485614992716,0.2325015902883426,standing
32,0.11221294598666809,0.2067923129034782,0.14998199495260178,0.17461151825009286,0.10381969163694313,0.420259059175514,0.04973945829095826,0.18750929163895647,standing
18,0.08082022455575405,0.0885851160628264,0.09702791094616048,0.0021388457703925903,0.17673879563190703,0.17318868919185307,0.01235570409553563,0.3682936120722542,sitting
30,0.14100688649952942,0.1203649063256711,0.2976781442643176,0.12188501149895602,0.0,0.16974654040061013,0.18254540782932277,0.1865882736602816,standing
7,1.5151646525216693,0.7831906250751953,0.7983068511570108,0.5227026978970284,2.480774017203049,1.5260959382017338,0.888779827944544,0.5633784391926022,stairs
7,1.3548358844748476,0.9677997353004348,1.1204759115629002,0.7071951714598879,2.5818837518691318,1.6136034513843964,0.9783702647741495,0.710562117999717,stairs
24,1.0080456483207114,0.596594078816195,0.7995452312611193,0.38538504277725383,1.4362906520529934,1.0077482620136737,0.4326813846340044,0.5576860304159093,walking
18,1.7628357249210758,0.9213625050102587,1.2356417035224077,0.7762962520052701,2.3866204371332325,1.333536156101744,0.8413851102397376,0.6840680762954321,stairs
23,0.3784230527142659,0.3133248091869775,0.032898075296430615,0.0,0.3698797113515355,0.46187276574974323,0.15806939114838894,0.2633547908585453,standing
12,1.204037199397317,0.4614113674763949,0.6984346634679518,0.5256146508107016,1.6988339113431818,1.1593328024839133,0.6601667228181819,0.4991687215054611,walking
33,0.0,0.0,0.08545022791754137,0.07323150692685013,0.0,0.3615399126478639,0.0,0.32902255440939066,lying
29,0.4900297331293249,0.3115348446285998,0.10942836206060619,0.28778971913450463,0.11127841662327378,0.20936751750722724,0.11311913652505821,0.2859569876797164,standing
38,0.1063014987906051,0.21102663617882322,0.0765837419785681,0.07565489602895045,0.0,0.11026252988599897,0.18767212123727608,0.28540990960906953,sitting
18,0.31712139743250123,0.3014296359657219,0.06995078137589783,0.12486699750976872,0.12379615665810176,0.3121667546786905,0.1607907393966306,0.3756645259433514,standing
26,0.11158686515254801,0.012374466826833394,0.0,0.0,0.22685782468808802,0.1383827717409457,0.09096054487513494,0.295095693645715,lying
6,0.2589821493788621,0.0,0.1162557506549194,0.0,0.0,0.03121212886744279,0.15357632351589345,0.24521116196727233,sitting
32,0.2439200972118476,0.11667042859524988,0.08644659583677422,0.0,0.22364978651159456,0.4091906633125231,0.2550650954767346,0.2458524398403585,standing
39,0.15913306119425197,0.011350284094222146,0.0,0.026306462340343364,0.07799375963503352,0.1664324616059688,0.09375722701748496,0.4090517514192623,lying
40,1.648242329928611,0.7843095474243185,1.1185892876294745,0.8076095010437774,2.2557710502308628,1.6972412294396138,0.8561244508843474,0.6124236497286094,stairs
11,0.3138272604484544,0.3122106239994703,0.007442782287665012,0.1620981721097599,0.46044824820683516,0.2892983761523742,0.2245990495621017,0.33628979950943,standing
8,0.12978577119635418,0.254196392203747,0.13683499266235927,0.06422863767714787,0.0,0.4065609018697661,0.1014058509884295,0.21853752515381972,sitting
14,0.16676017497602866,0.0,0.003456192372166697,0.15364573121104075,0.0,0.40219198557163816,0.19690234670266293,0.4021034202781191,standing
1,1.4663645573960278,0.6373572058130191,0.9526267663649226,0.5429608667071866,1.6982026744455627,1.06751607091028,0.6623642704082712,0.6203439399346768,walking
30,1.7100560804235327,0.8198228258308022,0.8851085301571691,0.8151377134957245,2.1670140039537986,1.6680452320428456,0.7928397380274966,0.6691288267894896,stairs
33,1.5659455449360415,0.7433211381764849,1.3216621177195689,0.7457797212103905,2.023623203232827,1.3074479388543447,0.9674198661157904,0.6122678975197182,stairs
39,1.515904587600314,0.9620473771755984,0.9094985064490255,0.7808466441135338,2.1376273689895253,1.4280042519624947,0.853366879454374,0.670392847382156,stairs
10,1.8120109859220337,0.8688369680959911,1.482666397265168,0.7493636244873286,2.2091362726038706,1.4909853878407864,0.7876118040650661,0.5834843079312739,stairs
14,0.20678343934819832,0.08539278859633237,0.1877012648812818,0.0,0.218414794444886,0.3706493118664256,0.10429770841875007,0.2557150969446587,sitting
15,0.2858335935060622,0.021981098296291315,0.0,0.18019403548216645,0.10252778581487185,0.15862430604993233,0.1392868868717531,0.14234220152270208,sitting
27,0.02249591313328305,0.16097634405262326,0.008953126066225742,0.16184548809138777,0.0,0.0,0.0,0.3172229986701598,lying
14,0.3066546516336241,0.25113494324357793,0.15826901125815485,0.03562018754924277,0.03661372844073314,0.3347200090524812,0.13140076998296463,0.29490053990557474,standing
3,1.546900917004135,0.9983824753030867,1.1346969921614873,0.6469705287426408,2.4335413392095835,1.3830749271159288,0.6653808598882309,0.6624841400114806,stairs
36,0.07179721387872841,0.18981780163357148,0.0,0.19370581813557078,0.0,0.06902715017280742,0.0,0.2772743983850467,lying
24,0.2067214659323983,0.13783422602492676,0.14843166882288178,0.07767271720362025,0.013588347550210406,0.5486285834582941,0.18760616441826883,0.3806527325230041,standing
23,0.8998298751727798,0.6788271994380967,0.645364377311284,0.39728591530136903,1.6228940433193988,1.1578582811432525,0.6802356416047391,0.48750267633589695,walking
28,0.2560335064919006,0.18392564348043877,0.0,0.18507941841738518,0.0,0.45812534138911254,0.0,0.26696031654460917,sitting
13,1.6080158775845264,0.9291448437453514,1.3413200226569113,0.6832485640298303,2.3652206051440094,1.3522366213330759,0.9121152941211136,0.5690239424122724,stairs
26,0.36086824967323733,0.08559742181998145,0.11244243949875793,0.2006576999126875,0.08695659089782817,0.3126109480955583,0.051379451970494885,0.38597483872535143,standing
35,0.2621273930712176,0.02983628547358841,0.1386116415635648,0.014941905305599239,0.1905598539109124,0.42079073205112805,0.0713015429354288,0.3115137940256963,standing
37,0.1869176644275389,0.0,0.06280204420994003,0.20689931101412717,0.0,0.16431576407607915,0.3563041047125154,0.36523497145229206,sitting
9,0.2941512504821374,0.113310358089661,0.26171614981426383,0.036000122012009264,0.0,0.2031442491499862,0.0,0.15914188134733567,standing
2,0.15798771870892944,0.04152953770433229,0.09662617088868448,0.050397896589119175,0.2935791524723035,0.24814363509869508,0.0,0.2545360730065884,sitting
36,1.6847823272929736,1.0211066623331357,1.1499340043670165,0.6692084429294963,2.05931297896371,1.144901636275956,0.8820761839648205,0.6819678759517854,stairs
29,0.2075010831076074,0.023902370424370573,0.10673828861913079,0.09786867815279324,0.03841418986953062,0.4271944066014556,0.1254952812879202,0.3137466933586208,sitting
24,0.9914005166030984,0.691941289506291,0.8994167293389123,0.32506039282659716,1.2167751060090337,1.2368314862819036,0.5796804510221728,0.6621738607491603,walking
38,0.5270690400741505,0.19357469308420222,0.0674903181824309,0.09155237623192403,0.08967958786327798,0.565006631371879,0.016654048501354324,0.3300322242307595,standing
10,0.4281474111925863,0.12668126578851882,0.00424869562730229,0.06453889464538654,0.0,0.19489399968520454,0.0,0.3594523773202682,standing
24,1.1527453450041825,1.0512154512821859,1.1426229469408111,0.6148406758730431,2.2139528998512548,1.3583290185322663,0.906790847877458,0.5439106720099873,stairs
19,1.9775348312393537,0.859947810936724,0.9544255985714013,0.7508610462410384,2.548202599019142,1.7189184928721148,0.8021360434735326,0.4327578375737539,stairs
22,1.0119780984180067,0.8154698098163482,0.47279249618027375,0.4438457042973669,1.7663931360320684,1.0975502059768907,0.6868225663877838,0.41751541238594203,walking
7,0.0,0.18864789980179553,0.0,0.13637848981462847,0.07935945692672976,0.20014793713613355,0.0,0.21650125426699157,lying
19,0.1064417233411707,0.19394874296933826,0.0,0.04695042725077697,0.12777379431286678,0.07131885775371091,0.012439007389055283,0.21322496855054546,lying
1,1.6179855039165971,0.7912425219826948,1.3090345558189842,0.7080008682989684,2.10400354027835,1.2697159075665096,0.7580751259700669,0.5208582134795633,stairs
35,1.2271901650989254,0.6803964950940327,0.7030503577732341,0.48220251092698607,1.5760171618534453,1.1259305623519267,0.5597469572547082,0.43770419797278215,walking
33,0.18332494173700908,0.09691309772449792,0.0,0.028962305022584123,0.0,0.2611239995249419,0.0,0.2465518253742371,sitting
27,1.3814656562845715,0.4813182645648119,0.5772152419505507,0.5983780373605068,1.6059309003841107,1.134435658594647,0.5954767970377515,0.6133135491975433,walking
23,0.16735282072325045,0.06715500830142226,0.02699602834920816,0.1964701864875761,0.36504437942518353,0.41128010196583153,0.04880545845568484,0.16759066129213307,lying
35,0.02631402673990823,0.178758151406851,0.04824310286890194,0.08640550980409696,0.06817054237818307,0.16129619352482233,0.0,0.2607587616202,lying
34,1.7410756858525331,0.7921151668295157,0.9742347111093915,0.6453717996884789,2.399044234269189,1.3996378290019638,0.9452564949878103,0.5315216832057069,stairs
34,0.26324517908619327,0.20373309085076963,0.023807300498394954,0.051315324120097434,0.0,0.37473571672135,0.09572456070133699,0.27735505696258633,sitting
32,1.6237316474710175,0.823342386069948,1.1814984935172517,0.45737938084470975,2.2194806058746255,1.5686955490910999,0.8591201948859953,0.629141723099133,stairs
14,1.154151788657768,0.7338079571943766,0.8506509902882284,0.3582028377943686,1.6568190161860024,1.3462143959022999,0.5934912351297863,0.5586653181398828,walking
7,1.6406155694901916,0.6545073925558303,0.3609907986314414,0.5880604607465078,1.5871850848015212,1.069822066872878,0.5293921674298252,0.5154316354785184,walking
32,0.37273192642116826,0.06686991386952318,0.10151388786719101,0.182208208887308,0.0008510614071313011,0.23264179042336416,0.12940307723566635,0.26224872134730665,sitting
7,1.2644255397339794,0.7619092938865784,0.8202151600585234,0.5150431452551396,1.616465165361222,1.12107208842423,0.5823243046713623,0.6143733312902255,walking
3,0.23876590358282662,0.0,0.10636950136571305,0.00043422270166240673,0.0,0.35959940258486855,0.052296464419047034,0.3784283581620114,sitting
24,0.21479700744427327,0.06641518549101469,0.12378546894471602,0.04983553410510759,0.21148800186722602,0.0,0.10006128371272309,0.3604575312317281,sitting
19,0.223426470990354,0.11245169821096121,0.14164724634508385,0.0,0.007454461694525759,0.07541389354705688,0.17902712077846183,0.28983748814949817,sitting
20,0.21501084840718482,0.2475530199675606,0.13193616498913016,0.014041406669203504,0.11196287206768736,0.5452607205264948,0.2620180758736078,0.27060737006501623,standing
16,0.42267873767047204,0.24967380286034957,0.15675064596794935,0.029081046432068602,0.02683880850913037,0.4264071794132145,0.0,0.37769373073068746,standing
2,1.4536931856452306,0.8703963435312218,1.0388275621579128,0.6672314758822518,1.9745331243651394,1.618579737728409,0.8187594222209867,0.5693071730840649,stairs
40,0.012864364780450027,0.058575667361607034,0.1007127669803852,0.18299846485938392,0.1836829603025178,0.03056807670749888,0.0,0.09338077667859254,lying
22,1.3795179271917157,0.6725846164549458,0.8935407671214686,0.5354426208096936,1.5472666511735942,1.0470285582571266,0.54297815310719,0.4535968848892341,walking
2,0.14809881068037167,0.05757628141511418,0.08290082881410243,0.0,0.0,0.3580222802767573,0.06753055740081139,0.3297336169562768,lying
16,1.484572823068964,0.5441687756603454,0.8654603445141386,0.4590720485493591,1.7332309459160962,1.0459737502123994,0.5202486708662256,0.5177302742869474,walking
19,0.3646433098779715,0.20905073821795322,0.0,0.14648971050524726,0.0,0.22348681164041956,0.048866250444570825,0.3484724865371724,standing
15,0.02453690664661847,0.06134903944482717,0.0,0.04112083154180607,0.014000144613599361,0.0,0.18201110541445337,0.25556489465356924,lying
29,0.03139628520858964,0.03280483917017914,0.050812516025810134,0.020716867926705126,0.012445937024064865,0.19242526848517777,0.0754158170269932,0.2765788601531851,sitting
30,1.6398521483629995,0.8932939840551548,0.9664697384002399,0.7187835743836596,2.2875013997317253,1.348047030844748,0.8416515201913063,0.5215483093603027,stairs
35,1.2663998620264556,0.5583509829171092,0.7786839929200693,0.25833585356059663,1.603151601183674,1.093811939566235,0.6402923569697252,0.6074486084164601,walking
31,0.15316674531220215,0.009858791814350967,0.022221580370218846,0.016347991643555517,0.0,0.17996020159089782,0.016572392339458654,0.19297241613534488,lying
21,0.06627965566470016,0.0,0.0705312015224108,0.05318555234991142,0.19800925817341564,0.19363506401827524,0.09080899307783291,0.17331631648349474,lying
15,0.28250890504625215,0.20659319750519206,0.19243795383672624,0.0,0.4080947801588375,0.5922741794754166,0.15602938746966533,0.31550554767106115,standing
13,0.15425488258642991,0.18265899020508544,0.0840683713680899,0.04403356771285107,0.0,0.32807215593401595,0.0,0.37214313486380785,sitting
10,1.0087765304722351,0.8864108330297538,0.6660114830356532,0.3586421541299314,1.5357889550494435,1.2030396486062753,0.5142388941089476,0.5513213833896125,walking
37,1.5795068264309409,0.4590124234486927,0.8935629720110908,0.33983585567269603,1.3386794518751817,1.127077744855734,0.6126180255297566,0.5697473950057923,walking
26,0.3251061511653275,0.4717645356393798,0.2255439974570378,0.1371711845990335,0.20659366229402654,0.2865792015394889,0.1935701364201408,0.3607873406995536,standing
7,0.19357125147295035,0.00742776089967772,0.08841964454053508,0.058353588736633745,0.0,0.29627268283847874,0.0,0.22026597149678398,lying
32,1.638284711090495,0.8317021166594697,0.8156737666153504,0.6779508467832446,2.02281384206861,1.3762931889022048,0.8654420793847813,0.5704676492955127,stairs
37,0.14766847409628867,0.08045595934562322,0.05327086111187569,0.0,0.0,0.0,0.0,0.17232945182883866,lying
13,1.206471487594869,0.7977177743214107,0.7708241763403553,0.511607243363635,1.61638941906498,1.0522774437725848,0.6540560926342874,0.46098942033921403,walking
7,1.529192036547858,1.013951874997414,0.8817112907438541,0.7536136218932208,2.5275100764034333,1.5131760904219724,0.7707990948420708,0.6641126305635889,stairs
12,0.222079159378812,0.28840568395305416,0.13865277960950578,0.1886568528444283,0.03536268821430682,0.6437415696840914,0.08572173486395271,0.34853965275378085,standing
10,0.05669077429584017,0.0,0.03797490261541113,0.14758969717259354,0.11131616431915776,0.19605930816091888,0.007163885012869742,0.342848188700403,sitting
24,0.1897493899062231,0.04794600969019623,0.0,0.11588628791208316,0.10167563348606744,0.08048856612814304,0.12315655668738681,0.2800111019492554,standing
6,0.0,0.1430051258772275,0.028411867504516446,0.0,0.2546593060448288,0.07482093003525987,0.0,0.26912105684421045,lying
38,0.32261367122125895,0.0,0.02728643381115914,0.0,0.2427946592107566,0.11971872157025866,0.08920979249834549,0.39828173959365537,sitting
16,1.4829171538217285,0.6003694497780493,0.5346759573838229,0.5133805221601493,1.4774903019142547,1.4572522306208144,0.6271166012988778,0.4925558828027669,walking
17,0.2719966762609754,0.21387348367600284,0.11870203787143967,0.0,0.000607483202446718,0.0,0.07880519517892424,0.3010553910871093,sitting
14,0.8250180215822985,0.49566858919973417,0.8616914782523136,0.5791290678034111,1.6172034354418463,1.109512770173167,0.5504101225009401,0.4800526593318143,walking
15,0.20739487762530376,0.08953628291373475,0.035113594385605656,0.23378175401380202,0.0,0.28386775835286937,0.0,0.41651042668229793,sitting
9,0.1630015648313201,0.24770387986930384,0.12739162669686632,0.0,0.0,0.11500615166643613,0.0,0.3289914288996178,sitting
37,1.4488645056157305,0.8943202564391096,0.9737259166781421,0.7267020701451532,2.2136433679136966,1.3129432093584448,0.7205281788059644,0.6544434677099148,stairs
37,0.02233544787624113,0.15735477698059594,0.10207207081125463,0.08789723063094629,0.3663199030682036,0.1898078451332112,0.04789433197021192,0.2156217011591215,lying
34,0.02856501303217765,0.10568211844800623,0.08367656602800619,7.258214106838773e-05,0.4585116338909883,0.0,0.0,0.2202833659519205,sitting
35,1.3445524643313052,0.9621082015105505,1.103940566666173,0.7636792296231347,2.2912804365196746,1.516090630680857,0.8324119938601244,0.47491412914579867,stairs
18,0.28236773948456806,0.18529232824978398,0.025700938788062122,0.04109333261692087,0.1725488749384862,0.42741937447948714,0.12732343603171817,0.32034723073527466,standing
7,0.1908797117714186,0.057323281912305846,0.1358370779598117,0.0,0.08019979729254728,0.28243209061933033,0.0011319621511782646,0.32050862010110764,sitting
31,1.58829779175103,0.8608177314390547,0.7927272371612115,0.6572480175026285,1.9630364476718598,1.5801283513458222,0.5944071739150835,0.5726586053328323,stairs
7,0.8834408444320689,0.5885245601970608,1.0121514622309782,0.47079903194265804,1.8262593145557275,1.2063888664939135,0.6519574346831349,0.41526027525815745,walking
27,1.0861428092601408,0.6019412879145841,0.5568489822112165,0.3703569244282464,1.503534933457154,1.277100270703737,0.6793612473977507,0.38399822463666555,walking
29,0.24004227286841,0.21341008370261463,0.0,0.09228948039755316,0.3566623293652025,0.3069462346895022,0.32041808699368424,0.3496684868021145,standing
35,0.19706226796885318,0.0,0.04273143915369373,0.0800319163087878,0.0,0.37951199278681436,0.05411968927826594,0.36273234296299883,sitting
25,0.19388208136858243,0.1717490635220243,0.19309226289193998,0.11805332205223362,0.0,0.6238253534662402,0.14687774265219025,0.14133967438201225,standing
39,1.5363675076749244,0.6015739002790358,0.8297585074975099,0.40570410208089347,1.6237433824142178,0.998339512752461,0.6177985195787445,0.6207242093480123,walking
15,1.9251870471878418,0.9226535208758699,1.1999935437314488,0.6397257112871347,2.101847918241739,1.505417372084185,0.8514988260845389,0.5365484000579245,stairs
34,0.04538846508323421,0.16072691944015607,0.13768650023016962,0.0,0.0,0.18280193224348984,0.033027499523630814,0.3297069581833755,lying
30,1.3346267345777378,0.8026955508445577,0.9823977279719655,0.5543215829392416,1.6459140272748607,1.1209146015593088,0.7189869927843053,0.6365387970164846,walking
20,1.2216265595936038,0.6317943164074835,0.5439142247581534,0.5680693996782953,1.6400638935032494,1.2754778774741928,0.6458736194492586,0.697412013297385,walking
19,1.1940988371142052,0.7420308395385222,0.7386997605482815,0.3729931119431445,1.827025406590509,1.1153111572723697,0.5881024046701726,0.5326614854116215,walking
31,0.2395815052092662,0.0,0.05700749578460136,0.1973403882114069,0.0,0.11471852201057398,0.16808749245576224,0.35207926712187637,lying
25,0.11494883003039535,0.05014308415964324,0.0,0.05811381806736256,0.007557741606279412,0.10935541910806498,0.0,0.3575163978232972,lying
24,0.10403099452035594,0.032330314863411896,0.09137706805156465,0.07996856175844722,0.0,0.11335395671200497,0.08475749907698074,0.2567178767508942,lying
13,1.2298053571334073,0.39332436039244323,0.9154648148474777,0.4228613063943154,1.6079418397419478,0.9635869283592858,0.5084680814047283,0.486992295256811,walking
15,0.1180676511168702,0.13751826825642371,0.18126014266349924,0.0,0.10156855390702323,0.6352770984892324,0.0,0.3518718531102501,standing
6,0.5452160152150725,0.14572001907122029,0.0,0.07442074228060064,0.044238765620767645,0.46626795040215463,0.2299980559287219,0.4026783102376995,standing
32,1.240031563895924,0.7047868688239347,0.5733953257775747,0.4983521064836793,1.6411331882308564,1.191690625538652,0.510671216524351,0.5576033791287303,walking
22,0.18435212469242795,0.10134985307941792,0.0,0.043542797181609166,0.0,0.46276853367065984,0.16604934290284815,0.33197814053432556,standing
24,1.4258601993159683,0.6247073860189982,0.5664936740653366,0.3608030248583276,1.8063483408478485,1.3033040242577856,0.5262445720433864,0.42349483172127333,walking
20,0.0,0.11543134899113297,0.1157355029421992,0.0,0.11666884575792767,0.03884170645945504,0.033519078255875925,0.21980223862340253,lying
32,1.296140023179272,0.994931330743653,0.8859532126991458,0.6895420240736566,2.2084454782878473,1.5374519445956574,0.7184461280081743,0.6248017785381458,stairs
8,1.3859296320898626,1.012083237537128,1.0047071006940922,0.5763701892754495,2.475300998580331,1.2385271141797878,0.9238947757465327,0.5961893848742998,stairs
38,0.2390534981906857,0.08752402846138985,0.13208274171778214,0.02097570447229926,0.146694818663092,0.1448680041039614,0.03934193892895049,0.25691134414594413,sitting
4,0.3126202506769121,0.14353709479398227,0.033833049855546235,0.035867254125022806,0.0,0.3445998221820953,0.10456324800734546,0.3387017126332582,standing
12,0.07060723718844102,0.14542589884362925,0.19975712300598567,0.0893554265714202,0.09890202791985601,0.0,0.0,0.14838339637065454,lying
16,0.12363616627556752,0.0426209672957491,0.0,0.0,0.23212565549768815,0.09325509577527152,0.12932955940522323,0.339611114801422,sitting
36,0.37520014851409,0.04913120570593055,0.15544398104323992,0.03741440485293679,0.03023776744043302,0.6266411819427313,0.0,0.3015682151606042,sitting
35,0.19279651325592298,0.0,0.0,0.0,0.2632320632269569,0.3058932590034893,0.0,0.30162287731724113,lying
12,1.7110918780052689,0.7249525952642306,0.9594225283826531,0.6451509720678493,2.185227147270341,1.708937145083313,0.8672361900061196,0.6092873294112597,stairs
9,1.4202386737823889,0.9961915245029761,1.14830216633355,0.7439429001287792,2.2704230456897987,1.5148148397456995,0.7078635761111912,0.5039400254283682,stairs
8,1.7852041503653986,0.8373630273903931,1.0733004580980736,0.7097635204577863,2.2784730237324324,1.4146854095996937,0.8009958064477337,0.6335114707342139,stairs
10,1.3154197121544215,0.6178097946329741,0.9167114195608324,0.4813932015620941,1.4875305842200492,1.212977107913267,0.7651851748118946,0.5104821709999399,walking
36,0.2489597087808665,0.20924969066836302,0.10461856449136882,0.13417525740946484,0.11728405777847785,0.5838303840887034,0.14255919396269276,0.35021581378832833,standing
29,1.8103542311387337,0.8108925062731152,1.220755908333233,0.6463599150382882,2.0443995955939607,1.389930472412812,0.7180253439286306,0.7784354481347139,stairs
7,1.059363329212073,0.60232062982393,0.7204268623195681,0.6753181234402088,1.465555931547469,0.915488225665022,0.6306154330047363,0.5277275334384307,walking
28,0.10208056858197623,0.1777567770573093,0.006056650672228395,0.013201818712034569,0.0,0.31900235433688173,0.13779417211908274,0.1741802976971224,lying
26,1.2830446695333095,0.6774292647206928,0.4267168429941718,0.47894379792645864,1.511706229991143,1.093998770449308,0.4507661942187495,0.3984464044601729,walking
24,0.918646140969156,0.6571668257925339,0.8016306952475982,0.5262572289455977,1.8165927323106668,1.253567003412928,0.5343949294417832,0.3851605462616182,walking
39,1.3911672643201543,0.8321145819376999,0.8770191964125545,0.41218151408516795,1.8628812648103377,1.2119117024965862,0.7025397911469329,0.6015861320557442,walking
3,1.2269236483977362,0.5887637427169017,0.7342139947704153,0.6463903617571237,1.6419279066805577,1.0960454361785918,0.6661981151427367,0.5811935454096545,walking
4,0.15705892194561993,0.0,0.06375329849154104,0.08473033979652758,0.0,0.2728471923749199,0.0,0.26752149243897483,lying
3,0.1961508363891879,0.11587481766957847,0.10590259099674343,0.13206073533972926,0.016407941875154805,0.24277389803341196,0.18251722504584836,0.2434513545550242,lying
6,0.9103491809581381,0.6131521809600164,0.8657657171144257,0.4546723762872201,1.5673057678031679,1.2505569662032612,0.6869249913686424,0.5986760004079625,walking
19,0.1672369525158477,0.13618013128238202,0.0024945280444740314,0.09029023328322702,0.25498248958319786,0.13025938451685218,0.09409944622533394,0.19096546507262596,lying
14,1.0916063903459496,0.6719374272176184,0.8608440443928415,0.5533901572261594,1.700471504707007,1.3268937577633597,0.8274695701086452,0.4636763396112076,walking
36,1.5281989363584194,0.789550483069963,1.0143248374022584,0.6373108921461677,2.023625497456435,1.6568136421372448,0.7448006321322312,0.6476923402011013,stairs
13,0.5209895332380748,0.1997455966482267,0.06512979420668702,0.11365450230607002,0.0,0.035594302202631656,0.050326357029455746,0.31855854919032867,standing
38,0.0,0.0,0.021272592369579006,0.0,0.0,0.08557205656852768,0.005068031369852802,0.2759150307714574,lying
32,0.00552589649840407,0.1008130853900876,0.06356807940922904,0.13515336265587713,0.026111695331776444,0.4089238479539886,0.10552696610458193,0.20242846577151757,sitting
4,0.04093927041183397,0.11587417880734543,0.0,0.04775609903452572,0.25840603747373625,0.05522742709610787,0.07441335467216117,0.2339842900559794,lying
33,1.7123084538364957,0.8781045157610656,0.7701141864774668,0.6944163005515842,2.4601677631438283,1.0809955418098913,0.8859425250627062,0.5270837489983243,stairs
12,1.2649959833649504,0.5250513487517918,0.8258337215854445,0.443928006550206,1.6971648827869752,0.9483669488986974,0.7603103370231372,0.5355236954515331,walking
7,0.2782225372073209,0.2471866269793593,0.0993691103350296,0.14426843606164846,0.0,0.3790049199912082,0.22019193859132946,0.2875946703419201,standing
17,0.19451604463400968,0.15419802883290626,0.0,0.09589875318053603,0.0,0.21183591121597714,0.12238380598813722,0.19703245866312588,sitting
1,1.8153903541664234,0.849354841574051,1.2793079252607054,0.6129586510224052,2.02849453669052,1.5229972326446157,0.8237738635793849,0.5600273110317876,stairs
23,0.09106108805419627,0.0,0.09360682823375799,0.0,0.2688567587587779,0.0,0.11587523366269784,0.21836431093350805,lying
17,1.0466639542924008,0.6417009985764646,1.1658813732350917,0.4823269574872113,1.7045310093013557,1.3994468788904237,0.6091047160352068,0.5227343892565561,walking
7,1.4763366966197617,0.9692063940085266,1.350761822894584,0.6020758762100884,2.4438317835011767,1.691993262449858,0.8748378819581849,0.5433682060637862,stairs
17,1.3222090647013922,0.7562351740301775,0.650292892271672,0.3112203809675996,1.7105196319009373,1.3182543432674736,0.6128821738944744,0.4612431853290651,walking
24,0.43196246261063503,0.1612778597313361,0.09132309666848662,0.0,0.12134631968189011,0.15678162740398935,0.1397108224638285,0.24682241909336539,standing
35,0.15879936459529154,0.27434349403233804,0.13239265965743752,0.03280513288427653,0.0,0.2590921071064517,0.08946784096005327,0.1865310271949216,sitting
14,0.04890098830863629,0.1814791947628514,0.14219706916102318,0.0,0.0,0.38589291108322143,0.187715040193885,0.31303921383623434,sitting
13,0.39310431750237995,0.1320159376409319,0.05231415213651609,0.0055541815953569496,0.30692953041681476,0.4200313578873539,0.017812355831506463,0.33668038671593525,standing
9,0.0,0.0,0.1149765822488647,0.09493310376052644,0.0,0.0,0.0,0.25942646132429814,lying
27,1.8957480723192246,0.7168881293397296,0.9101464227857872,0.6453253616574783,2.2456822583717804,1.4355792886475283,0.8203070426360444,0.5809486685238797,stairs
28,0.23062617660845913,0.09730603918713712,0.11056571358206686,0.23459265178009253,0.1037850022407767,0.35819315371527344,0.039098242291875224,0.3391291452756943,standing
31,0.05686781399969162,0.04563097719457771,0.021469711485525227,0.09165819977948444,0.1589046922356486,0.0,0.06792935877659975,0.1418700376054446,lying
11,2.1231792842219193,0.8809146479689591,0.9641501636382188,0.6543118795682601,2.2321418790583527,1.6783889882268535,0.6277476661268093,0.5941726089295035,stairs
3,1.4989918312645871,0.865657409153067,1.185613400913726,0.5685216890662167,2.5049277190037,1.5074300690321816,0.8188562512272618,0.5289462888516641,stairs
16,1.609954966030483,0.8995099559991554,0.9728202495276657,0.656040496189955,2.2776919714035206,1.8462380871433903,0.8446355917470029,0.5372992749825845,stairs
3,0.3085702094263866,0.0,0.08273971746129802,0.07157151588086447,0.28534459325893313,0.12317910091275347,0.18162723596513097,0.3181066049514866,standing
40,0.9992416186541382,0.5941426997518229,0.9450074039617892,0.4185529508066228,1.5324344660148275,1.0859272688820951,0.6449293793791455,0.4910539620186441,walking
34,0.29449932646315885,0.04152702114364076,0.028618589474950287,0.0,0.0,0.08814738818679207,0.0042157572825944345,0.34752059336361363,sitting
4,1.3258415439766704,0.9271028584615993,1.2768426532142978,0.6128762693582903,2.1935911116974496,1.3502313967681707,0.7629831684992268,0.5733238209618344,stairs
32,1.519364391693823,0.6253958969785242,0.8099549972814025,0.4931031157236081,1.3648415591405159,1.0426155770557872,0.5214669557434672,0.5085930832079477,walking
22,0.044852457447291584,0.0,0.0,0.11659399945957583,0.0944305450232835,0.0,0.0,0.2516819135041136,lying
39,0.284952662735007,0.24517613941468572,0.1778431300944598,0.12016372293308927,0.0,0.2355123854140939,0.0008080942967754745,0.38587085262205706,standing
31,1.482613988704309,1.022059438678852,1.54758475294173,0.7237425566579934,2.290068588250259,1.5849483879994348,0.7653690302185437,0.5960201040922366,stairs
28,1.2947971517252213,0.8478061570411921,0.7123569776833271,0.3741152402688238,1.616934036836885,1.2814096276824363,0.6698064375887128,0.4189601013550081,walking
31,1.8814358285098598,1.0119311476374317,1.5326342581623962,0.6525643443836419,2.26393085007259,1.4780990287740206,0.824395336354356,0.44548256788916274,stairs
40,1.1623130373116388,0.7497782813936574,0.6870329572896624,0.24287047162264708,1.7408568190622593,1.2692204976260308,0.54888040094569,0.5732242360244517,walking
40,1.6665530082630224,0.8598165442922975,1.1125025654700542,0.5973979229966373,2.4329461044355067,1.508523843206158,0.7630198372520958,0.7411273009198998,stairs
26,1.7360315663436001,0.7042528315594021,1.2652823642757631,0.6891228414651006,2.3180811748176104,1.2980913795977012,0.8326089487361723,0.5066761122741832,stairs
15,1.7352220584936373,0.7611359705093476,1.0327505574504794,0.6633682168406025,2.2958657903766095,1.289494585299234,0.8056003964191487,0.6402555532415977,stairs
4,1.5005000479187054,0.7073237260427157,0.7947312325696224,0.2977931013843961,1.7816418724396175,1.1653549750907515,0.590672742380829,0.5117826883732838,walking
14,1.6254846861172552,0.9014286156345025,1.0562043840099626,0.728230690887181,1.9870585146508306,1.5727396486477363,0.8771570061935926,0.666075587422918,stairs
17,0.3174330157073329,0.18201571771671862,0.14533019884655918,0.04431132177063297,0.12534421605211457,0.502704293453156,0.15038776167061846,0.4021174038492595,standing
32,0.3632488031207668,0.37233275321552084,0.07751108676292728,0.1536044477907298,0.35928491704645626,0.36102187093580546,0.11021259793280723,0.3396265174884316,standing
16,0.309558333914155,0.18079330905367208,0.21488109355737645,0.0442659750536744,0.0,0.5568898946550767,0.1247155204692061,0.3374725610579982,standing
33,1.5470288108181318,0.6454763776632241,0.9931075603092641,0.6152429857241732,2.3768311515107636,1.491903513580627,0.8021570017777411,0.6099021328270033,stairs
12,1.7035668411084617,1.0788046516851244,0.8209252223640896,0.67292085840627,2.225300212421831,1.5216812607868655,0.8243000396178803,0.5511968544606499,stairs
13,1.6949263074413219,0.46094019442352874,0.8502967572876584,0.5221050116899923,1.2812356746455993,0.9956593631229762,0.43061546980399273,0.5132763311557972,walking
30,1.8558093300837593,0.7487009739620869,1.329141044292737,0.5055556416824376,2.3946291245529228,1.3951209087839185,0.8186328527110572,0.5870320702553367,stairs
36,0.12869136090712618,0.20391744892392388,0.41859989184381735,0.15648425770302377,0.08658611025876245,0.20887644862557947,0.22594802948082418,0.33517184769693625,standing
5,0.2120945030671732,0.11935423311482034,0.2376104108782128,0.0,0.1985631998313418,0.2738028525235211,0.0,0.2673741773412781,standing
10,1.6543956876311952,0.7685782079903198,0.9262417948547095,0.6543326694012435,2.304023064864862,1.3473876408417182,0.8688274781873244,0.6637904106193527,stairs
12,0.21668969178113362,0.2707823497821201,0.03050216838132487,0.07085249950006846,0.20898997726860977,0.23043435191195608,0.007756967072490489,0.19110956374328425,sitting
37,0.0990861218014168,0.0,0.1043986849175991,0.09295754473079479,0.34341456469243975,0.4125469057981256,0.08198220720034255,0.36589088565373923,sitting
35,0.3135093578358083,0.13630483279587557,0.22659268089128315,0.13063017759793377,0.18626062548373912,0.2735978811550796,0.01816640909085121,0.2689460806247095,standing
19,1.4905028611559992,0.6775912285364118,1.193680666613753,0.5175490115159412,2.089613889454932,1.4147488648722328,0.7475834298766111,0.7280656000123308,stairs
13,0.09507575955235478,0.1883291183602866,0.0,0.035009481576473274,0.0862379605934481,0.02606182366887899,0.0844291377451741,0.24042886440139882,lying
5,0.024199682084666753,0.0,0.0,0.0,0.21789305790037392,0.10617737970348727,0.0,0.25029458531817583,lying
20,0.17978851412541366,0.04890013650918312,0.03810084393654669,0.0,0.19723829649094968,0.0,0.0,0.24583490772628838,lying
33,0.38114326690615924,0.258883241509868,0.1667348961763368,0.07876060918418681,0.13869403452794513,0.2040809817230747,0.1271001972487118,0.24619122229849105,standing
26,1.9697307983131496,0.8833715613868152,1.0142117027903261,0.5789418633736947,2.1694780747148674,1.2244948466693077,0.9206722367004002,0.6256354925307123,stairs
31,0.12240698157867537,0.1154299001258633,0.15814465163881375,0.022349273805613565,0.054381929511423815,0.0,0.029198960299848847,0.2056787670165593,lying
35,1.422414076153437,0.7459152446370798,1.0389730317283652,0.6452719904085935,2.437726390156184,1.2268961588362741,0.8068671519655327,0.6011354971620398,stairs
21,1.5336440011422912,0.898233131769133,1.321923741109641,0.5541579349898744,2.1714567189673213,1.3811496327623096,0.6818465658176225,0.6140714374675493,stairs
5,0.38612717268414426,0.11289034830696507,0.10101650186639438,0.10432805051246109,0.12643911947152808,0.3313776710459148,0.10098680485353473,0.35450274511150287,standing
37,1.1713488712770164,0.870941202689883,1.3175177738629538,0.5877550295355011,2.336150630489162,1.3599931869556634,0.8476495912192004,0.46045543593936256,stairs
17,0.2467028573742852,0.11094645985570528,0.15486013334636772,0.16725436604000943,0.0,0.49295553732021474,0.1153269419673687,0.36100831335597855,standing
35,1.565154776982031,0.7401207007956984,0.8544723481587897,0.627935456422366,2.3050801730913566,1.7836505791680373,0.8657193501749492,0.5804853203679414,stairs
39,0.21225745094128318,0.12260981091961516,0.15694290468504274,0.08073162196099073,0.07127732041379527,0.48189513814463464,0.11493113721271896,0.24011974762155158,standing
4,1.584025200882963,0.9357068943119068,0.8014451737835142,0.6820260359694145,2.012014807535911,1.2243706891196027,0.8045837509001524,0.45357450025800833,stairs
24,0.26419827112579847,0.0,0.049076329423645045,0.01675935544497581,0.3793332028194468,0.18268037797527148,0.03649604306419961,0.34730475407287426,sitting
13,1.2869085381572716,0.8548025980870825,0.9655733637468346,0.4898670769050061,1.5360813833365408,1.3662767517357182,0.5892095652550071,0.54169816364247,walking
38,1.1465987511725193,0.6689025757948133,0.7965783128126563,0.4684906466314629,1.5897550222181296,1.0775088325644815,0.5439215359795707,0.5753919589350586,walking
39,0.23127652883622918,0.15500124254511977,0.09961754035368833,0.0,0.0,0.08451292604765326,0.007252472845210772,0.28385427370119104,standing
11,1.0650221235361115,0.6230503788038333,0.6137025144305855,0.4041393733475992,1.5079401816171984,1.1937207814677615,0.5659738329070084,0.5606402243263642,walking
24,1.1190503264148008,0.6763494497406667,0.6820072287519118,0.3503101081362753,1.736647552005987,0.924647367882164,0.5844670053037494,0.6459224010808498,walking
18,0.25946394921351495,0.15905182733332796,0.246120298526717,0.09972770703197788,0.0,0.2698629447048783,0.15411672404967977,0.3176982254939591,standing
22,0.0,0.021732623450525998,0.06244469146756191,0.1383767195020251,0.0,0.00027141562253193974,0.06433749081158424,0.23253063910531852,lying
31,0.07397361810355087,0.076247222190616,0.09767737142635369,0.0,0.2967071251377139,0.0,0.036932144802684336,0.27831680323886915,lying
35,1.1079338875060132,1.1185169864818851,1.1584200458864375,0.801290084035113,2.4017375826007337,1.2007028839065632,0.9812434649440087,0.6401560111962566,stairs
21,0.11610522687566245,0.0,0.09334432315777347,0.034878916761903814,0.10221408672067211,0.0,0.0,0.25121562533917424,lying
2,0.43634701902288353,0.07078174774158494,0.13057197610625232,0.0,0.017657385743927667,0.458598659950216,0.18377648455760498,0.3278088542968816,standing
7,0.24404732274019467,0.010762127104067307,0.0,0.12136978058868318,0.28606284473536486,0.30919150896836484,0.03543962379327791,0.22333986339165118,sitting
27,0.19651587918406188,0.21944651351968175,0.006839048212316873,0.0430642352554773,0.0,0.3716708182340557,0.2540597277515484,0.3234215444217175,standing
19,0.2326840369367561,0.028823108310511533,0.08607002982475581,0.18625615607717083,0.1808650321705495,0.07427885724215977,0.2388075584200734,0.3117829508765967,sitting
33,0.37460046330925956,0.25478589329851165,0.13404343135745614,0.0,0.2606425261328881,0.06468851132902415,0.02748986375946952,0.20228371302282266,standing
4,0.12037253072469681,0.2114591598764952,0.05479824360519202,0.14240897797378738,0.15970578491699502,0.169736068660442,0.06783017597413854,0.29185103114924466,lying
24,1.2421730821598838,0.9818390338057947,1.3548009887377088,0.8359984720845801,2.39482402973623,1.838071785776362,0.8709240453861571,0.6013907693054865,stairs
26,1.3365144587178752,0.800941859840923,0.8595307378980187,0.5525901330762129,1.8830341570380738,1.2925181068921643,0.5900375415036037,0.5242196531021484,walking
18,0.11414154255727066,0.0,0.0952614486589451,0.0,0.41044785574197884,0.29837243527483476,0.1357420064268998,0.32558011634701167,sitting
11,0.12148157956160593,0.0,0.06616961431888818,0.04476130961817577,0.0,0.0,0.09407653408731823,0.3117568407858203,lying
2,0.5713024627889358,0.1476363151177824,0.16522318212856696,0.05514399316186461,0.2844691574004977,0.40624371617891836,0.21150605366928066,0.29637345655416025,standing
39,0.12216598356473132,0.38450469932802944,0.05413703962991841,0.14655964666443086,0.20602479024585493,0.27569597119724903,0.014443228950943882,0.24467164133506214,sitting
24,1.0014829731853157,0.7775893271050447,0.45424971951044824,0.5936938750838645,1.798567980155752,1.0528951309450398,0.7896089382254601,0.6897379840681201,walking
25,0.2250043456878556,0.1428775908628262,0.1983018794854386,0.09422904220078451,0.16003211291896569,0.12095017320392965,0.09571578066175106,0.23226178681459753,sitting
6,0.05935815910264001,0.14559329924258607,0.0,0.0,0.04496522323409628,0.2734883616813709,0.0,0.269831716287497,lying
12,1.5461302056447508,1.109699422510274,0.7306999689602185,0.6961193259651979,2.666614896944254,1.5080864166215393,0.8259875567533976,0.567649259876786,stairs
32,0.15805473679568952,0.03256479682000267,0.15591574799219188,0.03505743464212298,0.17804537626477251,0.23719904261308453,0.060581995676906045,0.3836982218856284,sitting
35,0.00075650857223028,0.0,0.12404219214304213,0.23436178168776833,0.12560541069280415,0.07474736897540729,0.03193155200034293,0.3123751961141591,sitting
11,0.1313187371328141,0.22091116082475104,0.21117194236631365,0.0,0.12112474590561717,0.5806032083328404,0.15492373441154422,0.42885383201703126,standing
6,0.09939790797292654,0.0,0.0648866474553593,0.015446839193948365,0.11986213957157955,0.5081472431963139,0.05090775960376318,0.2922619583314424,lying
22,1.6870942637449604,0.8305365439956183,0.8199376153793975,0.7590487233910604,2.301177253257101,1.5378614058746514,0.7788334423245437,0.6172027193974052,stairs
36,0.23564146328857843,0.14030725939062635,0.010006866890793054,0.1855816232361717,0.27468044749222154,0.15459405738376789,0.14639934972940122,0.2857961146291724,standing
2,0.1114355516356062,0.09179226758536452,0.09175020418809704,0.0,0.013304843005804666,0.34984837752984266,0.051941444051868624,0.3251615750920962,lying
9,0.21806868040308186,0.011260090213581056,0.040968167458139554,0.04627954250253533,0.10178881441924378,0.28493863816619086,0.04989912633544656,0.398136363260287,sitting
15,0.4764382764831414,0.2595044283409951,0.23690649571831418,0.0,0.15359191535952985,0.4604504023106657,0.1177483208530197,0.27192399887367485,standing
18,1.9933177138724836,0.9870861174290555,1.3498727358008948,0.637328563030591,2.147124314808159,1.564669006105137,1.0135304649016963,0.6428130610671284,stairs
17,0.21359660207797024,0.028824187075878166,0.161914607165929,0.09358065514471073,0.1762214165948267,0.5129126001534198,0.18850319273990393,0.26683785775667723,standing
17,0.032421372134029985,0.09762172740654157,0.020820664314960415,0.0,0.0,0.11559828335632914,0.022994527457441516,0.23317634721867836,lying
20,0.10162838755263125,0.0,0.07033860470492202,0.03344626394374575,0.0,0.13324277787216315,0.03957524122885344,0.331775863302348,sitting
23,0.25358163903008085,0.289582189598881,0.10775593789824549,0.14256605627176694,0.06284442504864352,0.5867344555818252,0.15755712034278996,0.2977452280715024,standing
38,0.07113069774168682,0.0,0.0771599639328914,0.131575591856528,0.020971056128523298,0.0,0.0,0.3824870955855599,lying
39,1.643190772140403,1.1561237509876112,1.0646399101176127,0.7509396813699335,2.144409918658809,1.3417852821653773,0.8699008339468361,0.6322731490019586,stairs
2,0.16043118540526471,0.04449933810256738,0.12644398343437893,0.11424745103955616,0.1956279073516407,0.27378517551417114,0.0,0.2830552205652977,sitting
33,0.23484206298791266,0.3148144282490619,0.16026550023537994,0.13801966326917808,0.08646911338295618,0.40558952735451986,0.1394209248304646,0.33924144451737137,standing
27,1.3768402742848465,0.524763062344852,0.9353532133273424,0.37169448003341043,1.644832964866672,0.97835998181616,0.6140492771908258,0.5701864210146954,walking
35,0.1826856041948493,0.2244920792061954,0.01926729897992062,0.10652487436069301,0.0,0.4240929621393855,0.08001088743687201,0.2713535839265282,standing
28,0.2162671296917543,0.10957886147282536,0.1372261526787168,0.09145347504693746,0.28895996311728334,0.03989901858078773,0.2644788902307541,0.3360615073757473,sitting
15,0.23577148079907964,0.26718492810930633,0.09190310703255754,0.02988192117492016,0.20927542332436616,0.5868218823035773,0.133199572836961,0.19112359309031834,standing
17,1.1477891230670272,0.6249221879060907,0.6494469417877209,0.44458217736722305,1.4422325468800363,1.2061543436901705,0.5281767079016826,0.44196834190497486,walking
18,0.2558663335145528,0.05709861707716063,0.0923935681826488,0.14620526435472958,0.0,0.4014918232693281,0.04405508442218857,0.28795245354575805,standing
10,0.17096428405462086,0.11236576572654211,0.07889747710428924,0.09817569281160238,0.26430426683426705,0.24673436832859952,0.10959518540411056,0.3752031882643359,sitting
28,0.41703048755365835,0.052391639394719816,0.11701627935413493,0.13799932964087683,0.056296749794489724,0.5662718971109916,0.1687902786444976,0.3024867640006885,standing
32,1.2289921725186868,0.9183447471484507,1.0079781792218738,0.5929993775447967,2.4148306797455508,1.1829172437359876,0.9069329523891874,0.6311065799974289,stairs
37,0.2849997254116599,0.0,0.13791170227882715,0.11479663194265304,0.0,0.24678997647495424,0.00602144504747959,0.2108255176872344,sitting
23,1.2825713299895845,1.0705502795030353,1.4201498123668177,0.5383741608299993,2.247825509352271,1.2879604167157024,0.8653268800130441,0.6435107859471866,stairs
37,0.06346536251432772,0.08244726617823807,0.056398282918258484,0.039280839398990984,0.005104476567592258,0.15412074318006885,0.126253098836563,0.20816546945648745,lying
2,0.15749654018635234,0.12869237984209003,0.06657735349922016,0.10838827234525555,0.161963937424686,0.42096273718281285,0.0727858099536151,0.34931091116034907,sitting
8,0.3414850347853847,0.0,0.04139932804928612,0.060447572445835235,0.1859042810454973,0.22270920804456099,0.2166080328004712,0.3613669160031926,sitting
33,1.4927925669738094,0.6594885619038652,0.7606834333738921,0.27009502869367985,1.8648032388446776,0.9112630502568049,0.6372406494127473,0.42931982477991915,walking
14,0.13110840639120838,0.03220834402246606,0.008458329259338815,0.0,0.014076996489814038,0.2197381571083092,0.028152491926442806,0.28414326300268816,sitting
26,0.14550316610824504,0.024063209145424785,0.09659629647350003,0.07038532107414493,0.13023685822939834,0.3847884471897236,0.05741959724306123,0.3187765454569814,sitting
19,0.2347344295943261,0.0,0.027738744990347328,0.004227475567498765,0.0,0.05396768924128789,0.018904771406720897,0.27795101122099636,lying
38,0.0925996578945957,0.07413850968372657,0.04727007092916882,0.04459581967246411,0.1251989250555895,0.2580311053386424,0.0,0.20606161320872862,lying
19,1.672539950373316,0.7406588615047951,0.7023103809860995,0.5857846619275993,1.5747075818762557,1.2964761777616556,0.6600068571684305,0.524414673315608,walking
13,0.4700684987359226,0.0,0.08137809471683055,0.03463530619881897,0.0,0.20363143809311413,0.0927278363949675,0.4427161462748483,standing
31,1.341315446508376,0.777322369702787,1.0093839741080797,0.6291229675759575,1.3772003997176245,0.7962423721659742,0.5836766788882519,0.45569020721283104,walking
12,1.781989114712672,0.8383367408685639,0.8126305179521922,0.670544359891224,2.2006578575657634,1.571343144315741,0.8861976364125833,0.5827560112192434,stairs
14,0.008560440112862194,0.24558430637077905,0.184823765525512,0.0,0.11238583625752127,0.201027754675566,0.16852501859772298,0.35345142846301375,sitting
21,0.350779780070686,0.19164516777164994,0.0,0.0,0.15200544043726316,0.25480388501719764,0.10221024504837946,0.3941866665126752,sitting
9,1.1953499008990607,0.6266785119396354,0.7125906196178349,0.5527897864735902,1.2796194032270751,1.2628187143062866,0.6290246119714714,0.43638279301216437,walking
14,1.113670298865457,0.6977435181556092,0.8026578466152539,0.4178827560765584,1.6055013090217363,1.3731775316280186,0.6188977084450031,0.44654775230129434,walking
25,0.2129707498059179,0.0636856328236676,0.08578820057334487,0.09519438390188362,0.15357791172855698,0.12528360197622923,0.049577135477441955,0.19251363215686063,sitting
16,1.2761900944293822,0.9858357359245264,0.8421331188340961,0.5393327805499571,2.125841443092866,1.6641130118929057,0.804972939050743,0.625707696997614,stairs
32,0.051813717676474136,0.0,0.14492966203349583,0.00288134931847606,0.0,0.06530075697192797,0.05931984581781184,0.2155276927468721,lying
15,0.05014771112132385,0.2594811099065445,0.004202689314871874,0.0,0.05856587896277746,0.21027762123116325,0.0960542340900997,0.27027566929807567,sitting
23,0.13713347829667416,0.25655615672870946,0.14058775817993072,0.10577603181358045,0.2858918819456971,0.2973593141963571,0.21295125176108962,0.2799990071583851,standing
6,0.27644376167469037,0.0,0.20943985826609574,0.10619977523840893,0.314966192473925,0.5760978962744465,0.0938011905138735,0.2154037124541886,standing
5,0.08434848652037293,0.06890755354296542,0.06843155785120525,0.1422066556206178,0.4711213092299681,0.016503910277342673,0.010092363217983697,0.15805884566024359,lying
33,0.20009532221982368,0.09102775364903343,0.09653508476971702,0.05288608696287485,0.0,0.3279633730614544,0.11782842581102818,0.35686855596100975,standing
1,0.13769954584595867,0.03940863525575196,0.08589597472546431,0.09432526447084574,0.0,0.2141382489733462,0.05429884469772492,0.19354359908923524,lying
13,1.279064670185722,0.6372912701434175,0.9086225937481673,0.5472071428109393,1.854413387276839,1.1617219827533152,0.6285184352435289,0.5449708549392207,walking
28,0.1806423450531203,0.11120172118674172,0.1167673605729598,0.08223146177889393,0.0,0.24407396725344022,0.15352228768616244,0.36319221273043223,sitting
29,0.1285640649247264,0.2054607879944199,0.07586309292497426,0.0,0.20574836842511884,0.22786069396467223,0.07514606485958192,0.3367809185795295,standing
30,1.6808948658563474,0.7769094553055282,1.3004688571116767,0.8929152343602187,2.5094334053159684,1.2174407931890923,0.9616863500308233,0.47474086851954234,stairs
6,0.8972737711683012,0.6794438305516219,0.5665997636128024,0.5416323436465466,1.8558576597834424,1.0195478368135071,0.5791994060338956,0.5073602481382384,walking
10,1.765738943999069,0.945925962186778,1.154967651922464,0.6077979717279888,2.1164427328014104,1.7582653161734976,0.8046128706087736,0.6234414272610941,stairs
23,1.312631115384836,0.680564700860426,0.8939289160854899,0.4176145169618933,1.8961692203665068,1.1549920542915302,0.6195138130944434,0.44487921829309707,walking
25,1.231492420611948,0.66422956508247,0.7904866778740026,0.3451342099587299,1.5298927952200345,1.1614661428535424,0.6577158745651339,0.48986704470442527,walking
39,1.2602422923089718,0.7383109304649865,0.7773721499684942,0.49945430739220187,1.5448448036838556,1.2866353578236704,0.7052501681622317,0.5018847414120843,walking
9,1.416762355793428,0.7586871216691558,0.7361859567395379,0.6213940067111439,1.7672505644807717,1.1643222421855393,0.6442142746253768,0.6981529931783469,walking
27,0.23947629003504722,0.14178034263516703,0.17665460207203082,0.06455038610614641,0.0,0.3245024679309831,0.08879316930326484,0.34764101433217043,standing
4,1.047978237337769,0.7261069531514385,1.2819608230988309,0.4164849460249227,1.8293436013006859,1.0993274105656559,0.6511839245505715,0.44986002497342864,walking
29,0.29232287054456135,0.2965345495470181,0.11202812344223813,0.0,0.0,0.5434121620624317,0.05965097570290098,0.2552065816086501,standing
34,0.22992062147408482,0.2631691117943742,0.05850920129039507,0.0,0.0,0.06351258671309143,0.06900593910852194,0.2180370890258163,sitting
4,0.14395774447765924,0.046986216825694926,0.03436793680453018,0.14553222533269525,0.13304076789262834,0.21049088671142588,0.02866998599948269,0.23806240252499133,lying
35,0.0,0.1490899200708452,0.00032101264799840046,0.012738924455440273,0.0,0.07901307746967426,0.0,0.265650557603945,lying
18,0.23352336963926618,0.19064104221801612,0.13168313595439873,0.0,0.2744885102412743,0.3815101745656688,0.08258598841361375,0.3070621126895453,standing
19,0.004761687959212363,0.030129767058497167,0.07207963149068203,0.0,0.0,0.1007961838333988,0.07636044726624186,0.2519156334504915,lying
14,1.9978756173783365,0.8374401706309302,1.1839509907975452,0.7247727265315602,2.7013029415953227,1.550746240034616,0.8227114622001009,0.7214239011049497,stairs
6,0.1740588248183895,0.0656666752208571,0.1908509686293598,0.0,0.11181508485472472,0.4546511504610994,0.037657037650523334,0.3319477231109689,standing
6,0.14676689051055705,0.07403680497759707,0.0,0.0,0.0681651526371295,0.2532784223139184,0.04934512594898546,0.2391103352476273,lying
18,0.14945519735296856,0.0,0.011886247431362629,0.00266261963788135,0.3931028041829311,0.06966567887347089,0.07500238175248314,0.21709577856876378,sitting
17,0.03048582970554877,0.0,0.11705231452712375,0.0,0.0,0.0,0.004008237578014107,0.2965262292483548,lying
13,0.2518776467395909,0.12929385160227294,0.2782540554947735,0.09511018339853838,0.13224918474046576,0.17490754277166834,0.18177801408613928,0.3630859029210751,standing
33,1.492434520886911,0.5424605498108117,0.7131022810357994,0.4443446370441401,1.8454997237841109,1.2547628206342831,0.6023306150002695,0.6044927299688773,walking
31,0.4212202675195903,0.14487032990116505,0.050234382947661124,0.0,0.0,0.6598529269956446,0.028186030587534813,0.38892924201487145,standing
40,0.2918740020345417,0.0825060327406799,0.02913973997049292,0.0,0.17622389883535006,0.13796291615562756,0.07519257953223016,0.16796781316177414,lying
19,1.2702159064946952,0.7494863970599309,0.6278981401613812,0.6663387303815411,1.5628182630515426,1.2531611453971292,0.6396229230290457,0.458192223737987,walking
27,1.7772963859084048,0.9021780311227113,1.153739699461354,0.6460438271272858,2.4098046808251707,1.3552511233766757,0.7080061392723044,0.6147100871870943,stairs
37,0.15558553731714303,0.0,0.0028545746404652628,0.0,0.0,0.3743137881291725,0.19660738870142463,0.3115022227822852,sitting
1,0.09557340575763915,0.14764058967216126,0.15401879097363277,0.0578588409293008,0.0,0.351746130218031,0.17971743139079321,0.33735704012569595,standing
28,0.34983981967286387,0.05479583533054801,0.03989096607439324,0.15080577414443755,0.2985847050813066,0.3209271962151154,0.07830275502977255,0.30319591816960284,sitting
12,0.23811729977812976,0.021372351186844676,0.008767501726403115,0.026837549587923636,0.29697556874566144,0.019156066324592658,0.13178802774552736,0.3667663528083759,sitting
12,0.3063664715548462,0.0,0.11013529758585294,0.0,0.12320591639352418,0.5963887007603637,0.11515211966059108,0.3634506371102593,sitting
19,1.406180612144469,0.7723335378133138,1.0194447557885116,0.47029710603408825,1.7148283525970476,1.0909095962939614,0.672822139498916,0.5213903130746577,walking
20,0.3202600694551462,0.11468341006903052,0.19482815941621998,0.0,0.0,0.44944802676130857,0.18948815248037204,0.1847101657299407,standing
36,1.262691573588474,0.4908453981943268,0.7283299207351386,0.3789949633859627,1.7861689580310736,1.171963000752233,0.5711523481906248,0.5174916089199489,walking
13,0.10402090130193628,0.0,0.1561994667447559,0.11653963130302565,0.0,0.11415506506227388,0.0,0.23990783415816708,sitting
7,0.06818758725994126,0.22499888845014357,0.027986188984056207,0.03996817997784878,0.17594519279658646,0.18182582751162307,0.024411540257615834,0.2531805967767634,lying
8,0.06900673803038551,0.05837890665816947,0.07255644433432035,0.0,0.13943975213281726,0.0,0.020485786498072624,0.1624277394489014,lying
24,0.0,0.0,0.038514030593810505,0.0,0.23603631078641257,0.1061947851713929,0.0,0.32479982526929113,lying
4,1.4835521826646747,0.6048553713901396,0.9026550075527812,0.4407605719766198,1.5919136241783032,1.1599701853583695,0.49948057185001266,0.6347267262013986,walking
25,1.2818384760996278,0.7533179184983889,0.7802298774892744,0.6018228076707121,1.641225688857397,1.0578339461950397,0.6364164527863665,0.6534035132226717,walking
15,1.7669672462369608,0.7781063366820973,1.3890289509467202,0.6470644533322514,2.3696112337442097,1.3192322346262282,0.7939907346259191,0.49257864073759844,stairs
21,0.07259345041701802,0.13905498927822013,0.043141674107103484,0.13760630106751243,0.0,0.29814452722018375,0.0,0.3483261571744558,lying
28,1.4976914361292881,0.8806966377589955,1.1802313538933065,0.5002809127530076,2.2911460652452336,1.232687377096147,0.7658389828079082,0.5612361192859691,stairs
10,0.2570070004942616,0.23244922746133523,0.020147504420909942,0.04920629622060868,0.17003195351263484,0.21069173876847988,0.0,0.2504005762724984,standing
37,1.2855589754645727,0.6218457257084841,0.7334729453932303,0.3651954023106688,1.3912051297213648,1.2427423110732545,0.6292253855869776,0.5576603174548506,walking
39,0.17615243294825905,0.23574309485051348,0.10054203464106122,0.026436930908683688,0.07187796569405885,0.35195531521884726,0.1136446684871518,0.3662111200947723,sitting
12,0.2444959441174728,0.05926472258995901,0.08301281608664912,0.06487156844378203,0.3606987883960895,0.14998761831874097,0.007727833717436516,0.27350600326046415,sitting
26,1.1677636188386367,0.6219009117066208,0.9030412014462372,0.5419587922236835,1.7855615632912243,1.07548480092191,0.5548103824324558,0.4352967068368485,walking
23,1.0496485513393916,0.633461365318873,0.8358442397969211,0.5805375500147536,1.3496925397397617,0.8914054492639365,0.6867841770336208,0.49773583798369114,walking
12,0.16525921951679112,0.0,0.0,0.0,0.26360595868349257,0.31239362093334,0.0,0.24752423164866988,lying
27,1.9665195297774922,0.9651242322018138,1.0945282551963083,0.5714751212681518,2.249621447146163,1.5210721852424416,0.8467463925547125,0.600439084444113,stairs
16,0.20448283659182384,0.0,0.23494750943015624,0.0,0.0,0.2559837005844272,0.0,0.19924378951720717,sitting
39,0.45069508793509805,0.11269390120689302,0.08002876425498605,0.0,0.12135398756955623,0.21342533057794488,0.11031852349401615,0.26920930521650166,standing
7,0.34076909508226416,0.24348065097331356,0.22676394188347207,0.049982167085076384,0.0,0.3081847257647282,0.20780006621110847,0.29540006234545535,standing
30,1.6657795772771962,0.860337118237563,1.1336060778107664,0.74558249985363,2.3988246027454494,1.4198253326263064,0.7051904925449082,0.6202941938129092,stairs
12,0.2253269039707137,0.15539768074481347,0.16915826283691782,0.0,0.22108267160676437,0.22418376721236402,0.183865150293537,0.23855211363703127,standing
37,1.0209338603855862,0.7062812573177154,0.5364966739319154,0.4135057023298595,1.5617172166511912,1.168035529226829,0.6577697943398136,0.5730379404538897,walking
26,0.1439582779182314,0.0,0.16995351948206802,0.0,0.16281076943561745,0.053546821111376056,0.0,0.12269950917248965,lying
20,1.52101901087603,1.0273038919114896,0.7717562206971427,0.7034957087823251,2.27572514164909,1.3835662678528717,0.7844572987720552,0.7074774041161651,stairs
12,2.205887266544716,0.7905146675682063,1.3697958202959795,0.702493189445085,2.387237985875848,1.5046667995905185,1.099283293580251,0.5410393233777002,stairs
13,0.07324088661817874,0.016183393037376356,0.07210280623304391,0.18766035705373899,0.12954904792562189,0.031364464617820956,0.0,0.30092698279898206,lying
10,0.04105049205663829,0.0,0.03833482085034487,0.0864756614964236,0.055373563474047274,0.19954759895879787,0.07140060675105145,0.1971516902687669,lying
33,1.0271030946600435,0.7332986103399931,0.8339029987331212,0.5602468415104689,1.4000806269798325,1.2366938303935047,0.7217222096645043,0.5376606802071362,walking
38,0.3217071668187998,0.20526348758169052,0.10460000670768993,0.14203896979193412,0.0,0.28280917399036387,0.1466234973167633,0.33061524697649847,standing
4,2.0611307698764723,0.9300798454388913,1.2123110530918542,0.7117752155082075,2.1593556494746693,1.5318175171600275,0.9636155882233861,0.6123375166218773,stairs
40,0.3578788926507092,0.03916684459688291,0.20564529868072334,0.13860241601844686,0.03504405010392237,0.3084046824870219,0.08515938635208817,0.31008915733938874,standing
37,0.0,0.0,0.030333690246021533,0.12130807941183036,0.0,0.046708444400532054,0.12633716064531134,0.2601137440456044,lying
18,1.512845043216213,0.7410324650316528,0.7901479131562851,0.5536373804977065,1.5604628642823042,1.2463600452151449,0.5793458590615712,0.5567062136455297,walking
3,0.10097702455040192,0.05358978977963155,0.032755092186236706,0.0,0.1695391230491564,0.0,0.015202450411223038,0.2941697773480546,lying
24,0.25321918080169736,0.22671630328663644,0.1571640745946848,0.08310855819174386,0.0,0.3316179725169485,0.1595865419314228,0.373418068191123,standing
16,0.03281474663055141,0.0,0.0,0.0735788289082261,0.0,0.23077035894322365,0.08620859122418177,0.2666934875160704,lying
29,0.16055768988209662,0.13568000508199085,0.0,0.0,0.16109397802279307,0.3492863849250318,0.24239837649813928,0.29720118050608313,sitting
22,1.087852754184357,0.534161338151359,0.734124713501124,0.32878233922083566,1.4465174243219816,1.1314790592490838,0.6904021620856097,0.5832128290660357,walking
3,0.3055332865280927,0.21057823607799853,0.11740639826570828,0.10522451819315547,0.07729029408292447,0.27846870063222084,0.23742852915689533,0.3149398984828178,standing
5,0.3582731413607581,0.0,0.1556024762032665,0.05607688224479249,0.1831111164490157,0.3276924596505978,0.15889663619131636,0.20462007453448058,standing
20,0.16519755789815385,0.03340905324306717,0.026712603188131206,0.021241427620611632,0.13051085738277726,0.0,0.0,0.26185848053046745,lying
39,0.22229049792223265,0.16349945331110316,0.1970808038522773,0.22744506034292228,0.0,0.05684521521454064,0.21325121589077817,0.24781461025501372,sitting
13,0.17409693677715038,0.10636532894321399,0.08216173126219459,0.12934430667797459,0.0,0.1399877796877645,0.04828189541328158,0.21936249670316893,lying
28,0.27439502480461553,0.09279896558852757,0.1445118657194035,0.16387841313952145,0.22182279093246662,0.2945854151473389,0.07438572812376333,0.17111815121325305,sitting
26,1.4467288412047639,0.7723082442371914,0.5059736737758382,0.6004128734333092,1.589123156831251,1.0920690446265373,0.6374413973407227,0.4911591369420538,walking
14,1.1873677031707865,0.8084351550417485,0.8203864549223923,0.4075235489133231,1.6103257299770048,0.9704480136040441,0.6979454966741736,0.5693437251316404,walking
11,0.20756314773435025,0.2565640223827058,0.06818186378886373,0.11994577589784408,0.17632737555048658,0.6341331848859576,0.18819247188472038,0.27034664160881683,standing
38,0.12716350695966466,0.09818644882104785,0.1395085555883628,0.06880599022138688,0.2395049866808013,0.3808744206790149,0.0,0.26622299606418864,sitting
14,1.3485372051907134,0.8109974071642991,0.7829548333622355,0.38463109508476406,1.4410363444160041,0.9076606979627992,0.7623520184781207,0.5681005177619297,walking
13,0.13134692333067377,0.0,0.1138068918783961,0.17598036650165286,0.03346864223686283,0.18505188330541672,0.0,0.3142678603904043,lying
5,1.320943696282527,0.7408356088240226,1.0157930494924219,0.6597849440850776,1.877093998264747,1.0982062426169437,0.7093931481031939,0.6170161730108416,walking
5,0.0,0.07970868328103214,0.054249241716906774,0.20190372736930057,0.0,0.025951718865063728,0.06262596732240702,0.3599547230142362,lying
16,1.4809062355097977,0.7502216458835916,1.2207419970709752,0.5583646970154411,2.308813081470034,1.5499340114595803,0.7690220096860405,0.6462928971467502,stairs
9,0.0,0.1552966762154122,0.045153566166286505,0.0,0.0,0.11379244127062804,0.016303598873794643,0.24184376609293243,lying
14,0.1114250474135166,0.0,0.0,0.11867770738350186,0.0,0.13114540831841962,0.0,0.24648838577073284,lying
35,0.0884481549409829,0.0,0.04636236213692615,0.06328623451825358,0.0,0.0,0.05315659790069716,0.2596483895312365,lying
34,0.2281293602634041,0.1607311686187914,0.10524514809656133,0.0,0.007614092183573819,0.03678508040729908,0.20547220423503998,0.19519608127772775,sitting
35,0.3700168527978749,0.09285116194424886,0.020930378023168633,0.12089698109497862,0.0,0.6505560996614553,0.08381769866376344,0.3561648215353742,standing
23,0.0,0.0,0.006007910220338128,0.0,0.0,0.15039037447140813,0.0,0.2808790545913363,lying
23,0.07921229011341002,0.04151834743501339,0.04889743640718458,0.15318396987667413,0.20003954319695505,0.0,0.0,0.2938217903889467,lying
31,0.29158165869002484,0.11426971901497326,0.06709957819266571,0.016830662204305902,0.0,0.2441920212691893,0.140407832939351,0.2984042941105958,sitting
33,0.23916538714533717,0.12305061854048932,0.08212192380511005,0.06380348053913747,0.0,0.5462400090922446,0.11490430232879707,0.35656167569487185,standing
9,0.02681051049224504,0.0,0.022765628972653194,0.038817652577887066,0.08472820758100534,0.0528256125439809,0.0775451652306097,0.3921439597819908,lying
12,0.037730965463103144,0.0,0.05841924407592502,0.0002739873104334045,0.05367564291915715,0.2871905175854257,0.0,0.22469014178704427,sitting
8,0.08200213487701834,0.1403554127399208,0.1323528509478718,0.0,0.2749308604046643,0.29083689011123715,0.043603188115072786,0.3684895370444505,sitting
18,1.4843309020476014,0.9376349790834279,0.9485434801730206,0.749783204884896,1.9193870428308515,1.3924561106686033,0.7053038622568033,0.5936401431046485,stairs
32,1.1694737361062235,0.6744036742198536,0.9420904838374491,0.5229772369213224,1.3724780321127599,1.0160372976551553,0.5733391556436855,0.4611960261779834,walking
6,0.09795614511649109,0.15908321386911412,0.04944218757287425,0.0,0.0026567139664984696,0.3689086474513927,0.21941486640468344,0.26395290861226517,sitting
38,0.2783259471682785,0.1689945051413952,0.170219668593057,0.0,0.16945810649260556,0.34154728682615043,0.03293888161200802,0.29898919768508303,standing
37,1.0595359885118996,0.6731137460864978,0.8049424904160046,0.6571855872085399,1.9100381181783381,1.447981163571431,0.6812161816171193,0.48893027420890095,walking
14,1.4799116821588134,1.0511068196785036,0.9530519231835677,0.7375839423972204,1.9770412076845196,1.625641066465901,0.6913412891904402,0.6817688886099582,stairs
20,0.13182741051957103,0.0723353082301641,0.0711194409576173,0.07739128931002932,0.2299099261195387,0.15943732010392697,0.07366165798528426,0.26636352164008154,lying
30,0.03760425407035051,0.08780038665084158,0.0766751530395294,0.0,0.09717838242166682,0.2501182377648126,0.0,0.2098723816955286,sitting
3,0.2665334532735149,0.14889674449659332,0.10334008628479836,0.0,0.1411165488750751,0.39077283531180307,0.13583839988886104,0.32737929245941405,sitting
2,1.0120255570416326,0.7709492343938862,0.9120630724714693,0.6362809036935015,1.470043316913533,1.1026820558872066,0.5623357232087801,0.6576533986570419,walking
15,0.27749950459648653,0.0021984976683945556,0.10959650775916757,0.07666778064494277,0.11868860458832087,0.2164038398612714,0.14246350889923803,0.3227662658075925,sitting
33,1.0902438359387654,0.6176103537178994,0.8142406213538511,0.49218987571426737,1.8123543928977874,1.048588682632098,0.5026644149523684,0.571578449275308,walking
17,1.8791225966093803,0.9219691948596065,1.2324762109912644,0.6186437630121002,2.4705866555176517,1.2869471231785559,0.9176029822639867,0.6341296569556195,stairs
3,0.22441256526668701,0.10694317553415883,0.0235482855750392,0.05728163385682293,0.3229354909435516,0.3361752031779564,0.08724080179816368,0.29036734399608416,standing
34,0.318056574035499,0.13359683480740786,0.19292855923995902,0.21807537468141203,0.39765991412814194,0.26880093465998517,0.14280439373027706,0.4027746880910905,standing
6,0.9723512701222962,0.6033827759017358,0.6065612577321156,0.5912268510005051,1.885304672130752,1.123802133719854,0.5148279799720333,0.5254448871369379,walking
23,1.6574456141317855,0.9107079089226453,0.7752044598878141,0.7413499878535688,2.1852038628515214,1.3295162238020768,0.8690962389892962,0.5642856044882312,stairs
2,0.18667507136437952,0.2740106680937755,0.17744332652676204,0.02709961521270001,0.0,0.3299546229730345,0.16688746542594649,0.2830251850174102,standing
40,0.3250561175000752,0.0,0.13176263311561437,0.0,0.08299834745894544,0.4229042006631226,0.006967757347454195,0.272498593396003,standing
33,0.029285266761851343,0.2209675695929039,0.04623460972290757,0.05529237334187385,0.05809590874503261,0.3217116963013079,0.0,0.3201109873971209,lying
21,0.1854068704565268,0.0,0.037184622989760045,0.16439413655220284,0.047166959593411176,0.16425374645144866,0.07294261073395948,0.2950590694592252,sitting
8,0.17533709990570692,0.03672796595883903,0.10293268560316474,0.11421166630885679,0.00361600269322878,0.23331204439546707,0.0,0.22950551721712187,sitting
10,1.6514637170047697,0.7961317594234267,1.0782026863955383,0.6664938881490639,2.0954298306644863,1.5509891707406873,0.7818205105744049,0.629337454705623,stairs
12,1.6820445672077737,1.0221583469383917,1.5179381593239476,0.6418066546460036,2.1301722719157383,1.617116864494228,0.742505874802502,0.5898571187058664,stairs
3,0.28235784671784037,0.3064438640363414,0.04600779873862254,0.1299696867216707,0.20601169855893336,0.2863373201741657,0.06282873461101099,0.32104535064025935,standing
5,1.854447088155436,1.0252650104359582,1.123117711293081,0.6100598288586488,1.9899722842877559,1.245347097345669,0.9531009814976992,0.5023066074538746,stairs
39,1.426457722088827,1.0842127644085024,0.9136929435452725,0.5703838099429295,2.523666966138614,1.321331849975513,0.8664743177838404,0.5087890289860995,stairs
40,1.15641797958849,0.6655737552178579,0.7814300571071908,0.5356689089037451,1.5161947171313592,1.0943891961633065,0.5632544649335591,0.5244656125288816,walking
24,0.1360677184746273,0.24840739658654212,0.0015555377515521635,0.0,0.24117098363982584,0.0,0.0,0.32761892040306395,lying
26,1.664090591032629,0.7272913002405113,1.0012161156966162,0.5166651474104531,1.4965942091985558,1.1693275404309955,0.5913314167451406,0.544332095089436,walking
29,0.18972212995485083,0.0634453214955045,0.024980412752802265,0.0,0.2947222774721584,0.28899198065529974,0.0,0.21546736380515474,lying
3,0.14564046965652014,0.2424545909915869,0.17663663210156705,0.05553811807272353,0.0,0.43458060814246713,0.029732182452263292,0.4330522614842601,standing
11,1.3582812524619372,0.7458246657414865,1.02014947800135,0.7709028276143886,2.4398232092929137,1.2753638266158729,0.7932390472131867,0.603736747106375,stairs
28,0.08958430421208484,0.03659655939567993,0.04532265358793085,0.04650982990819154,0.28420503327262947,0.07345045613094593,0.0,0.28968885905916625,lying
33,1.140108288534729,0.7469771619535204,0.83587055393975,0.5164786052802912,1.7932788222030134,1.0253566931105726,0.5961417101626252,0.643764397144969,walking
38,0.12823134708636344,0.0,0.2049099172170998,0.21739399400928144,0.10039974306425953,0.5738309478160317,0.16582042428370047,0.27283264041740785,standing
5,0.16636962731081087,0.04937380305194374,0.030040762793653246,0.07828880384407587,0.14979038645535975,0.0,0.0,0.31746097719471694,lying
15,0.10334653110562719,0.08307364613926997,0.25294066912056057,0.020007491112402284,0.0,0.3125480168212379,0.12419421409180695,0.3231559084669213,sitting
34,0.25994009848417443,0.0844319426910623,0.07472860039294209,0.12182422855362579,0.0,0.17527297157490498,0.042736815671571914,0.1883431968031208,sitting
5,1.4625157318763233,0.9166052180675626,1.2606063855201477,0.5255743431219585,2.2890082212994254,1.558082155956404,0.8563105008124314,0.6108517639113819,stairs
16,0.3361830815085485,0.1575679627804504,0.06991313331592483,0.0,0.1978306919449043,0.0,0.11329168717339029,0.27886268175516626,sitting
33,1.40924157236428,0.9248786358734907,1.3264810225567136,0.6585876740771563,2.072896532760813,1.3838962909174186,0.9280603539399093,0.6260677221292279,stairs
16,0.0,0.05041752626421403,0.0,0.0,0.06035504651914041,0.24658934249452744,0.0,0.17434305710181058,lying
35,0.06401763311922982,0.2989114261798337,0.12193345189459208,0.0,0.030932750772741262,0.04096760510278685,0.05854357064527473,0.19881992446916402,sitting
